55	17	12:57:52:398:239:540	736.584
8	5	-4.399	26.299	11.5072	
8	15	-2.019	24.473	10.5937	
8	16	-0.031	19.672	11.1301	
8	17	-1.627	27.447	77.6406	
8	18	0.361	22.647	31.4623	
8	19	-1.236	30.422	209.015	
8	20	3.133	23.795	27.3446	
8	21	1.536	31.57	39.4073	
8	23	3.916	29.743	18.9021	
8	25	3.524	26.769	12.8864	
8	27	0.753	25.621	54.7774	
8	28	2.741	20.82	12.6276	
8	29	1.144	28.595	64.4241	
19	20	-5.996	34.074	9.08674	
19	22	-3.616	32.248	106.367	
19	24	-4.008	29.274	30.7259	
19	26	-6.779	28.125	8.68673	
60	5	12:57:52:407:773:610	71.1956
2	20	9.52	-7.305	19.8271	
2	22	11.9	-9.131	8.59614	
2	28	9.129	-10.279	16.7774	
4	2	15.064	-5.009	10.5086	
4	8	12.292	-6.157	15.4863	
124	8	12:57:52:536:313:710	194.138
1	2	-5.935	-5.27	69.8225	
1	4	-5.543	-2.296	9.33114	
1	6	-8.315	-3.444	36.6528	
1	8	-8.706	-6.418	10.5946	
1	10	-6.326	-8.245	28.1954	
1	11	-7.923	-0.47	7.63332	
1	12	-3.555	-7.097	20.5838	
6	21	-3.946	-10.071	11.3245	
126	5	12:57:52:538:129:160	97.1954
7	2	-15.064	5.009	23.7138	
7	6	-17.444	6.835	14.936	
7	8	-17.835	3.861	43.4195	
7	10	-15.455	2.035	7.37364	
7	14	-12.292	6.157	7.75244	
177	5	12:57:52:663:448:660	69.9003
5	2	-17.805	-15.811	24.7081	
5	4	-17.413	-12.837	12.7732	
5	6	-20.185	-13.985	8.05708	
5	8	-20.576	-16.959	12.9693	
5	12	-15.425	-17.638	11.3926	
207	8	12:57:52:797:868:440	131.097
7	2	-15.064	5.009	10.2537	
7	8	-17.835	3.861	21.8903	
9	15	-25.758	3.391	11.3738	
9	17	-25.367	6.366	20.0267	
9	18	-23.378	1.565	10.7423	
9	25	-20.215	5.687	17.6138	
9	27	-22.987	4.539	31.6477	
9	29	-22.595	7.514	7.54827	
215	12	12:57:52:895:462:390	376.609
16	2	8.676	26.091	7.76211	
16	3	7.079	33.866	69.4616	
16	4	9.067	29.065	30.6627	
16	5	7.471	36.84	127.828	
16	6	6.296	27.917	13.7391	
16	7	4.699	35.692	19.5823	
16	9	4.307	32.718	13.0734	
16	11	6.687	30.891	13.8781	
16	13	9.459	32.039	25.6541	
16	15	9.851	35.014	31.427	
16	16	11.839	30.213	14.3862	
16	18	12.231	33.187	9.15435	
221	5	12:57:52:967:864:120	102.96
6	22	0.031	-19.672	19.2693	
6	24	-0.361	-22.647	29.659	
11	9	2.019	-24.473	9.11123	
18	21	-0.753	-25.621	32.1772	
18	23	1.627	-27.447	12.7432	
230	17	12:57:53:068:962:610	882.106
2	20	9.52	-7.305	60.3482	
2	22	11.9	-9.131	42.2361	
2	24	11.509	-12.106	11.6484	
2	25	9.912	-4.331	144.11	
2	27	7.14	-5.479	13.2472	
2	29	7.532	-2.505	16.8043	
4	6	12.683	-3.183	11.5512	
4	8	12.292	-6.157	229.99	
4	10	14.672	-7.983	152.135	
4	12	17.444	-6.835	12.5436	
10	3	16.66	-12.784	17.304	
10	5	17.052	-9.81	65.7556	
10	7	14.28	-10.958	49.9352	
10	13	19.04	-14.61	12.5573	
10	15	19.432	-11.636	21.7896	
10	17	19.824	-8.662	9.43038	
10	18	21.812	-13.462	10.7192	
235	7	12:57:53:145:461:890	180.501
7	7	-19.04	14.61	14.2736	
7	9	-19.432	11.636	40.5787	
9	21	-22.204	10.488	22.7867	
15	12	-21.812	13.462	55.4029	
15	14	-21.421	16.437	27.0646	
15	16	-21.029	19.411	8.5249	
15	26	-18.649	17.585	11.8693	
253	10	12:57:53:330:227:620	194.755
10	14	21.029	-19.411	10.6704	
10	22	26.964	-14.14	54.9977	
10	24	26.572	-17.115	13.6002	
10	26	23.801	-18.263	21.9239	
10	28	24.192	-15.289	27.5512	
12	8	27.355	-11.166	17.8736	
22	17	23.017	-24.212	10.5978	
22	19	23.409	-21.237	20.4779	
22	21	26.181	-20.089	9.57749	
22	29	25.789	-23.063	7.48496	
264	4	12:57:53:498:288:360	71.3127
2	7	-0.783	-5.949	19.9577	
2	9	-1.175	-8.923	27.8377	
6	21	-3.946	-10.071	11.2215	
6	23	-1.566	-11.897	12.2956	
271	5	12:57:53:538:392:090	93.8804
10	17	19.824	-8.662	11.771	
10	19	20.215	-5.687	11.8152	
10	20	24.584	-12.314	8.48128	
10	27	22.204	-10.488	26.9057	
10	29	22.595	-7.514	34.9072	
277	17	12:57:53:610:623:270	426.421
3	22	14.641	11.689	28.2471	
4	19	17.021	9.863	63.8232	
4	21	19.793	11.011	35.7136	
4	23	22.173	9.184	67.7111	
4	25	21.782	6.21	8.21899	
4	29	19.401	8.036	31.1326	
12	19	32.085	4.854	14.0265	
12	21	34.857	6.002	7.99402	
13	2	26.933	5.532	14.4426	
13	4	27.325	8.506	32.6584	
13	6	24.553	7.358	50.894	
13	11	24.945	10.332	9.88186	
13	13	27.716	11.481	7.46606	
13	14	29.705	6.68	22.0227	
13	16	30.096	9.654	8.87842	
13	26	32.477	7.828	9.76057	
14	10	17.413	12.837	13.5489	
281	5	12:57:53:666:593:270	111.086
3	7	1.958	14.872	28.174	
3	9	1.566	11.897	12.4196	
8	12	-0.814	13.724	34.2755	
8	14	-0.422	16.698	18.0939	
8	26	2.349	17.846	18.1231	
283	5	12:57:53:702:279:590	102.223
13	2	26.933	5.532	12.4274	
13	3	25.336	13.307	9.33672	
13	6	24.553	7.358	25.6815	
13	11	24.945	10.332	42.5349	
13	13	27.716	11.481	12.2427	
286	5	12:57:53:758:905:350	56.5218
7	3	-16.66	12.784	10.1345	
7	5	-16.269	15.758	16.0872	
7	15	-13.889	13.932	12.6953	
15	24	-15.877	18.733	10.5281	
15	26	-18.649	17.585	7.07667	
291	4	12:57:53:789:796:130	62.5226
1	15	-4.76	3.653	15.8576	
1	18	-2.38	1.826	13.89	
1	20	0.392	2.974	18.1475	
1	22	2.772	1.148	14.6275	
294	4	12:57:53:812:617:080	65.3553
1	5	-7.14	5.479	8.06088	
7	16	-11.9	9.131	10.0426	
7	26	-9.52	7.305	19.3488	
7	28	-9.129	10.279	27.9029	
299	26	12:57:53:859:638:930	1274.16
4	12	17.444	-6.835	9.57436	
10	16	21.421	-16.437	11.7653	
10	17	19.824	-8.662	9.80353	
10	18	21.812	-13.462	22.0596	
10	19	20.215	-5.687	16.6908	
10	20	24.584	-12.314	9.34278	
10	21	22.987	-4.539	12.7896	
10	22	26.964	-14.14	23.4964	
10	23	25.367	-6.366	33.2609	
10	24	26.572	-17.115	9.24035	
10	25	24.975	-9.34	34.3312	
10	29	22.595	-7.514	19.7813	
12	2	30.127	-10.018	167.566	
12	3	28.53	-2.243	8.08055	
12	4	30.519	-7.044	46.0428	
12	6	27.747	-8.192	46.4589	
12	8	27.355	-11.166	82.8963	
12	10	29.735	-12.992	103.091	
12	11	28.139	-5.217	24.4883	
12	12	32.507	-11.844	381.891	
12	13	30.91	-4.069	20.7791	
12	14	32.899	-8.87	79.7218	
12	16	33.29	-5.896	22.0785	
12	24	38.442	-6.574	23.8024	
12	26	35.67	-7.722	44.8417	
12	28	36.062	-4.748	10.2903	
302	14	12:57:53:926:541:270	597.421
9	5	-28.139	5.217	38.8087	
9	15	-25.758	3.391	64.8729	
9	16	-23.77	-1.409	7.03587	
9	17	-25.367	6.366	128.028	
9	18	-23.378	1.565	36.9735	
9	19	-24.975	9.34	12.1026	
9	20	-20.607	2.713	13.6434	
9	24	-18.618	-2.088	14.2913	
9	27	-22.987	4.539	60.0944	
9	28	-20.998	-0.261	23.1561	
9	29	-22.595	7.514	20.288	
20	24	-27.747	8.192	128.085	
20	26	-30.519	7.044	21.289	
20	28	-30.127	10.018	28.7519	
303	9	12:57:53:932:003:610	131.785
7	19	-13.106	19.881	14.8481	
7	21	-10.334	21.029	15.9823	
7	23	-7.954	19.202	7.89631	
8	9	-7.562	22.177	19.0027	
15	16	-21.029	19.411	9.8484	
15	18	-20.637	22.385	8.9753	
15	20	-17.866	23.533	8.87812	
15	22	-15.486	21.707	20.6707	
15	28	-18.257	20.559	25.6831	
307	14	12:57:53:978:093:210	389.77
2	2	3.194	-15.55	52.8105	
2	6	0.814	-13.724	7.6148	
2	8	0.422	-16.698	46.4148	
2	10	2.802	-18.524	13.6756	
2	12	5.574	-17.376	45.2557	
2	14	5.965	-14.402	14.9046	
6	18	-5.121	-18.994	10.2761	
6	20	-2.349	-17.846	17.7217	
6	25	-1.958	-14.872	9.1231	
6	27	-4.73	-16.02	15.3863	
11	17	7.954	-19.202	12.7372	
11	19	8.346	-16.228	78.9865	
11	21	11.117	-15.08	40.5346	
11	29	10.726	-18.054	24.3283	
314	7	12:57:54:081:385:410	110.642
2	4	3.585	-12.576	8.45572	
2	14	5.965	-14.402	39.2819	
2	16	6.357	-11.428	15.3941	
2	24	11.509	-12.106	9.24381	
2	26	8.737	-13.254	23.3194	
2	28	9.129	-10.279	7.0807	
11	21	11.117	-15.08	7.86665	
315	5	12:57:54:097:186:420	75.9133
2	3	1.597	-7.775	17.3315	
2	4	3.585	-12.576	16.9451	
2	11	1.205	-10.749	18.7197	
2	13	3.977	-9.601	14.2916	
2	18	6.749	-8.453	8.6253	
316	14	12:57:54:113:110:990	599.814
3	21	10.664	21.29	59.2739	
3	23	13.044	19.464	46.0067	
14	3	16.208	23.586	49.5881	
14	5	16.599	26.561	23.3993	
14	6	15.425	17.638	8.77051	
14	7	13.828	25.413	23.1739	
14	9	13.436	22.438	238.382	
14	11	15.816	20.612	27.2877	
14	13	18.588	21.76	11.6449	
14	15	18.979	24.734	22.4283	
14	17	19.371	27.709	29.815	
14	27	21.751	25.882	26.2418	
14	29	22.143	28.857	9.54413	
16	12	11.056	24.264	24.2576	
318	6	12:57:54:126:072:820	101.494
4	18	18.618	2.088	21.6624	
4	20	21.39	3.236	14.8741	
4	23	22.173	9.184	8.10355	
4	25	21.782	6.21	16.0822	
13	6	24.553	7.358	33.5604	
13	8	24.162	4.384	7.21112	
321	22	12:57:54:173:425:970	618.789
9	3	-28.53	2.243	15.1509	
9	4	-26.542	-2.557	30.3937	
9	5	-28.139	5.217	14.8296	
9	7	-30.91	4.069	7.33389	
9	9	-31.302	1.095	18.7361	
9	11	-28.922	-0.731	11.589	
9	13	-26.15	0.417	101.421	
9	14	-24.162	-4.384	7.50026	
9	15	-25.758	3.391	89.5162	
9	16	-23.77	-1.409	42.8399	
9	17	-25.367	6.366	37.4439	
9	18	-23.378	1.565	56.928	
9	19	-24.975	9.34	18.7542	
9	20	-20.607	2.713	8.60682	
9	21	-22.204	10.488	11.1089	
9	25	-20.215	5.687	9.14257	
9	26	-21.39	-3.236	8.31142	
9	27	-22.987	4.539	51.0047	
9	29	-22.595	7.514	30.9575	
15	10	-24.584	12.314	12.0165	
20	22	-27.355	11.166	13.5478	
20	24	-27.747	8.192	21.6567	
322	4	12:57:54:189:441:030	66.6955
7	3	-16.66	12.784	28.1044	
7	7	-19.04	14.61	12.8192	
7	11	-17.052	9.81	9.34327	
7	13	-14.28	10.958	16.4287	
327	9	12:57:54:232:144:560	270.994
4	18	18.618	2.088	7.74946	
4	20	21.39	3.236	40.4588	
4	23	22.173	9.184	8.77617	
4	25	21.782	6.21	103.362	
4	27	19.01	5.062	11.8918	
4	29	19.401	8.036	13.9617	
13	6	24.553	7.358	19.9036	
13	8	24.162	4.384	53.6667	
13	10	26.542	2.558	11.2236	
329	4	12:57:54:285:038:480	51.3919
2	17	4.76	-3.653	10.8133	
2	19	5.152	-0.678	13.6051	
2	27	7.14	-5.479	12.3685	
2	29	7.532	-2.505	14.605	
331	11	12:57:54:296:949:750	163.817
1	10	-6.326	-8.245	7.49009	
1	12	-3.555	-7.097	10.9448	
2	3	1.597	-7.775	20.949	
2	4	3.585	-12.576	8.72523	
2	5	1.988	-4.801	7.39448	
2	7	-0.783	-5.949	8.2254	
2	9	-1.175	-8.923	25.9041	
2	11	1.205	-10.749	21.2229	
2	13	3.977	-9.601	11.7719	
6	21	-3.946	-10.071	29.0319	
6	23	-1.566	-11.897	12.1571	
334	7	12:57:54:336:900:950	122.566
11	14	9.159	-29.952	13.3167	
11	15	7.562	-22.177	7.08738	
11	16	9.551	-26.977	33.818	
11	18	9.942	-24.003	17.0997	
11	26	11.931	-28.804	17.6241	
11	27	10.334	-21.029	14.728	
11	28	12.322	-25.829	18.8917	
355	16	12:57:54:617:259:570	610.213
10	5	17.052	-9.81	14.7938	
10	7	14.28	-10.958	9.34251	
10	13	19.04	-14.61	10.1119	
10	15	19.432	-11.636	25.931	
10	17	19.824	-8.662	9.39646	
10	18	21.812	-13.462	22.0596	
10	20	24.584	-12.314	101.118	
10	22	26.964	-14.14	82.3832	
10	24	26.572	-17.115	8.68723	
10	27	22.204	-10.488	40.2536	
10	28	24.192	-15.289	14.1751	
10	29	22.595	-7.514	7.26108	
12	2	30.127	-10.018	10.0779	
12	8	27.355	-11.166	50.813	
12	10	29.735	-12.992	174.132	
12	12	32.507	-11.844	29.6764	
356	10	12:57:54:622:292:770	144.822
14	3	16.208	23.586	12.8798	
14	5	16.599	26.561	8.99974	
14	7	13.828	25.413	29.5599	
16	2	8.676	26.091	8.18743	
16	4	9.067	29.065	16.1709	
16	6	6.296	27.917	12.4255	
16	11	6.687	30.891	11.9774	
16	12	11.056	24.264	7.11	
16	14	11.448	27.239	29.3799	
16	16	11.839	30.213	8.13131	
360	15	12:57:54:664:479:590	293.505
1	7	-9.912	4.331	10.0777	
7	16	-11.9	9.131	12.0079	
7	20	-8.737	13.254	42.9717	
7	22	-6.357	11.428	7.51809	
7	23	-7.954	19.202	13.0742	
7	25	-8.346	16.228	18.5793	
7	26	-9.52	7.305	23.9864	
7	28	-9.129	10.279	36.9544	
7	29	-10.726	18.054	8.25472	
8	3	-4.791	23.325	16.0403	
8	5	-4.399	26.299	10.3067	
8	6	-5.574	17.376	28.4567	
8	8	-5.965	14.402	25.6249	
8	9	-7.562	22.177	14.7524	
8	11	-5.182	20.351	24.9	
368	11	12:57:54:742:791:550	278.114
3	3	4.338	13.045	8.78939	
3	4	6.326	8.245	69.442	
3	11	3.946	10.071	20.1087	
3	13	6.718	11.219	30.4783	
3	14	8.706	6.418	26.049	
3	15	7.11	14.193	8.82424	
3	16	9.098	9.393	49.2577	
3	18	9.49	12.367	16.0874	
3	20	12.261	13.515	10.2192	
3	22	14.641	11.689	16.5741	
3	28	11.87	10.541	22.2843	
369	12	12:57:54:743:936:300	289.688
5	2	-17.805	-15.811	11.2989	
5	3	-19.401	-8.036	49.3459	
5	4	-17.413	-12.837	12.0495	
5	6	-20.185	-13.985	37.4158	
5	8	-20.576	-16.959	21.1948	
5	11	-19.793	-11.011	41.5111	
5	13	-17.021	-9.863	32.84	
5	15	-16.63	-6.888	49.5465	
21	20	-23.348	-18.107	7.59981	
21	22	-20.968	-19.934	10.7751	
21	23	-22.565	-12.159	7.66175	
21	25	-22.956	-15.133	8.44837	
371	6	12:57:54:786:405:650	84.796
5	5	-19.01	-5.062	23.546	
5	7	-21.782	-6.21	9.44849	
5	15	-16.63	-6.888	8.94642	
5	17	-16.238	-3.914	15.1222	
5	25	-11.087	-4.592	16.9505	
5	29	-13.467	-2.766	10.7823	
372	16	12:57:54:798:697:050	313.837
3	5	4.73	16.02	19.8088	
3	7	1.958	14.872	13.3497	
3	17	7.501	17.168	7.18436	
8	14	-0.422	16.698	13.8208	
8	15	-2.019	24.473	18.3318	
8	16	-0.031	19.672	13.4942	
8	17	-1.627	27.447	16.5221	
8	18	0.361	22.647	37.4242	
8	19	-1.236	30.422	11.2885	
8	20	3.133	23.795	14.3132	
8	24	5.121	18.994	10.22	
8	25	3.524	26.769	10.4304	
8	26	2.349	17.846	44.1205	
8	27	0.753	25.621	41.7607	
8	28	2.741	20.82	29.765	
8	29	1.144	28.595	12.003	
383	4	12:57:54:977:707:770	36.4764
1	19	-3.977	9.601	7.78722	
1	21	-1.205	10.749	17.9776	
1	23	1.175	8.923	9.07775	
1	29	-1.597	7.775	10.7115	
396	12	12:57:55:193:139:230	230.087
9	5	-28.139	5.217	8.59687	
9	15	-25.758	3.391	17.6224	
9	16	-23.77	-1.409	7.72631	
9	17	-25.367	6.366	41.8139	
9	18	-23.378	1.565	20.985	
9	19	-24.975	9.34	22.5829	
9	20	-20.607	2.713	12.6552	
9	22	-18.227	0.887	8.89368	
9	27	-22.987	4.539	47.7433	
9	28	-20.998	-0.261	14.1653	
20	24	-27.747	8.192	18.568	
20	26	-30.519	7.044	8.73395	
397	4	12:57:55:196:506:490	41.6859
21	3	-31.271	-18.577	7.14906	
21	13	-28.891	-20.404	17.1906	
21	15	-28.5	-17.429	8.23584	
21	18	-26.119	-19.255	9.11041	
403	6	12:57:55:256:346:370	106.112
9	3	-28.53	2.243	16.1632	
9	5	-28.139	5.217	14.5226	
9	9	-31.302	1.095	9.57699	
9	13	-26.15	0.417	7.4901	
9	15	-25.758	3.391	45.2496	
9	17	-25.367	6.366	13.1101	
405	5	12:57:55:269:628:990	81.8855
4	10	14.672	-7.983	8.41358	
4	12	17.444	-6.835	25.8447	
4	14	17.835	-3.861	19.283	
4	24	23.378	-1.565	13.1329	
4	26	20.607	-2.713	15.2113	
410	21	12:57:55:358:220:270	424.97
4	4	15.455	-2.035	8.90641	
4	10	14.672	-7.983	20.2674	
4	12	17.444	-6.835	52.3863	
4	14	17.835	-3.861	44.4808	
4	16	18.227	-0.887	42.001	
4	18	18.618	2.088	18.815	
4	20	21.39	3.236	18.7515	
4	23	22.173	9.184	13.0361	
4	25	21.782	6.21	16.8294	
4	26	20.607	-2.713	21.7784	
4	27	19.01	5.062	17.9506	
4	28	20.998	0.261	15.0029	
4	29	19.401	8.036	8.50273	
10	3	16.66	-12.784	22.291	
10	5	17.052	-9.81	39.2076	
10	7	14.28	-10.958	13.379	
10	9	13.889	-13.932	10.0875	
10	15	19.432	-11.636	8.17305	
10	17	19.824	-8.662	14.824	
10	19	20.215	-5.687	8.33729	
10	29	22.595	-7.514	9.96214	
414	20	12:57:55:417:276:860	1082.74
8	3	-4.791	23.325	26.5066	
8	5	-4.399	26.299	15.343	
8	6	-5.574	17.376	16.3392	
8	11	-5.182	20.351	18.1896	
8	13	-2.411	21.499	334.666	
8	15	-2.019	24.473	129.554	
8	16	-0.031	19.672	50.1851	
8	17	-1.627	27.447	30.9048	
8	18	0.361	22.647	143.395	
8	19	-1.236	30.422	16.9653	
8	20	3.133	23.795	28.5959	
8	21	1.536	31.57	17.2626	
8	23	3.916	29.743	35.3864	
8	25	3.524	26.769	27.1068	
8	26	2.349	17.846	12.3525	
8	27	0.753	25.621	92.5459	
8	28	2.741	20.82	22.5493	
8	29	1.144	28.595	46.5421	
16	6	6.296	27.917	9.54989	
16	9	4.307	32.718	8.79611	
415	17	12:57:55:431:646:170	368.75
4	19	17.021	9.863	11.8591	
4	21	19.793	11.011	18.2729	
4	23	22.173	9.184	54.1304	
4	29	19.401	8.036	23.9201	
13	3	25.336	13.307	16.6998	
13	4	27.325	8.506	9.79158	
13	5	25.728	16.281	14.9041	
13	6	24.553	7.358	29.8461	
13	8	24.162	4.384	11.016	
13	9	22.565	12.159	28.4389	
13	11	24.945	10.332	53.9791	
13	13	27.716	11.481	17.2603	
13	15	28.108	14.455	19.4311	
13	16	30.096	9.654	12.3332	
13	18	30.488	12.629	20.9777	
13	27	30.88	15.603	13.6206	
14	26	23.348	18.107	12.2689	
417	10	12:57:55:445:077:420	195.776
1	8	-8.706	-6.418	14.1914	
5	18	-14.25	-8.715	7.30719	
5	20	-11.478	-7.567	12.953	
5	22	-9.098	-9.393	53.3481	
5	24	-9.49	-12.367	17.2996	
5	26	-12.261	-13.515	12.5093	
5	28	-11.87	-10.541	29.3936	
6	5	-9.881	-15.341	18.8719	
6	7	-12.653	-16.49	18.931	
6	19	-6.718	-11.219	10.9706	
420	6	12:57:55:463:691:240	126.029
13	2	26.933	5.532	20.0685	
13	4	27.325	8.506	28.9	
13	6	24.553	7.358	9.28587	
13	9	22.565	12.159	24.6136	
13	11	24.945	10.332	29.8799	
13	14	29.705	6.68	13.2809	
427	6	12:57:55:514:585:390	124.363
8	18	0.361	22.647	38.5259	
8	20	3.133	23.795	34.3334	
8	22	5.513	21.968	8.90431	
8	25	3.524	26.769	10.3697	
8	27	0.753	25.621	8.00544	
8	28	2.741	20.82	24.2244	
430	8	12:57:55:549:088:550	131.882
15	2	-24.192	15.289	11.3111	
15	12	-21.812	13.462	20.8026	
15	14	-21.421	16.437	23.0211	
15	15	-23.017	24.212	16.6651	
15	16	-21.029	19.411	17.3223	
15	18	-20.637	22.385	16.6338	
15	27	-20.246	25.36	14.2146	
15	28	-18.257	20.559	11.9115	
433	9	12:57:55:574:118:010	146.818
7	4	-14.672	7.983	8.55955	
7	6	-17.444	6.835	15.609	
9	3	-28.53	2.243	8.35914	
9	15	-25.758	3.391	18.0788	
9	18	-23.378	1.565	14.5833	
9	20	-20.607	2.713	12.1771	
9	25	-20.215	5.687	25.222	
9	27	-22.987	4.539	36.872	
9	29	-22.595	7.514	7.35718	
436	4	12:57:55:594:977:450	72.7508
15	4	-23.801	18.263	36.9669	
15	11	-26.181	20.089	7.14817	
15	14	-21.421	16.437	11.1577	
15	16	-21.029	19.411	17.478	
440	16	12:57:55:654:649:430	394.663
1	2	-5.935	-5.27	28.6517	
1	4	-5.543	-2.296	25.7313	
1	6	-8.315	-3.444	100.483	
1	8	-8.706	-6.418	29.8292	
1	9	-10.303	1.356	9.21072	
1	10	-6.326	-8.245	10.6325	
1	11	-7.923	-0.47	48.6762	
1	12	-3.555	-7.097	8.6406	
1	14	-3.163	-4.122	9.43934	
5	20	-11.478	-7.567	18.4416	
5	21	-13.075	0.208	12.9604	
5	22	-9.098	-9.393	36.4871	
5	23	-10.695	-1.618	15.9697	
5	24	-9.49	-12.367	17.2996	
5	25	-11.087	-4.592	12.6135	
5	27	-13.858	-5.74	9.59688	
446	10	12:57:55:776:634:860	296.855
12	19	32.085	4.854	7.18788	
12	21	34.857	6.002	74.1514	
12	23	37.237	4.175	78.1605	
13	6	24.553	7.358	9.99872	
13	9	22.565	12.159	14.1035	
13	11	24.945	10.332	19.3341	
13	13	27.716	11.481	9.83433	
13	14	29.705	6.68	11.936	
13	16	30.096	9.654	19.1685	
13	26	32.477	7.828	52.9804	
448	4	12:57:55:803:641:400	60.0669
11	18	9.942	-24.003	20.5197	
11	20	12.714	-22.855	21.06	
11	27	10.334	-21.029	8.55939	
11	28	12.322	-25.829	9.9278	
455	4	12:57:55:966:297:300	60.2214
2	25	9.912	-4.331	13.011	
4	2	15.064	-5.009	18.6366	
4	6	12.683	-3.183	7.66819	
4	8	12.292	-6.157	20.9056	
462	5	12:57:56:114:238:670	94.7787
6	24	-0.361	-22.647	19.7131	
11	3	4.791	-23.325	12.4492	
11	7	2.411	-21.499	14.7104	
11	9	2.019	-24.473	34.2457	
11	11	4.399	-26.299	13.6604	
468	23	12:57:56:141:433:160	916.111
5	5	-19.01	-5.062	50.4398	
5	7	-21.782	-6.21	11.3072	
5	15	-16.63	-6.888	46.2864	
5	16	-14.641	-11.689	9.12245	
5	17	-16.238	-3.914	68.0304	
5	18	-14.25	-8.715	21.9216	
5	19	-15.847	-0.94	10.8993	
5	20	-11.478	-7.567	19.3564	
5	22	-9.098	-9.393	13.8247	
5	27	-13.858	-5.74	42.153	
5	29	-13.467	-2.766	8.73549	
9	3	-28.53	2.243	18.3509	
9	5	-28.139	5.217	12.3119	
9	13	-26.15	0.417	25.2791	
9	15	-25.758	3.391	50.8663	
9	16	-23.77	-1.409	37.1849	
9	17	-25.367	6.366	7.10523	
9	18	-23.378	1.565	102.059	
9	22	-18.227	0.887	8.27056	
9	24	-18.618	-2.088	119.375	
9	26	-21.39	-3.236	42.4427	
9	27	-22.987	4.539	9.8748	
9	28	-20.998	-0.261	180.913	
473	10	12:57:56:175:949:320	237.209
6	3	-10.273	-18.316	16.6431	
6	4	-8.284	-23.116	19.2197	
6	5	-9.881	-15.341	10.4182	
6	6	-11.056	-24.264	12.1163	
6	11	-10.664	-21.29	17.5993	
6	13	-7.893	-20.142	42.7036	
6	14	-5.904	-24.943	24.3746	
6	15	-7.501	-17.168	15.119	
6	16	-5.513	-21.968	70.2009	
6	18	-5.121	-18.994	8.81392	
489	10	12:57:56:370:321:670	170.297
2	2	3.194	-15.55	17.2834	
2	3	1.597	-7.775	14.0099	
2	4	3.585	-12.576	17.9895	
2	5	1.988	-4.801	10.2759	
2	6	0.814	-13.724	13.3259	
2	7	-0.783	-5.949	11.0628	
2	8	0.422	-16.698	32.6329	
2	10	2.802	-18.524	12.3278	
2	11	1.205	-10.749	20.1501	
11	7	2.411	-21.499	21.2386	
495	44	12:57:56:424:268:410	1129.32
5	5	-19.01	-5.062	35.478	
5	13	-17.021	-9.863	9.59659	
5	15	-16.63	-6.888	73.9217	
5	16	-14.641	-11.689	21.0773	
5	17	-16.238	-3.914	85.3018	
5	18	-14.25	-8.715	40.2633	
5	19	-15.847	-0.94	26.1513	
5	24	-9.49	-12.367	10.9279	
5	26	-12.261	-13.515	19.3877	
5	27	-13.858	-5.74	34.4888	
5	28	-11.87	-10.541	18.9769	
5	29	-13.467	-2.766	9.57615	
6	3	-10.273	-18.316	39.4099	
6	4	-8.284	-23.116	14.5957	
6	5	-9.881	-15.341	43.3564	
6	7	-12.653	-16.49	13.6001	
6	9	-13.044	-19.464	15.3082	
6	11	-10.664	-21.29	11.3076	
6	13	-7.893	-20.142	37.3068	
6	14	-5.904	-24.943	24.3746	
6	15	-7.501	-17.168	32.1539	
6	16	-5.513	-21.968	24.128	
6	17	-7.11	-14.193	7.00017	
6	26	-3.133	-23.795	7.4588	
9	15	-25.758	3.391	7.54745	
9	16	-23.77	-1.409	8.15372	
9	17	-25.367	6.366	21.5358	
9	18	-23.378	1.565	24.139	
9	19	-24.975	9.34	35.9509	
9	20	-20.607	2.713	58.2395	
9	22	-18.227	0.887	18.0706	
9	24	-18.618	-2.088	32.0668	
9	25	-20.215	5.687	19.372	
9	27	-22.987	4.539	76.5222	
9	28	-20.998	-0.261	32.3733	
9	29	-22.595	7.514	39.9071	
15	8	-26.964	14.14	7.09458	
15	10	-24.584	12.314	17.9656	
18	17	-3.916	-29.743	10.2105	
18	19	-3.524	-26.769	21.793	
18	27	-1.536	-31.57	10.0103	
18	29	-1.144	-28.595	17.7347	
20	22	-27.355	11.166	7.45963	
20	24	-27.747	8.192	8.02363	
500	4	12:57:56:508:125:360	56.0357
9	21	-22.204	10.488	24.8613	
9	23	-19.824	8.662	11.6815	
9	29	-22.595	7.514	10.5421	
15	12	-21.812	13.462	8.9508	
504	5	12:57:56:575:611:320	155.885
4	2	15.064	-5.009	20.235	
4	10	14.672	-7.983	67.6826	
10	3	16.66	-12.784	23.8975	
10	5	17.052	-9.81	27.7283	
10	7	14.28	-10.958	16.3413	
507	6	12:57:56:631:583:130	99.9196
6	6	-11.056	-24.264	15.0624	
6	8	-11.448	-27.239	17.5426	
17	14	-13.828	-25.413	31.9875	
17	17	-18.979	-24.734	7.71383	
17	20	-14.219	-28.387	9.58962	
17	27	-16.599	-26.561	18.0236	
509	8	12:57:56:662:246:240	199.677
7	6	-17.444	6.835	15.0001	
7	8	-17.835	3.861	13.3245	
9	18	-23.378	1.565	9.55566	
9	20	-20.607	2.713	62.3835	
9	23	-19.824	8.662	7.4144	
9	25	-20.215	5.687	65.2447	
9	27	-22.987	4.539	18.6323	
9	29	-22.595	7.514	8.12156	
511	10	12:57:56:676:945:150	387.276
5	16	-14.641	-11.689	7.72465	
5	26	-12.261	-13.515	35.1676	
5	28	-11.87	-10.541	7.70077	
6	3	-10.273	-18.316	108.964	
6	5	-9.881	-15.341	39.3926	
6	6	-11.056	-24.264	9.12875	
6	7	-12.653	-16.49	43.1508	
6	9	-13.044	-19.464	64.2944	
6	11	-10.664	-21.29	54.9098	
6	13	-7.893	-20.142	16.8424	
514	20	12:57:56:718:436:850	571.894
10	3	16.66	-12.784	19.8142	
10	5	17.052	-9.81	15.3112	
10	6	15.877	-18.733	34.1345	
10	7	14.28	-10.958	28.5158	
10	8	15.486	-21.707	41.6973	
10	9	13.889	-13.932	32.8584	
10	10	17.866	-23.533	11.4526	
10	11	16.269	-15.758	37.6966	
11	14	9.159	-29.952	7.77498	
11	16	9.551	-26.977	7.08761	
11	18	9.942	-24.003	8.6814	
11	20	12.714	-22.855	59.7533	
11	22	15.094	-24.681	40.9616	
11	23	13.497	-16.906	53.1978	
11	24	14.703	-27.656	22.4159	
11	25	13.106	-19.881	55.0342	
11	26	11.931	-28.804	36.7263	
11	27	10.334	-21.029	13.998	
11	28	12.322	-25.829	36.9802	
11	29	10.726	-18.054	7.80176	
529	5	12:57:56:881:643:280	71.7922
4	15	16.238	3.914	7.12221	
4	17	16.63	6.888	9.27349	
4	25	21.782	6.21	22.3798	
4	27	19.01	5.062	21.2055	
4	29	19.401	8.036	11.8112	
530	4	12:57:56:911:042:660	56.4972
3	24	14.25	8.715	25.919	
3	28	11.87	10.541	10.9807	
4	17	16.63	6.888	10.455	
4	19	17.021	9.863	9.14247	
543	10	12:57:57:178:592:800	238.32
8	13	-2.411	21.499	8.49156	
8	15	-2.019	24.473	26.8989	
8	18	0.361	22.647	72.9367	
8	20	3.133	23.795	44.3129	
8	23	3.916	29.743	10.295	
8	25	3.524	26.769	20.7091	
8	27	0.753	25.621	20.0766	
8	28	2.741	20.82	7.5379	
8	29	1.144	28.595	8.75726	
16	8	5.904	24.943	18.3041	
546	12	12:57:57:215:332:850	321.461
4	24	23.378	-1.565	33.1924	
4	26	20.607	-2.713	7.23912	
4	28	20.998	0.261	7.56934	
10	19	20.215	-5.687	7.91474	
10	20	24.584	-12.314	15.9377	
10	21	22.987	-4.539	32.859	
10	23	25.367	-6.366	60.5661	
10	25	24.975	-9.34	57.7199	
10	27	22.204	-10.488	15.6275	
10	29	22.595	-7.514	44.6628	
12	7	26.15	-0.417	10.7872	
12	9	25.758	-3.391	27.3849	
547	5	12:57:57:217:218:970	75.5789
2	12	5.574	-17.376	21.7898	
2	14	5.965	-14.402	7.77131	
11	17	7.954	-19.202	20.4138	
11	27	10.334	-21.029	9.1434	
11	29	10.726	-18.054	16.4606	
554	7	12:57:57:332:453:760	123.721
13	3	25.336	13.307	24.2907	
13	5	25.728	16.281	20.2591	
13	7	22.956	15.133	18.7612	
13	9	22.565	12.159	22.2952	
13	15	28.108	14.455	11.7934	
14	10	17.413	12.837	12.2152	
14	12	20.185	13.985	14.1059	
560	12	12:57:57:361:665:300	314.605
1	3	-7.532	2.505	7.95544	
1	5	-7.14	5.479	39.7234	
1	17	-4.369	6.627	9.64057	
1	19	-3.977	9.601	9.83301	
7	18	-11.509	12.106	16.2388	
7	20	-8.737	13.254	42.0805	
7	22	-6.357	11.428	21.2135	
7	24	-6.749	8.453	47.5703	
7	25	-8.346	16.228	9.23794	
7	26	-9.52	7.305	27.8869	
7	27	-11.117	15.08	15.9518	
7	28	-9.129	10.279	67.2733	
575	8	12:57:57:539:428:290	325.25
1	17	-4.369	6.627	9.2987	
1	25	0.783	5.949	116.433	
1	27	-1.988	4.801	9.20869	
1	29	-1.597	7.775	32.4858	
3	2	5.935	5.27	42.7492	
3	6	3.555	7.097	13.4498	
3	8	3.163	4.122	91.7363	
3	10	5.543	2.296	9.88875	
579	5	12:57:57:578:469:390	51.8929
13	4	27.325	8.506	14.3016	
13	6	24.553	7.358	11.3869	
13	13	27.716	11.481	7.74704	
13	14	29.705	6.68	7.31289	
13	16	30.096	9.654	11.1445	
580	4	12:57:57:579:532:110	68.8428
1	19	-3.977	9.601	8.9751	
7	22	-6.357	11.428	27.6621	
7	24	-6.749	8.453	8.65827	
7	28	-9.129	10.279	23.5473	
587	32	12:57:57:733:843:320	799.953
7	3	-16.66	12.784	33.6406	
7	4	-14.672	7.983	11.5486	
7	6	-17.444	6.835	25.4809	
7	9	-19.432	11.636	17.0558	
7	11	-17.052	9.81	32.1787	
7	13	-14.28	10.958	41.186	
7	15	-13.889	13.932	27.4832	
7	16	-11.9	9.131	10.6089	
7	17	-13.497	16.906	11.3496	
7	18	-11.509	12.106	20.9996	
7	20	-8.737	13.254	22.1542	
7	23	-7.954	19.202	21.5854	
7	25	-8.346	16.228	91.8278	
7	27	-11.117	15.08	54.2685	
7	29	-10.726	18.054	21.1527	
8	2	-3.194	15.55	7.20071	
8	3	-4.791	23.325	10.8813	
8	6	-5.574	17.376	42.7978	
8	8	-5.965	14.402	11.8701	
8	11	-5.182	20.351	32.8531	
8	13	-2.411	21.499	46.8151	
8	15	-2.019	24.473	8.19864	
8	18	0.361	22.647	14.1272	
9	3	-28.53	2.243	8.75097	
9	13	-26.15	0.417	19.6615	
9	15	-25.758	3.391	13.2344	
9	17	-25.367	6.366	8.64574	
9	18	-23.378	1.565	11.9914	
9	21	-22.204	10.488	13.4512	
9	23	-19.824	8.662	37.4957	
9	25	-20.215	5.687	31.1359	
9	27	-22.987	4.539	38.3215	
588	7	12:57:57:768:417:760	131.488
7	17	-13.497	16.906	9.58342	
7	19	-13.106	19.881	11.6386	
7	20	-8.737	13.254	10.1414	
7	21	-10.334	21.029	13.2232	
7	25	-8.346	16.228	19.7168	
7	27	-11.117	15.08	22.2999	
7	29	-10.726	18.054	44.885	
598	9	12:57:57:889:749:840	160.609
4	24	23.378	-1.565	16.7334	
4	26	20.607	-2.713	13.1648	
4	28	20.998	0.261	14.2222	
10	17	19.824	-8.662	8.20918	
10	19	20.215	-5.687	19.7787	
10	21	22.987	-4.539	39.2038	
10	23	25.367	-6.366	9.17766	
10	25	24.975	-9.34	9.43868	
10	29	22.595	-7.514	30.6808	
633	10	12:57:58:379:915:850	213.923
10	12	20.637	-22.385	8.11455	
10	14	21.029	-19.411	25.4224	
10	16	21.421	-16.437	19.21	
10	18	21.812	-13.462	9.19017	
10	20	24.584	-12.314	14.5118	
10	24	26.572	-17.115	10.0863	
10	25	24.975	-9.34	7.8709	
10	26	23.801	-18.263	47.3557	
10	28	24.192	-15.289	42.8213	
22	19	23.409	-21.237	29.3397	
637	24	12:57:58:433:382:570	533.138
2	9	-1.175	-8.923	11.0017	
5	2	-17.805	-15.811	8.53486	
5	3	-19.401	-8.036	7.86041	
5	4	-17.413	-12.837	28.5136	
5	6	-20.185	-13.985	12.3983	
5	9	-22.173	-9.184	13.7002	
5	11	-19.793	-11.011	32.5453	
5	13	-17.021	-9.863	15.6173	
5	14	-15.033	-14.663	17.4835	
5	16	-14.641	-11.689	33.2528	
5	18	-14.25	-8.715	8.04529	
5	22	-9.098	-9.393	16.1995	
5	24	-9.49	-12.367	20.0059	
5	26	-12.261	-13.515	13.858	
5	28	-11.87	-10.541	40.429	
6	17	-7.11	-14.193	9.78577	
6	19	-6.718	-11.219	12.8083	
6	21	-3.946	-10.071	18.531	
21	5	-30.88	-15.603	11.5986	
21	17	-28.108	-14.455	22.5629	
21	19	-27.716	-11.481	60.6497	
21	21	-24.945	-10.332	42.3595	
21	23	-22.565	-12.159	50.0567	
21	29	-25.336	-13.307	25.3405	
639	7	12:57:58:451:312:460	105.544
2	2	3.194	-15.55	19.5018	
2	3	1.597	-7.775	10.6554	
2	4	3.585	-12.576	15.0586	
2	6	0.814	-13.724	16.441	
2	8	0.422	-16.698	9.32626	
2	9	-1.175	-8.923	8.36799	
2	11	1.205	-10.749	26.1933	
644	10	12:57:58:517:074:050	204.786
11	2	6.388	-31.1	8.15808	
11	8	3.616	-32.248	14.1697	
11	10	5.996	-34.074	29.533	
11	12	8.768	-32.926	21.2906	
18	16	-2.319	-37.518	7.76532	
18	22	3.224	-35.222	31.1964	
18	24	2.833	-38.197	52.8471	
18	25	1.236	-30.422	9.10694	
18	26	0.061	-39.345	9.3719	
18	28	0.453	-36.37	21.3468	
645	4	12:57:58:527:890:050	92.1361
14	3	16.208	23.586	11.4753	
14	7	13.828	25.413	26.6961	
14	9	13.436	22.438	39.1599	
14	11	15.816	20.612	14.8048	
648	5	12:57:58:557:138:290	74.7747
9	5	-28.139	5.217	7.46085	
9	17	-25.367	6.366	16.757	
9	23	-19.824	8.662	17.3104	
9	27	-22.987	4.539	7.06637	
9	29	-22.595	7.514	26.1801	
661	7	12:57:58:836:205:580	152.481
11	3	4.791	-23.325	11.7146	
11	9	2.019	-24.473	11.4003	
11	11	4.399	-26.299	41.5055	
11	13	7.171	-25.151	18.6757	
11	15	7.562	-22.177	12.1456	
11	16	9.551	-26.977	8.41834	
18	23	1.627	-27.447	48.6212	
668	5	12:57:58:939:501:670	82.6261
6	13	-7.893	-20.142	10.7936	
6	14	-5.904	-24.943	9.82509	
6	16	-5.513	-21.968	36.9962	
6	18	-5.121	-18.994	8.81392	
6	26	-3.133	-23.795	16.1973	
670	10	12:57:58:963:723:570	283.223
5	14	-15.033	-14.663	31.9829	
5	16	-14.641	-11.689	7.65109	
5	26	-12.261	-13.515	24.8162	
6	3	-10.273	-18.316	14.2387	
6	5	-9.881	-15.341	69.1387	
6	7	-12.653	-16.49	55.1139	
6	9	-13.044	-19.464	19.2446	
6	15	-7.501	-17.168	28.3637	
6	17	-7.11	-14.193	23.0626	
6	19	-6.718	-11.219	9.61079	
682	4	12:57:59:176:452:350	61.7255
11	3	4.791	-23.325	18.4418	
11	5	5.182	-20.351	18.3242	
11	7	2.411	-21.499	15.4938	
11	11	4.399	-26.299	9.46568	
691	19	12:57:59:321:240:510	533.557
2	2	3.194	-15.55	30.3619	
2	4	3.585	-12.576	67.9153	
2	6	0.814	-13.724	58.4263	
2	8	0.422	-16.698	21.9176	
2	11	1.205	-10.749	17.3967	
2	14	5.965	-14.402	22.4959	
2	16	6.357	-11.428	69.7661	
2	20	9.52	-7.305	23.7276	
2	22	11.9	-9.131	37.5319	
2	24	11.509	-12.106	11.3674	
2	26	8.737	-13.254	20.8412	
2	28	9.129	-10.279	60.3778	
4	8	12.292	-6.157	9.45685	
4	10	14.672	-7.983	13.2	
4	12	17.444	-6.835	15.2402	
6	23	-1.566	-11.897	7.10029	
6	25	-1.958	-14.872	28.5354	
6	27	-4.73	-16.02	7.40553	
10	5	17.052	-9.81	10.4931	
698	4	12:57:59:352:890:460	62.8994
6	14	-5.904	-24.943	9.49062	
6	18	-5.121	-18.994	13.2412	
6	26	-3.133	-23.795	18.1717	
6	28	-2.741	-20.82	21.9959	
716	4	12:57:59:692:485:400	71.3357
1	16	-2.772	-1.148	26.7143	
1	20	0.392	2.974	10.9634	
1	22	2.772	1.148	7.89473	
1	28	0	0	25.7632	
723	4	12:57:59:760:314:460	58.491
4	20	21.39	3.236	17.0035	
4	22	23.77	1.409	22.9882	
4	25	21.782	6.21	8.85943	
4	28	20.998	0.261	9.63988	
729	4	12:57:59:869:679:580	60.7479
10	23	25.367	-6.366	20.7636	
10	25	24.975	-9.34	19.9972	
12	8	27.355	-11.166	9.82703	
12	11	28.139	-5.217	10.1601	
731	10	12:57:59:876:032:790	216.526
2	22	11.9	-9.131	63.6926	
2	23	10.303	-1.356	9.6978	
2	24	11.509	-12.106	7.65113	
2	25	9.912	-4.331	7.00335	
4	2	15.064	-5.009	9.59039	
4	6	12.683	-3.183	25.4519	
4	8	12.292	-6.157	22.8436	
4	10	14.672	-7.983	24.1189	
4	11	13.075	-0.208	13.7934	
10	7	14.28	-10.958	32.6825	
737	7	12:57:59:946:162:100	194.078
7	3	-16.66	12.784	60.5651	
7	5	-16.269	15.758	24.1139	
7	13	-14.28	10.958	9.50445	
7	15	-13.889	13.932	45.5147	
7	17	-13.497	16.906	10.5974	
7	27	-11.117	15.08	29.8526	
7	29	-10.726	18.054	13.9298	
738	13	12:57:59:960:399:000	289.624
2	23	10.303	-1.356	8.25277	
3	2	5.935	5.27	10.3484	
3	4	6.326	8.245	33.7341	
3	10	5.543	2.296	9.2707	
3	12	8.315	3.444	23.9267	
3	14	8.706	6.418	41.7214	
4	3	13.467	2.766	12.3048	
4	4	15.455	-2.035	21.0941	
4	7	11.087	4.592	26.9831	
4	9	10.695	1.618	47.9594	
4	11	13.075	-0.208	36.4086	
4	13	15.847	0.94	8.49098	
4	14	17.835	-3.861	9.12865	
741	9	12:57:59:987:912:350	157.984
6	2	-8.676	-26.091	39.9137	
6	3	-10.273	-18.316	11.6088	
6	4	-8.284	-23.116	27.181	
6	10	-9.067	-29.065	12.1687	
6	11	-10.664	-21.29	7.03972	
6	12	-6.296	-27.917	15.6281	
6	13	-7.893	-20.142	18.6534	
6	14	-5.904	-24.943	13.4207	
6	16	-5.513	-21.968	12.3704	
745	6	12:58:00:011:199:370	94.0486
8	3	-4.791	23.325	17.1077	
8	5	-4.399	26.299	12.2685	
8	6	-5.574	17.376	16.0814	
8	11	-5.182	20.351	27.2301	
8	13	-2.411	21.499	9.69239	
8	15	-2.019	24.473	11.6685	
749	5	12:58:00:038:332:430	98.9226
10	8	15.486	-21.707	27.328	
10	10	17.866	-23.533	19.0988	
11	20	12.714	-22.855	13.3499	
11	25	13.106	-19.881	19.5646	
11	29	10.726	-18.054	19.5813	
757	7	12:58:00:128:010:380	92.7438
13	7	22.956	15.133	11.0191	
14	2	17.805	15.811	17.2837	
14	4	18.196	18.786	8.11467	
14	8	15.033	14.663	14.3115	
14	12	20.185	13.985	10.3487	
14	13	18.588	21.76	15.18	
14	14	20.576	16.959	16.4861	
760	7	12:58:00:172:101:480	121.787
15	22	-15.486	21.707	30.8987	
15	25	-17.474	26.508	8.40598	
19	2	-12.322	25.829	16.7927	
19	4	-11.931	28.804	7.96899	
19	6	-14.703	27.656	11.9874	
19	8	-15.094	24.681	31.1687	
19	10	-12.714	22.855	14.5641	
770	9	12:58:00:358:060:410	201.827
1	3	-7.532	2.505	34.0893	
1	9	-10.303	1.356	14.0117	
1	11	-7.923	-0.47	8.92397	
1	13	-5.152	0.678	16.5168	
1	15	-4.76	3.653	49.6992	
1	25	0.783	5.949	7.26437	
1	27	-1.988	4.801	50.6478	
5	21	-13.075	0.208	8.61691	
5	23	-10.695	-1.618	12.0573	
784	8	12:58:00:476:334:810	137.632
9	5	-28.139	5.217	7.03101	
9	15	-25.758	3.391	8.14422	
9	17	-25.367	6.366	43.826	
9	20	-20.607	2.713	7.23611	
9	25	-20.215	5.687	12.9466	
9	27	-22.987	4.539	14.8575	
9	29	-22.595	7.514	18.6318	
20	24	-27.747	8.192	24.9585	
785	11	12:58:00:478:602:140	166.544
17	12	-16.208	-23.586	20.3115	
17	14	-13.828	-25.413	14.1332	
17	19	-18.588	-21.76	24.5978	
17	20	-14.219	-28.387	9.51557	
17	27	-16.599	-26.561	11.9586	
21	18	-26.119	-19.255	12.748	
21	20	-23.348	-18.107	21.9514	
21	22	-20.968	-19.934	20.7214	
21	24	-21.359	-22.908	7.73085	
21	27	-25.728	-16.281	9.59332	
21	28	-23.739	-21.082	13.282	
790	7	12:58:00:529:132:440	96.9196
10	18	21.812	-13.462	10.9103	
10	20	24.584	-12.314	11.1549	
10	22	26.964	-14.14	9.9495	
10	28	24.192	-15.289	16.365	
12	2	30.127	-10.018	22.3127	
12	10	29.735	-12.992	11.0592	
12	12	32.507	-11.844	15.168	
791	10	12:58:00:553:563:950	193.367
4	2	15.064	-5.009	39.3818	
4	3	13.467	2.766	14.3661	
4	4	15.455	-2.035	27.7572	
4	5	13.858	5.74	9.46074	
4	11	13.075	-0.208	11.3263	
4	12	17.444	-6.835	38.7216	
4	13	15.847	0.94	14.0046	
4	14	17.835	-3.861	12.1715	
4	15	16.238	3.914	7.47048	
10	5	17.052	-9.81	18.7065	
793	10	12:58:00:574:572:510	367.296
5	2	-17.805	-15.811	14.8846	
5	6	-20.185	-13.985	7.6156	
5	8	-20.576	-16.959	30.3342	
21	15	-28.5	-17.429	8.14501	
21	17	-28.108	-14.455	44.1434	
21	20	-23.348	-18.107	11.7422	
21	23	-22.565	-12.159	8.49177	
21	25	-22.956	-15.133	113.57	
21	27	-25.728	-16.281	86.812	
21	29	-25.336	-13.307	41.557	
796	5	12:58:00:597:015:730	98.9235
8	3	-4.791	23.325	13.5794	
8	7	-7.171	25.151	51.3268	
8	9	-7.562	22.177	13.3265	
19	12	-9.942	24.003	8.65396	
19	26	-6.779	28.125	12.0368	
801	4	12:58:00:682:356:030	120.199
11	19	8.346	-16.228	77.7085	
11	23	13.497	-16.906	11.1995	
11	25	13.106	-19.881	7.13816	
11	29	10.726	-18.054	24.1525	
819	9	12:58:00:995:153:080	164.404
5	3	-19.401	-8.036	19.5782	
5	4	-17.413	-12.837	8.75671	
5	6	-20.185	-13.985	23.6562	
5	7	-21.782	-6.21	20.3297	
5	9	-22.173	-9.184	8.66669	
5	11	-19.793	-11.011	52.8067	
5	13	-17.021	-9.863	10.3629	
21	23	-22.565	-12.159	12.3865	
21	25	-22.956	-15.133	7.86039	
823	20	12:58:01:010:283:300	503.571
3	17	7.501	17.168	12.2512	
3	19	7.893	20.142	63.8541	
3	20	12.261	13.515	8.87603	
3	21	10.664	21.29	24.037	
3	23	13.044	19.464	30.7979	
3	25	12.653	16.49	52.9868	
3	29	10.273	18.316	53.0041	
8	20	3.133	23.795	23.4382	
8	22	5.513	21.968	51.6516	
8	25	3.524	26.769	9.09625	
8	27	0.753	25.621	11.8506	
13	9	22.565	12.159	12.983	
14	2	17.805	15.811	38.3169	
14	4	18.196	18.786	10.7139	
14	6	15.425	17.638	14.2579	
14	8	15.033	14.663	16.2439	
14	10	17.413	12.837	12.488	
14	12	20.185	13.985	27.7833	
16	8	5.904	24.943	13.3057	
16	10	8.284	23.116	15.6344	
826	11	12:58:01:030:373:280	230.074
14	3	16.208	23.586	16.0718	
14	5	16.599	26.561	32.9324	
14	7	13.828	25.413	15.537	
14	13	18.588	21.76	9.209	
14	15	18.979	24.734	19.5559	
14	17	19.371	27.709	81.1725	
14	29	22.143	28.857	9.88722	
16	12	11.056	24.264	9.27722	
16	24	16.991	29.535	20.0032	
16	26	14.219	28.387	7.74842	
16	28	14.611	31.361	8.67914	
850	5	12:58:01:304:600:770	106.596
14	2	17.805	15.811	24.2828	
14	4	18.196	18.786	48.9416	
14	6	15.425	17.638	8.58554	
14	13	18.588	21.76	13.7541	
14	16	20.968	19.934	11.0316	
851	54	12:58:01:332:051:380	2267.91
1	3	-7.532	2.505	136.311	
1	4	-5.543	-2.296	9.08877	
1	5	-7.14	5.479	344.627	
1	7	-9.912	4.331	36.6057	
1	9	-10.303	1.356	13.656	
1	13	-5.152	0.678	32.6804	
1	15	-4.76	3.653	238.642	
1	16	-2.772	-1.148	10.6342	
1	17	-4.369	6.627	69.5693	
1	18	-2.38	1.826	25.2842	
1	19	-3.977	9.601	26.6283	
1	20	0.392	2.974	8.64815	
1	21	-1.205	10.749	19.4667	
1	27	-1.988	4.801	22.2543	
7	2	-15.064	5.009	10.2537	
7	4	-14.672	7.983	9.06905	
7	5	-16.269	15.758	9.42107	
7	12	-12.683	3.183	9.0919	
7	13	-14.28	10.958	17.6371	
7	14	-12.292	6.157	16.5525	
7	15	-13.889	13.932	14.7182	
7	16	-11.9	9.131	50.8128	
7	17	-13.497	16.906	22.732	
7	18	-11.509	12.106	60.5857	
7	19	-13.106	19.881	19.7468	
7	20	-8.737	13.254	121.927	
7	21	-10.334	21.029	39.266	
7	22	-6.357	11.428	45.7949	
7	23	-7.954	19.202	25.0158	
7	24	-6.749	8.453	115.776	
7	25	-8.346	16.228	47.2927	
7	26	-9.52	7.305	100.676	
7	27	-11.117	15.08	72.3364	
7	28	-9.129	10.279	88.9974	
7	29	-10.726	18.054	51.2051	
8	2	-3.194	15.55	8.43241	
8	3	-4.791	23.325	11.9487	
8	6	-5.574	17.376	20.5932	
8	8	-5.965	14.402	36.7345	
8	9	-7.562	22.177	19.8253	
8	10	-3.585	12.576	24.6467	
8	11	-5.182	20.351	13.0325	
8	12	-0.814	13.724	7.1475	
15	20	-17.866	23.533	24.2877	
15	22	-15.486	21.707	29.0033	
15	24	-15.877	18.733	18.86	
15	28	-18.257	20.559	14.7732	
19	2	-12.322	25.829	12.6158	
19	4	-11.931	28.804	8.27847	
19	8	-15.094	24.681	17.8345	
19	10	-12.714	22.855	22.7798	
19	12	-9.942	24.003	7.68774	
19	14	-9.551	26.977	17.8148	
19	26	-6.779	28.125	8.60882	
855	5	12:58:01:403:800:850	70.2285
21	17	-28.108	-14.455	12.334	
21	19	-27.716	-11.481	23.7951	
21	21	-24.945	-10.332	7.35115	
21	23	-22.565	-12.159	12.5461	
21	29	-25.336	-13.307	14.2022	
859	11	12:58:01:453:050:360	211.913
8	5	-4.399	26.299	14.1132	
8	7	-7.171	25.151	31.4839	
8	9	-7.562	22.177	13.5185	
8	15	-2.019	24.473	7.0625	
8	17	-1.627	27.447	10.5649	
19	2	-12.322	25.829	17.0484	
19	4	-11.931	28.804	7.35004	
19	8	-15.094	24.681	8.75056	
19	10	-12.714	22.855	44.1073	
19	12	-9.942	24.003	49.6552	
19	26	-6.779	28.125	8.25824	
864	6	12:58:01:509:659:020	131.321
11	3	4.791	-23.325	61.9754	
11	5	5.182	-20.351	31.7111	
11	7	2.411	-21.499	11.1416	
11	9	2.019	-24.473	8.57263	
11	15	7.562	-22.177	7.49909	
11	17	7.954	-19.202	10.4213	
866	7	12:58:01:522:464:390	88.9458
1	21	-1.205	10.749	20.992	
1	23	1.175	8.923	15.6454	
1	25	0.783	5.949	7.98058	
1	29	-1.597	7.775	11.2032	
8	8	-5.965	14.402	19.5741	
8	10	-3.585	12.576	20.0666	
8	12	-0.814	13.724	9.1293	
880	10	12:58:01:673:302:480	232.634
3	4	6.326	8.245	21.8554	
3	6	3.555	7.097	14.9443	
3	11	3.946	10.071	8.88782	
3	13	6.718	11.219	22.881	
3	16	9.098	9.393	45.1003	
3	18	9.49	12.367	31.6807	
3	20	12.261	13.515	9.13015	
3	22	14.641	11.689	26.8254	
3	26	11.478	7.567	8.23123	
3	28	11.87	10.541	43.0973	
881	5	12:58:01:684:825:150	73.9112
9	17	-25.367	6.366	15.0907	
9	21	-22.204	10.488	12.7151	
9	25	-20.215	5.687	7.19258	
9	27	-22.987	4.539	7.70053	
9	29	-22.595	7.514	31.2123	
882	6	12:58:01:688:748:240	116.416
3	22	14.641	11.689	7.63234	
3	23	13.044	19.464	12.015	
3	25	12.653	16.49	15.144	
14	6	15.425	17.638	20.7625	
14	8	15.033	14.663	47.1012	
14	10	17.413	12.837	13.7611	
886	4	12:58:01:744:516:340	76.5971
4	2	15.064	-5.009	7.31182	
4	4	15.455	-2.035	37.5007	
4	6	12.683	-3.183	13.0196	
4	11	13.075	-0.208	18.765	
894	10	12:58:01:880:596:170	248.425
5	9	-22.173	-9.184	7.15286	
9	2	-26.933	-5.532	17.721	
9	6	-29.313	-3.706	55.4346	
9	8	-29.705	-6.68	57.3508	
9	10	-27.325	-8.506	37.3674	
9	12	-24.553	-7.358	16.0937	
21	19	-27.716	-11.481	8.41174	
21	21	-24.945	-10.332	31.6341	
21	23	-22.565	-12.159	7.11904	
21	29	-25.336	-13.307	10.1396	
898	5	12:58:02:019:410:500	67.974
4	24	23.378	-1.565	13.6473	
4	26	20.607	-2.713	14.295	
4	28	20.998	0.261	9.97931	
12	3	28.53	-2.243	12.5526	
12	9	25.758	-3.391	17.4998	
903	5	12:58:02:094:931:280	105.543
9	5	-28.139	5.217	11.6672	
9	17	-25.367	6.366	27.3834	
9	21	-22.204	10.488	18.0018	
9	23	-19.824	8.662	16.0998	
9	29	-22.595	7.514	32.3907	
905	32	12:58:02:113:537:630	973.688
8	19	-1.236	30.422	67.0457	
8	21	1.536	31.57	98.2087	
8	23	3.916	29.743	25.7148	
8	25	3.524	26.769	7.73182	
8	29	1.144	28.595	18.8312	
15	17	-22.626	27.186	11.0805	
15	19	-22.234	30.16	11.892	
15	21	-19.463	31.308	18.5921	
15	23	-17.083	29.482	28.0485	
15	29	-19.854	28.334	15.024	
16	3	7.079	33.866	50.7224	
16	7	4.699	35.692	14.1388	
16	9	4.307	32.718	99.4251	
16	11	6.687	30.891	41.7059	
16	13	9.459	32.039	18.5005	
16	15	9.851	35.014	8.19687	
16	18	12.231	33.187	7.43361	
19	2	-12.322	25.829	10.5274	
19	3	-13.919	33.604	7.55635	
19	4	-11.931	28.804	28.5104	
19	6	-14.703	27.656	16.5328	
19	9	-16.691	32.456	15.9206	
19	11	-14.311	30.63	28.5593	
19	13	-11.539	31.778	23.6275	
19	15	-11.148	34.752	7.29365	
19	16	-9.159	29.952	36.3517	
19	18	-8.768	32.926	31.1877	
19	20	-5.996	34.074	17.2253	
19	22	-3.616	32.248	81.4137	
19	24	-4.008	29.274	33.3498	
19	26	-6.779	28.125	22.0479	
19	28	-6.388	31.1	71.2914	
925	6	12:58:02:374:637:030	88.3143
7	16	-11.9	9.131	11.7081	
7	22	-6.357	11.428	27.0875	
7	28	-9.129	10.279	14.0876	
8	6	-5.574	17.376	9.15255	
8	8	-5.965	14.402	14.5814	
8	10	-3.585	12.576	11.6973	
926	5	12:58:02:395:925:280	89.3857
11	22	15.094	-24.681	15.4882	
11	24	14.703	-27.656	14.2545	
11	26	11.931	-28.804	7.32576	
22	9	17.083	-29.482	38.402	
22	11	19.463	-31.308	13.9152	
930	5	12:58:02:410:672:730	69.5062
6	9	-13.044	-19.464	12.0477	
6	11	-10.664	-21.29	9.37163	
17	14	-13.828	-25.413	10.3047	
17	21	-15.816	-20.612	15.0581	
17	23	-13.436	-22.438	22.724	
932	14	12:58:02:434:408:840	537.173
1	3	-7.532	2.505	13.9893	
1	7	-9.912	4.331	15.487	
1	9	-10.303	1.356	49.7877	
1	11	-7.923	-0.47	9.88275	
5	19	-15.847	-0.94	13.4826	
5	21	-13.075	0.208	41.5433	
5	23	-10.695	-1.618	13.7289	
7	2	-15.064	5.009	30.6275	
7	4	-14.672	7.983	9.68044	
7	8	-17.835	3.861	96.377	
7	10	-15.455	2.035	143.557	
7	12	-12.683	3.183	82.4321	
7	26	-9.52	7.305	9.45943	
9	22	-18.227	0.887	7.1376	
940	4	12:58:02:616:132:740	63.3797
6	6	-11.056	-24.264	17.1786	
6	9	-13.044	-19.464	20.1591	
17	14	-13.828	-25.413	7.5854	
17	23	-13.436	-22.438	18.4566	
948	7	12:58:02:731:457:600	147.564
3	22	14.641	11.689	20.0162	
4	15	16.238	3.914	7.92324	
4	17	16.63	6.888	25.0993	
4	19	17.021	9.863	43.7271	
4	20	21.39	3.236	22.4382	
4	27	19.01	5.062	20.9155	
4	29	19.401	8.036	7.44403	
958	11	12:58:02:864:177:660	604.325
9	3	-28.53	2.243	43.4283	
9	5	-28.139	5.217	170.762	
9	7	-30.91	4.069	108.235	
9	15	-25.758	3.391	122.042	
9	17	-25.367	6.366	20.624	
9	18	-23.378	1.565	16.2384	
9	20	-20.607	2.713	27.1593	
9	25	-20.215	5.687	24.263	
9	27	-22.987	4.539	51.5483	
9	29	-22.595	7.514	9.61847	
20	26	-30.519	7.044	10.4057	
964	10	12:58:02:940:637:440	299.157
2	20	9.52	-7.305	11.7374	
2	22	11.9	-9.131	95.4995	
2	24	11.509	-12.106	37.2563	
2	26	8.737	-13.254	26.5549	
2	28	9.129	-10.279	28.1135	
4	8	12.292	-6.157	12.7946	
4	10	14.672	-7.983	40.1234	
10	3	16.66	-12.784	10.3422	
10	7	14.28	-10.958	27.9624	
10	9	13.889	-13.932	8.77319	
972	11	12:58:02:994:279:980	342.394
8	3	-4.791	23.325	17.76	
8	11	-5.182	20.351	7.9065	
8	13	-2.411	21.499	29.5232	
8	15	-2.019	24.473	78.6087	
8	18	0.361	22.647	33.7952	
8	20	3.133	23.795	10.7425	
8	25	3.524	26.769	31.8672	
8	27	0.753	25.621	98.4531	
8	29	1.144	28.595	9.70648	
16	6	6.296	27.917	15.3721	
16	8	5.904	24.943	8.65925	
977	5	12:58:03:043:366:740	76.1082
8	5	-4.399	26.299	13.2933	
8	15	-2.019	24.473	24.688	
8	17	-1.627	27.447	7.17493	
8	20	3.133	23.795	13.4282	
8	27	0.753	25.621	17.5237	
979	12	12:58:03:079:250:380	315.172
1	4	-5.543	-2.296	47.2212	
1	6	-8.315	-3.444	75.604	
1	8	-8.706	-6.418	14.1523	
1	10	-6.326	-8.245	7.44704	
1	11	-7.923	-0.47	10.5096	
1	14	-3.163	-4.122	12.1798	
5	5	-19.01	-5.062	14.382	
5	17	-16.238	-3.914	18.0919	
5	23	-10.695	-1.618	12.1284	
5	25	-11.087	-4.592	52.2973	
5	27	-13.858	-5.74	17.8609	
5	29	-13.467	-2.766	33.2972	
981	13	12:58:03:123:539:050	210.069
4	4	15.455	-2.035	17.0427	
4	6	12.683	-3.183	9.43025	
4	14	17.835	-3.861	9.91501	
4	16	18.227	-0.887	38.9458	
4	20	21.39	3.236	10.5517	
4	22	23.77	1.409	15.0839	
4	28	20.998	0.261	20.0944	
13	2	26.933	5.532	19.6907	
13	8	24.162	4.384	16.9951	
13	10	26.542	2.558	13.275	
13	14	29.705	6.68	10.2549	
13	24	35.248	8.976	13.6026	
13	26	32.477	7.828	15.1875	
987	12	12:58:03:177:327:730	332.29
7	6	-17.444	6.835	7.75645	
9	3	-28.53	2.243	17.5346	
9	5	-28.139	5.217	52.9322	
9	7	-30.91	4.069	92.2663	
9	9	-31.302	1.095	11.2834	
9	15	-25.758	3.391	23.1689	
9	17	-25.367	6.366	32.7595	
9	23	-19.824	8.662	14.617	
9	25	-20.215	5.687	14.2253	
9	27	-22.987	4.539	17.1526	
9	29	-22.595	7.514	20.1606	
20	12	-33.682	2.921	28.4335	
997	12	12:58:03:268:336:140	203.891
13	3	25.336	13.307	38.2957	
13	4	27.325	8.506	8.48604	
13	7	22.956	15.133	19.4576	
13	9	22.565	12.159	13.7171	
13	11	24.945	10.332	18.0451	
13	13	27.716	11.481	25.5693	
13	15	28.108	14.455	9.99634	
13	18	30.488	12.629	7.34789	
14	2	17.805	15.811	22.2831	
14	6	15.425	17.638	10.9285	
14	8	15.033	14.663	7.8804	
14	12	20.185	13.985	21.8839	
1008	16	12:58:03:459:331:600	550.925
2	2	3.194	-15.55	80.7554	
2	4	3.585	-12.576	15.766	
2	6	0.814	-13.724	52.9574	
2	8	0.422	-16.698	168.845	
2	10	2.802	-18.524	62.868	
2	12	5.574	-17.376	43.5454	
2	13	3.977	-9.601	13.583	
2	14	5.965	-14.402	11.0107	
2	16	6.357	-11.428	8.52961	
6	20	-2.349	-17.846	7.92226	
6	23	-1.566	-11.897	7.86228	
6	25	-1.958	-14.872	19.1379	
11	5	5.182	-20.351	17.8603	
11	15	7.562	-22.177	14.6159	
11	17	7.954	-19.202	8.0626	
11	19	8.346	-16.228	17.6029	
1009	8	12:58:03:459:703:190	171.398
6	3	-10.273	-18.316	9.99337	
6	4	-8.284	-23.116	9.04695	
6	9	-13.044	-19.464	10.6561	
6	11	-10.664	-21.29	30.3588	
6	13	-7.893	-20.142	57.0468	
6	15	-7.501	-17.168	8.53827	
6	18	-5.121	-18.994	33.0623	
17	23	-13.436	-22.438	12.6956	
1011	4	12:58:03:477:623:460	74.405
9	2	-26.933	-5.532	20.2619	
9	8	-29.705	-6.68	32.8994	
9	10	-27.325	-8.506	12.071	
9	12	-24.553	-7.358	9.17273	
1013	6	12:58:03:495:487:410	112.714
6	4	-8.284	-23.116	15.1185	
6	6	-11.056	-24.264	8.79679	
6	9	-13.044	-19.464	20.3181	
17	12	-16.208	-23.586	23.9332	
17	21	-15.816	-20.612	12.0084	
17	23	-13.436	-22.438	32.5391	
1044	8	12:58:03:942:852:430	163.806
17	3	-22.143	-28.857	7.99407	
17	12	-16.208	-23.586	29.3097	
17	14	-13.828	-25.413	10.3047	
17	15	-19.371	-27.709	14.4817	
17	17	-18.979	-24.734	9.05214	
17	19	-18.588	-21.76	16.6875	
17	21	-15.816	-20.612	61.1473	
17	23	-13.436	-22.438	14.8293	
1046	17	12:58:03:946:457:010	437.016
6	2	-8.676	-26.091	78.9491	
6	4	-8.284	-23.116	23.7633	
6	8	-11.448	-27.239	17.1279	
6	10	-9.067	-29.065	65.7108	
6	12	-6.296	-27.917	37.9482	
6	13	-7.893	-20.142	10.6849	
6	14	-5.904	-24.943	38.0461	
6	16	-5.513	-21.968	27.1918	
6	18	-5.121	-18.994	8.36713	
6	26	-3.133	-23.795	8.29974	
17	10	-14.611	-31.361	8.34508	
17	22	-11.839	-30.213	10.939	
17	24	-12.231	-33.187	22.2822	
18	3	-7.079	-33.866	12.4481	
18	5	-6.687	-30.891	13.1309	
18	7	-9.459	-32.039	38.1968	
18	9	-9.851	-35.014	15.5851	
1047	4	12:58:03:959:330:320	50.66
10	10	17.866	-23.533	15.4593	
11	22	15.094	-24.681	15.8432	
11	28	12.322	-25.829	11.6627	
22	7	17.474	-26.508	7.69467	
1050	7	12:58:03:978:238:590	102.747
7	2	-15.064	5.009	18.2028	
7	4	-14.672	7.983	18.3419	
7	8	-17.835	3.861	7.97502	
7	13	-14.28	10.958	11.7254	
7	14	-12.292	6.157	24.7938	
7	16	-11.9	9.131	14.7059	
7	26	-9.52	7.305	7.00243	
1063	8	12:58:04:213:518:000	252.071
4	2	15.064	-5.009	82.7766	
4	10	14.672	-7.983	10.1337	
4	12	17.444	-6.835	49.9018	
4	14	17.835	-3.861	48.0365	
4	26	20.607	-2.713	14.7531	
10	17	19.824	-8.662	7.29328	
10	19	20.215	-5.687	29.6924	
10	21	22.987	-4.539	9.48371	
1067	9	12:58:04:256:402:710	267.41
14	7	13.828	25.413	31.7983	
14	9	13.436	22.438	13.3281	
16	4	9.067	29.065	11.2795	
16	14	11.448	27.239	15.922	
16	20	15.002	34.336	20.2048	
16	22	17.382	32.509	33.6819	
16	24	16.991	29.535	9.23757	
16	26	14.219	28.387	83.9035	
16	28	14.611	31.361	48.0543	
1068	4	12:58:04:262:546:780	72.5147
8	2	-3.194	15.55	26.7184	
8	8	-5.965	14.402	10.6467	
8	10	-3.585	12.576	15.4865	
8	14	-0.422	16.698	19.663	
1071	4	12:58:04:283:831:220	87.5185
7	23	-7.954	19.202	16.1162	
7	25	-8.346	16.228	13.8569	
7	27	-11.117	15.08	15.6913	
7	29	-10.726	18.054	41.854	
1075	14	12:58:04:354:014:040	329.675
11	2	6.388	-31.1	14.9209	
11	3	4.791	-23.325	7.26848	
11	4	6.779	-28.125	11.5056	
11	6	4.008	-29.274	13.4051	
11	8	3.616	-32.248	14.38	
11	9	2.019	-24.473	15.3051	
11	10	5.996	-34.074	9.00396	
11	11	4.399	-26.299	11.3147	
18	18	-1.927	-34.544	8.10506	
18	20	0.844	-33.396	42.7773	
18	23	1.627	-27.447	47.0323	
18	25	1.236	-30.422	107.126	
18	27	-1.536	-31.57	17.174	
18	29	-1.144	-28.595	10.3563	
1085	9	12:58:04:618:570:860	147.799
2	12	5.574	-17.376	32.2229	
2	14	5.965	-14.402	11.4361	
11	3	4.791	-23.325	18.2485	
11	5	5.182	-20.351	30.7502	
11	7	2.411	-21.499	10.3147	
11	11	4.399	-26.299	7.25794	
11	15	7.562	-22.177	15.704	
11	17	7.954	-19.202	8.92032	
11	19	8.346	-16.228	12.9445	
1086	12	12:58:04:619:133:840	245.82
6	2	-8.676	-26.091	22.2307	
6	4	-8.284	-23.116	7.88089	
6	10	-9.067	-29.065	8.35582	
6	12	-6.296	-27.917	7.53354	
6	14	-5.904	-24.943	23.7475	
6	15	-7.501	-17.168	10.7041	
6	16	-5.513	-21.968	54.9198	
6	18	-5.121	-18.994	16.3281	
6	20	-2.349	-17.846	23.035	
6	26	-3.133	-23.795	21.3892	
6	28	-2.741	-20.82	38.8143	
18	19	-3.524	-26.769	10.8814	
1093	9	12:58:04:659:997:980	131.354
4	10	14.672	-7.983	17.8742	
4	12	17.444	-6.835	24.2995	
4	14	17.835	-3.861	7.72687	
10	17	19.824	-8.662	10.889	
10	19	20.215	-5.687	16.6908	
10	21	22.987	-4.539	7.5469	
10	23	25.367	-6.366	15.2636	
10	29	22.595	-7.514	15.6185	
12	11	28.139	-5.217	15.4448	
1102	18	12:58:04:773:906:040	441.058
2	2	3.194	-15.55	17.0517	
2	3	1.597	-7.775	20.8175	
2	4	3.585	-12.576	50.3638	
2	6	0.814	-13.724	7.82247	
2	7	-0.783	-5.949	7.33272	
2	11	1.205	-10.749	12.3547	
2	12	5.574	-17.376	13.9222	
2	13	3.977	-9.601	13.583	
2	14	5.965	-14.402	76.0934	
2	16	6.357	-11.428	29.3269	
2	18	6.749	-8.453	7.82605	
2	26	8.737	-13.254	12.2018	
11	5	5.182	-20.351	7.42246	
11	17	7.954	-19.202	23.2014	
11	19	8.346	-16.228	76.2656	
11	21	11.117	-15.08	8.33168	
11	27	10.334	-21.029	11.1874	
11	29	10.726	-18.054	45.9535	
1107	8	12:58:04:816:412:370	120.096
4	20	21.39	3.236	21.453	
4	22	23.77	1.409	15.3145	
4	24	23.378	-1.565	18.0706	
4	25	21.782	6.21	10.2826	
12	3	28.53	-2.243	8.32729	
12	7	26.15	-0.417	13.9055	
12	9	25.758	-3.391	20.0147	
12	11	28.139	-5.217	12.728	
1115	38	12:58:04:964:555:620	3957.94
10	2	18.257	-20.559	336.882	
10	3	16.66	-12.784	13.1537	
10	4	18.649	-17.585	478.697	
10	5	17.052	-9.81	7.35648	
10	6	15.877	-18.733	39.6231	
10	7	14.28	-10.958	14.8113	
10	8	15.486	-21.707	33.008	
10	9	13.889	-13.932	11.139	
10	10	17.866	-23.533	90.1722	
10	11	16.269	-15.758	25.8295	
10	12	20.637	-22.385	519.247	
10	13	19.04	-14.61	25.3459	
10	14	21.029	-19.411	679.653	
10	15	19.432	-11.636	8.92604	
10	16	21.421	-16.437	47.7923	
10	18	21.812	-13.462	26.6467	
10	24	26.572	-17.115	9.40304	
10	26	23.801	-18.263	57.6093	
10	28	24.192	-15.289	10.9791	
11	20	12.714	-22.855	12.1601	
11	22	15.094	-24.681	13.9793	
11	23	13.497	-16.906	7.87875	
11	24	14.703	-27.656	14.1055	
11	25	13.106	-19.881	13.9345	
22	3	19.854	-28.334	60.1229	
22	5	20.246	-25.36	189.028	
22	7	17.474	-26.508	39.5631	
22	9	17.083	-29.482	21.668	
22	11	19.463	-31.308	14.504	
22	13	22.234	-30.16	67.1172	
22	15	22.626	-27.186	124.629	
22	17	23.017	-24.212	417.37	
22	19	23.409	-21.237	186.321	
22	21	26.181	-20.089	37.7466	
22	23	28.561	-21.915	20.627	
22	25	28.169	-24.89	43.7182	
22	27	25.398	-26.038	150.107	
22	29	25.789	-23.063	87.0871	
1124	9	12:58:05:134:547:080	150.109
3	13	6.718	11.219	10.7539	
3	18	9.49	12.367	23.8841	
3	20	12.261	13.515	31.2023	
3	22	14.641	11.689	10.1764	
3	28	11.87	10.541	11.196	
14	2	17.805	15.811	11.213	
14	8	15.033	14.663	16.2137	
14	10	17.413	12.837	21.4297	
14	12	20.185	13.985	14.0399	
1125	4	12:58:05:150:848:020	51.1969
1	5	-7.14	5.479	7.40729	
1	15	-4.76	3.653	16.3261	
1	17	-4.369	6.627	18.0162	
1	29	-1.597	7.775	9.44722	
1128	13	12:58:05:183:998:540	197.19
3	3	4.338	13.045	10.0053	
3	7	1.958	14.872	26.6605	
3	9	1.566	11.897	10.4797	
8	2	-3.194	15.55	8.6219	
8	3	-4.791	23.325	8.53904	
8	6	-5.574	17.376	7.38005	
8	9	-7.562	22.177	18.7284	
8	11	-5.182	20.351	26.9504	
8	12	-0.814	13.724	12.4431	
8	13	-2.411	21.499	8.18278	
8	14	-0.422	16.698	40.3275	
8	16	-0.031	19.672	10.3011	
19	12	-9.942	24.003	8.56994	
1129	12	12:58:05:207:313:650	275.897
1	12	-3.555	-7.097	14.6314	
1	14	-3.163	-4.122	15.2247	
2	3	1.597	-7.775	7.99155	
2	4	3.585	-12.576	40.6616	
2	6	0.814	-13.724	11.9068	
2	7	-0.783	-5.949	10.202	
2	11	1.205	-10.749	16.2524	
2	13	3.977	-9.601	46.8908	
2	14	5.965	-14.402	16.377	
2	16	6.357	-11.428	69.1204	
2	18	6.749	-8.453	17.0175	
2	26	8.737	-13.254	9.62033	
1150	6	12:58:05:578:493:820	119.424
3	20	12.261	13.515	16.8263	
3	22	14.641	11.689	13.6559	
3	27	9.881	15.341	12.4565	
4	19	17.021	9.863	41.8812	
4	25	21.782	6.21	7.50739	
4	29	19.401	8.036	27.0963	
1151	6	12:58:05:584:953:820	107.277
8	14	-0.422	16.698	22.968	
8	20	3.133	23.795	7.53808	
8	22	5.513	21.968	12.2886	
8	24	5.121	18.994	18.0468	
8	26	2.349	17.846	31.6177	
8	28	2.741	20.82	14.8181	
1154	4	12:58:05:623:630:680	52.2877
9	5	-28.139	5.217	10.2855	
9	15	-25.758	3.391	24.6784	
9	18	-23.378	1.565	7.02622	
9	27	-22.987	4.539	10.2976	
1163	13	12:58:05:754:013:190	348.222
10	3	16.66	-12.784	16.5007	
10	4	18.649	-17.585	10.4229	
10	6	15.877	-18.733	10.4509	
10	9	13.889	-13.932	14.1948	
10	11	16.269	-15.758	55.1265	
10	13	19.04	-14.61	132.459	
10	15	19.432	-11.636	10.8713	
10	16	21.421	-16.437	10.8679	
10	18	21.812	-13.462	32.1258	
10	27	22.204	-10.488	11.6681	
11	21	11.117	-15.08	8.68044	
11	23	13.497	-16.906	27.1524	
11	25	13.106	-19.881	7.70117	
1169	9	12:58:05:825:402:720	234.521
10	12	20.637	-22.385	31.1505	
10	14	21.029	-19.411	10.6382	
22	5	20.246	-25.36	14.7493	
22	13	22.234	-30.16	7.68082	
22	15	22.626	-27.186	18.4242	
22	17	23.017	-24.212	75.8364	
22	19	23.409	-21.237	45.5578	
22	27	25.398	-26.038	21.152	
22	29	25.789	-23.063	9.33189	
1171	5	12:58:05:847:659:670	91.0666
13	2	26.933	5.532	12.7633	
13	3	25.336	13.307	14.3087	
13	4	27.325	8.506	16.9127	
13	9	22.565	12.159	20.1313	
13	11	24.945	10.332	26.9505	
1172	4	12:58:05:884:596:310	70.6101
15	8	-26.964	14.14	29.1097	
15	10	-24.584	12.314	13.7404	
20	20	-29.735	12.992	12.1111	
20	25	-29.344	15.967	15.6488	
1175	22	12:58:05:926:452:480	1420.89
2	8	0.422	-16.698	13.0063	
2	10	2.802	-18.524	14.4684	
6	3	-10.273	-18.316	15.9293	
6	5	-9.881	-15.341	16.3113	
6	9	-13.044	-19.464	48.4693	
6	11	-10.664	-21.29	9.01965	
6	13	-7.893	-20.142	11.9164	
6	15	-7.501	-17.168	26.4062	
6	16	-5.513	-21.968	9.65118	
6	17	-7.11	-14.193	13.0778	
6	18	-5.121	-18.994	63.7689	
6	20	-2.349	-17.846	55.5513	
6	22	0.031	-19.672	194.525	
6	24	-0.361	-22.647	177.868	
6	26	-3.133	-23.795	28.4093	
6	27	-4.73	-16.02	32.4262	
6	28	-2.741	-20.82	126.95	
11	3	4.791	-23.325	91.5906	
11	5	5.182	-20.351	11.5645	
11	7	2.411	-21.499	341.731	
11	9	2.019	-24.473	106.552	
11	11	4.399	-26.299	11.701	
1178	6	12:58:05:957:016:430	132.551
4	2	15.064	-5.009	52.6111	
4	4	15.455	-2.035	14.565	
4	8	12.292	-6.157	19.3623	
4	10	14.672	-7.983	10.732	
4	14	17.835	-3.861	22.0865	
4	16	18.227	-0.887	13.1946	
1184	6	12:58:06:042:517:600	94.1903
10	2	18.257	-20.559	10.5084	
10	10	17.866	-23.533	13.9234	
10	12	20.637	-22.385	24.6454	
10	14	21.029	-19.411	21.7264	
22	17	23.017	-24.212	10.2308	
22	19	23.409	-21.237	13.1558	
1185	12	12:58:06:043:128:290	344.195
4	22	23.77	1.409	12.4821	
4	25	21.782	6.21	16.1533	
12	5	28.922	0.731	11.3759	
12	17	31.693	1.879	7.26554	
12	19	32.085	4.854	42.8148	
13	2	26.933	5.532	61.6331	
13	6	24.553	7.358	21.0667	
13	8	24.162	4.384	43.8465	
13	10	26.542	2.558	14.064	
13	12	29.313	3.706	70.3532	
13	14	29.705	6.68	26.898	
13	26	32.477	7.828	16.2416	
1188	6	12:58:06:089:611:880	159.095
3	25	12.653	16.49	67.3684	
3	27	9.881	15.341	29.1691	
14	2	17.805	15.811	10.5345	
14	4	18.196	18.786	9.95315	
14	6	15.425	17.638	31.9838	
14	11	15.816	20.612	10.0866	
1189	5	12:58:06:098:817:850	79.4702
2	4	3.585	-12.576	24.9292	
2	13	3.977	-9.601	18.7012	
2	16	6.357	-11.428	15.8698	
2	18	6.749	-8.453	11.3894	
2	28	9.129	-10.279	8.58055	
1198	6	12:58:06:182:488:940	125.503
3	11	3.946	10.071	11.332	
3	13	6.718	11.219	15.0697	
3	16	9.098	9.393	24.1277	
3	18	9.49	12.367	10.121	
3	22	14.641	11.689	23.0467	
3	28	11.87	10.541	41.8055	
1205	6	12:58:06:267:517:170	96.1993
10	4	18.649	-17.585	15.0324	
10	13	19.04	-14.61	9.05448	
10	14	21.029	-19.411	8.54914	
10	15	19.432	-11.636	26.4016	
10	16	21.421	-16.437	18.8776	
10	17	19.824	-8.662	18.2841	
1211	10	12:58:06:309:058:880	229.939
1	2	-5.935	-5.27	16.9355	
1	4	-5.543	-2.296	49.7661	
1	6	-8.315	-3.444	23.4272	
1	9	-10.303	1.356	11.2022	
1	11	-7.923	-0.47	26.0713	
1	12	-3.555	-7.097	8.79421	
1	14	-3.163	-4.122	42.7815	
1	16	-2.772	-1.148	7.83768	
5	21	-13.075	0.208	15.1321	
5	23	-10.695	-1.618	27.9914	
1218	8	12:58:06:379:900:630	194.314
6	24	-0.361	-22.647	56.0623	
6	28	-2.741	-20.82	14.0732	
11	4	6.779	-28.125	7.90736	
11	6	4.008	-29.274	14.9719	
11	7	2.411	-21.499	7.1811	
11	9	2.019	-24.473	50.8972	
11	11	4.399	-26.299	24.3127	
18	23	1.627	-27.447	18.9083	
1227	14	12:58:06:499:725:850	279.266
2	8	0.422	-16.698	41.436	
2	10	2.802	-18.524	30.7205	
2	12	5.574	-17.376	9.23587	
6	22	0.031	-19.672	7.41126	
6	24	-0.361	-22.647	7.83513	
6	25	-1.958	-14.872	11.6268	
11	3	4.791	-23.325	12.6812	
11	5	5.182	-20.351	49.9691	
11	7	2.411	-21.499	15.8419	
11	15	7.562	-22.177	28.9377	
11	18	9.942	-24.003	23.0042	
11	24	14.703	-27.656	8.51545	
11	27	10.334	-21.029	11.5524	
11	28	12.322	-25.829	20.4982	
1228	5	12:58:06:513:733:250	85.2336
9	13	-26.15	0.417	9.8642	
9	15	-25.758	3.391	11.0228	
9	18	-23.378	1.565	28.261	
9	20	-20.607	2.713	12.5915	
9	27	-22.987	4.539	23.4942	
1237	11	12:58:06:671:776:950	228.11
12	3	28.53	-2.243	23.4398	
12	7	26.15	-0.417	7.5601	
12	9	25.758	-3.391	13.1336	
12	11	28.139	-5.217	9.3413	
12	13	30.91	-4.069	20.1653	
12	15	31.302	-1.095	11.4904	
12	18	33.682	-2.921	37.6574	
12	20	36.453	-1.773	16.2139	
12	22	38.834	-3.6	22.229	
12	24	38.442	-6.574	10.4198	
12	28	36.062	-4.748	56.4596	
1240	17	12:58:06:719:440:920	334.286
4	15	16.238	3.914	8.82875	
4	17	16.63	6.888	12.854	
4	18	18.618	2.088	8.18199	
4	20	21.39	3.236	36.6767	
4	22	23.77	1.409	24.9972	
4	25	21.782	6.21	9.89125	
4	27	19.01	5.062	30.0358	
12	5	28.922	0.731	27.7059	
12	7	26.15	-0.417	19.8521	
12	15	31.302	-1.095	20.0643	
12	17	31.693	1.879	10.4378	
12	18	33.682	-2.921	15.0851	
12	20	36.453	-1.773	16.3921	
12	27	34.073	0.053	9.84453	
12	28	36.062	-4.748	12.9315	
13	8	24.162	4.384	23.6989	
13	10	26.542	2.558	46.8078	
1254	4	12:58:06:860:387:630	50.9728
6	17	-7.11	-14.193	13.3673	
6	18	-5.121	-18.994	7.47355	
6	19	-6.718	-11.219	14.2784	
6	27	-4.73	-16.02	15.8536	
1257	7	12:58:06:941:299:050	159.879
12	2	30.127	-10.018	24.1721	
12	3	28.53	-2.243	11.1956	
12	4	30.519	-7.044	45.9033	
12	11	28.139	-5.217	35.3555	
12	12	32.507	-11.844	11.3126	
12	13	30.91	-4.069	14.2439	
12	14	32.899	-8.87	17.6965	
1261	5	12:58:06:973:548:520	107.76
3	20	12.261	13.515	7.53283	
3	22	14.641	11.689	34.8693	
3	24	14.25	8.715	37.5546	
3	26	11.478	7.567	16.033	
3	28	11.87	10.541	11.7701	
1263	8	12:58:07:059:146:930	152.327
6	13	-7.893	-20.142	35.2784	
6	15	-7.501	-17.168	40.1507	
6	17	-7.11	-14.193	9.78577	
6	21	-3.946	-10.071	9.26549	
6	23	-1.566	-11.897	14.3391	
6	25	-1.958	-14.872	10.5293	
6	27	-4.73	-16.02	23.7984	
6	29	-4.338	-13.045	9.18025	
1269	22	12:58:07:158:207:130	1268.65
10	2	18.257	-20.559	7.05216	
10	14	21.029	-19.411	15.202	
10	16	21.421	-16.437	13.5268	
10	18	21.812	-13.462	19.5112	
10	20	24.584	-12.314	15.7594	
10	22	26.964	-14.14	20.9037	
10	24	26.572	-17.115	45.5836	
10	25	24.975	-9.34	7.64693	
10	26	23.801	-18.263	54.6075	
10	28	24.192	-15.289	30.836	
22	5	20.246	-25.36	15.8691	
22	9	17.083	-29.482	7.81713	
22	11	19.463	-31.308	16.7044	
22	13	22.234	-30.16	15.1816	
22	15	22.626	-27.186	30.1857	
22	17	23.017	-24.212	36.1672	
22	19	23.409	-21.237	53.051	
22	21	26.181	-20.089	97.8259	
22	23	28.561	-21.915	46.6901	
22	25	28.169	-24.89	237.405	
22	27	25.398	-26.038	226.56	
22	29	25.789	-23.063	254.562	
1272	6	12:58:07:193:840:550	100.901
3	22	14.641	11.689	24.0194	
3	28	11.87	10.541	18.9111	
14	6	15.425	17.638	8.58554	
14	8	15.033	14.663	17.9045	
14	10	17.413	12.837	16.1556	
14	12	20.185	13.985	15.3253	
1275	8	12:58:07:226:490:170	168.417
7	15	-13.889	13.932	9.87025	
7	17	-13.497	16.906	15.1111	
7	19	-13.106	19.881	8.09131	
7	21	-10.334	21.029	7.87338	
7	23	-7.954	19.202	42.1999	
7	25	-8.346	16.228	13.719	
7	27	-11.117	15.08	27.2157	
7	29	-10.726	18.054	44.3369	
1284	12	12:58:07:369:117:450	224.75
13	2	26.933	5.532	29.0952	
13	4	27.325	8.506	18.6139	
13	10	26.542	2.558	12.8411	
13	12	29.313	3.706	16.3787	
13	14	29.705	6.68	40.389	
13	16	30.096	9.654	24.7779	
13	18	30.488	12.629	14.2389	
13	20	33.26	13.777	17.9547	
13	24	35.248	8.976	9.25128	
13	25	33.651	16.751	10.1434	
13	26	32.477	7.828	11.2442	
13	28	32.868	10.802	19.8218	
1291	10	12:58:07:457:253:850	298.43
7	3	-16.66	12.784	19.4522	
7	4	-14.672	7.983	101.026	
7	11	-17.052	9.81	30.1206	
7	13	-14.28	10.958	56.6348	
7	15	-13.889	13.932	8.64955	
7	16	-11.9	9.131	21.7674	
7	18	-11.509	12.106	25.2712	
7	20	-8.737	13.254	8.82247	
7	27	-11.117	15.08	11.5243	
9	23	-19.824	8.662	15.1617	
1306	6	12:58:07:628:107:410	70.3479
1	7	-9.912	4.331	12.0043	
7	4	-14.672	7.983	15.7265	
7	11	-17.052	9.81	11.2381	
7	14	-12.292	6.157	14.8414	
7	16	-11.9	9.131	9.44308	
7	26	-9.52	7.305	7.09457	
1315	17	12:58:07:769:225:710	907.665
7	3	-16.66	12.784	68.7332	
7	6	-17.444	6.835	34.1027	
7	9	-19.432	11.636	62.3591	
7	11	-17.052	9.81	154.427	
7	13	-14.28	10.958	27.4029	
7	15	-13.889	13.932	16.3574	
9	5	-28.139	5.217	10.2241	
9	15	-25.758	3.391	14.8141	
9	17	-25.367	6.366	15.3737	
9	18	-23.378	1.565	8.5876	
9	19	-24.975	9.34	18.8515	
9	20	-20.607	2.713	10.0413	
9	21	-22.204	10.488	31.6538	
9	23	-19.824	8.662	271.057	
9	25	-20.215	5.687	30.1129	
9	27	-22.987	4.539	29.413	
9	29	-22.595	7.514	104.154	
1322	14	12:58:07:852:176:540	463.181
5	7	-21.782	-6.21	8.32551	
9	2	-26.933	-5.532	41.4033	
9	3	-28.53	2.243	15.3795	
9	4	-26.542	-2.557	99.1985	
9	7	-30.91	4.069	13.5693	
9	8	-29.705	-6.68	7.58726	
9	10	-27.325	-8.506	10.6858	
9	11	-28.922	-0.731	19.0635	
9	12	-24.553	-7.358	37.4525	
9	13	-26.15	0.417	55.5739	
9	14	-24.162	-4.384	115.111	
9	16	-23.77	-1.409	19.0692	
9	28	-20.998	-0.261	7.98822	
21	21	-24.945	-10.332	12.7741	
1324	5	12:58:07:878:649:610	161.005
8	5	-4.399	26.299	11.3315	
8	15	-2.019	24.473	71.1163	
8	18	0.361	22.647	49.4777	
8	20	3.133	23.795	17.6702	
8	27	0.753	25.621	11.4093	
1344	7	12:58:08:274:747:420	197.144
10	20	24.584	-12.314	52.5067	
10	22	26.964	-14.14	68.6094	
10	24	26.572	-17.115	15.2921	
10	25	24.975	-9.34	10.3985	
10	26	23.801	-18.263	10.456	
10	27	22.204	-10.488	14.6976	
10	28	24.192	-15.289	25.1838	
1347	6	12:58:08:311:601:790	200.745
3	15	7.11	14.193	21.2937	
3	18	9.49	12.367	72.7137	
3	20	12.261	13.515	31.2749	
3	22	14.641	11.689	40.4813	
3	28	11.87	10.541	23.5402	
4	19	17.021	9.863	11.4412	
1352	9	12:58:08:364:630:830	222.847
10	4	18.649	-17.585	14.31	
10	12	20.637	-22.385	12.5071	
10	14	21.029	-19.411	36.6392	
10	24	26.572	-17.115	10.1188	
10	26	23.801	-18.263	42.2963	
22	19	23.409	-21.237	29.4424	
22	21	26.181	-20.089	56.2388	
22	23	28.561	-21.915	9.69439	
22	29	25.789	-23.063	11.6001	
1362	8	12:58:08:492:610:910	150.97
1	4	-5.543	-2.296	14.1785	
1	6	-8.315	-3.444	31.9351	
1	8	-8.706	-6.418	7.34979	
1	11	-7.923	-0.47	10.4728	
1	13	-5.152	0.678	7.72875	
5	23	-10.695	-1.618	25.395	
5	25	-11.087	-4.592	29.2388	
5	29	-13.467	-2.766	24.6714	
1364	17	12:58:08:515:981:300	374.29
5	2	-17.805	-15.811	16.8269	
5	6	-20.185	-13.985	8.02029	
5	8	-20.576	-16.959	21.717	
5	10	-18.196	-18.786	14.7319	
5	12	-15.425	-17.638	16.3872	
5	14	-15.033	-14.663	7.68854	
17	19	-18.588	-21.76	7.98255	
21	9	-34.043	-19.725	7.49111	
21	11	-31.663	-21.552	55.775	
21	13	-28.891	-20.404	38.56	
21	15	-28.5	-17.429	7.32748	
21	16	-26.511	-22.23	52.7793	
21	18	-26.119	-19.255	25.8238	
21	20	-23.348	-18.107	27.2354	
21	22	-20.968	-19.934	24.0714	
21	26	-24.131	-24.056	16.1801	
21	28	-23.739	-21.082	25.6923	
1372	6	12:58:08:633:742:720	106.56
2	2	3.194	-15.55	17.8463	
2	4	3.585	-12.576	11.7235	
2	6	0.814	-13.724	24.6789	
2	8	0.422	-16.698	8.24391	
6	25	-1.958	-14.872	24.7627	
6	27	-4.73	-16.02	19.3047	
1374	10	12:58:08:641:255:850	185.588
11	5	5.182	-20.351	36.6153	
11	13	7.171	-25.151	8.46499	
11	15	7.562	-22.177	50.1704	
11	18	9.942	-24.003	19.7012	
11	20	12.714	-22.855	12.1601	
11	22	15.094	-24.681	8.74261	
11	24	14.703	-27.656	16.1924	
11	26	11.931	-28.804	7.32576	
11	27	10.334	-21.029	15.7135	
22	7	17.474	-26.508	10.5017	
1376	8	12:58:08:667:145:940	119.806
1	2	-5.935	-5.27	13.1031	
1	4	-5.543	-2.296	11.7952	
1	6	-8.315	-3.444	16.4514	
1	8	-8.706	-6.418	18.5309	
1	16	-2.772	-1.148	20.2381	
5	18	-14.25	-8.715	12.3263	
5	20	-11.478	-7.567	17.5635	
5	28	-11.87	-10.541	9.79785	
1380	11	12:58:08:698:880:600	420.601
5	3	-19.401	-8.036	18.6321	
5	7	-21.782	-6.21	19.4778	
5	9	-22.173	-9.184	138.507	
5	11	-19.793	-11.011	21.6733	
9	2	-26.933	-5.532	27.6891	
9	4	-26.542	-2.557	9.25858	
9	6	-29.313	-3.706	11.2131	
9	10	-27.325	-8.506	24.8017	
9	12	-24.553	-7.358	111.635	
21	21	-24.945	-10.332	27.7777	
21	29	-25.336	-13.307	9.93644	
1381	4	12:58:08:754:983:150	61.9319
9	17	-25.367	6.366	8.96013	
9	21	-22.204	10.488	22.6194	
9	23	-19.824	8.662	15.7972	
9	29	-22.595	7.514	14.5551	
1387	4	12:58:08:825:498:330	58.6364
16	2	8.676	26.091	11.59	
16	4	9.067	29.065	8.72426	
16	6	6.296	27.917	15.4431	
16	11	6.687	30.891	22.8791	
1388	7	12:58:08:830:495:750	119.803
8	5	-4.399	26.299	25.9132	
8	7	-7.171	25.151	13.3608	
8	15	-2.019	24.473	8.22935	
8	17	-1.627	27.447	12.7701	
8	19	-1.236	30.422	19.2818	
19	24	-4.008	29.274	26.536	
19	26	-6.779	28.125	13.7118	
1390	14	12:58:08:857:411:090	530.41
10	20	24.584	-12.314	10.4419	
10	21	22.987	-4.539	9.45032	
10	23	25.367	-6.366	102.242	
10	25	24.975	-9.34	27.5482	
12	2	30.127	-10.018	82.1109	
12	4	30.519	-7.044	36.9075	
12	6	27.747	-8.192	135.312	
12	8	27.355	-11.166	13.662	
12	9	25.758	-3.391	7.40511	
12	10	29.735	-12.992	12.1877	
12	11	28.139	-5.217	30.3313	
12	12	32.507	-11.844	30.2176	
12	13	30.91	-4.069	10.2361	
12	14	32.899	-8.87	22.3571	
1392	5	12:58:08:876:520:850	96.3529
2	2	3.194	-15.55	7.08555	
2	4	3.585	-12.576	30.2183	
2	6	0.814	-13.724	31.3591	
2	8	0.422	-16.698	14.2329	
2	16	6.357	-11.428	13.4571	
1402	9	12:58:09:069:701:070	448.685
9	2	-26.933	-5.532	17.1021	
9	4	-26.542	-2.557	82.7525	
9	6	-29.313	-3.706	114.881	
9	8	-29.705	-6.68	89.3903	
9	10	-27.325	-8.506	13.0605	
9	11	-28.922	-0.731	37.7842	
9	13	-26.15	0.417	70.8885	
9	16	-23.77	-1.409	13.0197	
9	18	-23.378	1.565	9.80548	
1404	4	12:58:09:106:126:550	136.338
17	12	-16.208	-23.586	18.8926	
17	14	-13.828	-25.413	18.3194	
17	21	-15.816	-20.612	38.3505	
17	23	-13.436	-22.438	60.7751	
1409	5	12:58:09:134:018:740	92.6262
8	3	-4.791	23.325	21.229	
8	7	-7.171	25.151	20.835	
8	9	-7.562	22.177	14.3137	
8	11	-5.182	20.351	20.209	
8	13	-2.411	21.499	16.0396	
1421	6	12:58:09:357:997:480	100.996
5	8	-20.576	-16.959	12.1859	
21	20	-23.348	-18.107	21.0707	
21	22	-20.968	-19.934	17.9586	
21	24	-21.359	-22.908	8.72741	
21	26	-24.131	-24.056	10.9293	
21	28	-23.739	-21.082	30.1245	
1428	18	12:58:09:431:609:990	324.892
5	2	-17.805	-15.811	9.16984	
5	4	-17.413	-12.837	16.7535	
5	6	-20.185	-13.985	17.6594	
5	12	-15.425	-17.638	12.7961	
5	13	-17.021	-9.863	10.0345	
5	14	-15.033	-14.663	14.2536	
5	16	-14.641	-11.689	14.1251	
5	24	-9.49	-12.367	42.8207	
5	26	-12.261	-13.515	30.3459	
6	5	-9.881	-15.341	15.5045	
6	7	-12.653	-16.49	7.00991	
6	15	-7.501	-17.168	7.66362	
6	17	-7.11	-14.193	8.95371	
6	19	-6.718	-11.219	45.2975	
6	21	-3.946	-10.071	13.761	
6	23	-1.566	-11.897	19.6384	
6	29	-4.338	-13.045	22.2395	
21	25	-22.956	-15.133	16.8658	
1431	8	12:58:09:461:796:250	147.492
7	3	-16.66	12.784	8.47064	
7	15	-13.889	13.932	17.5781	
7	18	-11.509	12.106	9.78241	
7	23	-7.954	19.202	16.1162	
7	25	-8.346	16.228	33.5047	
7	27	-11.117	15.08	38.3168	
8	6	-5.574	17.376	12.1819	
8	11	-5.182	20.351	11.5413	
1432	19	12:58:09:478:293:340	1089.94
9	2	-26.933	-5.532	31.305	
9	3	-28.53	2.243	16.8162	
9	4	-26.542	-2.557	11.1741	
9	6	-29.313	-3.706	28.6241	
9	8	-29.705	-6.68	149.816	
9	9	-31.302	1.095	17.0645	
9	10	-27.325	-8.506	117.117	
9	11	-28.922	-0.731	14.3319	
9	12	-24.553	-7.358	14.1399	
9	14	-24.162	-4.384	11.7258	
20	12	-33.682	2.921	9.36266	
21	5	-30.88	-15.603	10.3918	
21	15	-28.5	-17.429	12.4143	
21	17	-28.108	-14.455	167.67	
21	18	-26.119	-19.255	7.79956	
21	19	-27.716	-11.481	364.611	
21	21	-24.945	-10.332	33.743	
21	27	-25.728	-16.281	19.8805	
21	29	-25.336	-13.307	51.9505	
1440	4	12:58:09:589:196:070	73.7763
4	3	13.467	2.766	16.1738	
4	5	13.858	5.74	13.7534	
4	7	11.087	4.592	18.8953	
4	15	16.238	3.914	24.9538	
1441	4	12:58:09:609:242:840	49.7926
17	12	-16.208	-23.586	14.4122	
17	19	-18.588	-21.76	7.26014	
17	21	-15.816	-20.612	20.5476	
17	27	-16.599	-26.561	7.57265	
1446	5	12:58:09:667:471:830	60.4796
7	2	-15.064	5.009	7.04734	
7	4	-14.672	7.983	14.9452	
7	9	-19.432	11.636	9.78445	
7	11	-17.052	9.81	14.3743	
15	12	-21.812	13.462	14.3283	
1449	7	12:58:09:749:781:140	178.488
1	17	-4.369	6.627	19.3153	
1	18	-2.38	1.826	8.48545	
1	25	0.783	5.949	18.5872	
1	27	-1.988	4.801	43.7064	
1	29	-1.597	7.775	64.1287	
3	6	3.555	7.097	7.97027	
3	11	3.946	10.071	16.2943	
1458	5	12:58:09:841:152:400	73.0012
4	23	22.173	9.184	14.3173	
4	25	21.782	6.21	8.29015	
13	6	24.553	7.358	15.4014	
13	8	24.162	4.384	20.6187	
13	11	24.945	10.332	14.3736	
1472	9	12:58:09:950:390:340	220.745
21	3	-31.271	-18.577	19.6996	
21	5	-30.88	-15.603	10.6935	
21	7	-33.651	-16.751	11.6251	
21	9	-34.043	-19.725	8.12036	
21	13	-28.891	-20.404	12.8643	
21	15	-28.5	-17.429	64.4334	
21	17	-28.108	-14.455	31.6067	
21	18	-26.119	-19.255	19.8594	
21	27	-25.728	-16.281	41.8426	
1477	30	12:58:09:983:250:720	1170.46
5	12	-15.425	-17.638	9.78279	
6	2	-8.676	-26.091	11.8863	
6	4	-8.284	-23.116	22.1148	
6	7	-12.653	-16.49	7.05189	
6	9	-13.044	-19.464	31.4514	
6	11	-10.664	-21.29	8.79965	
6	13	-7.893	-20.142	39.1178	
6	14	-5.904	-24.943	39.3004	
6	16	-5.513	-21.968	39.7537	
6	20	-2.349	-17.846	7.9859	
6	22	0.031	-19.672	15.9968	
6	24	-0.361	-22.647	27.7986	
6	26	-3.133	-23.795	68.5917	
6	28	-2.741	-20.82	14.386	
11	2	6.388	-31.1	45.485	
11	4	6.779	-28.125	61.171	
11	6	4.008	-29.274	114.553	
11	7	2.411	-21.499	9.1831	
11	8	3.616	-32.248	14.0015	
11	9	2.019	-24.473	47.7554	
11	11	4.399	-26.299	71.034	
11	13	7.171	-25.151	23.781	
11	14	9.159	-29.952	12.1174	
18	19	-3.524	-26.769	32.9775	
18	21	-0.753	-25.621	155.191	
18	22	3.224	-35.222	8.73759	
18	23	1.627	-27.447	150.06	
18	25	1.236	-30.422	26.0198	
18	27	-1.536	-31.57	12.3878	
18	29	-1.144	-28.595	41.9876	
1478	13	12:58:09:994:384:260	265.166
2	24	11.509	-12.106	14.4278	
2	28	9.129	-10.279	9.27816	
10	2	18.257	-20.559	35.1211	
10	6	15.877	-18.733	34.6232	
10	8	15.486	-21.707	24.3563	
10	9	13.889	-13.932	14.0305	
10	10	17.866	-23.533	60.9358	
10	11	16.269	-15.758	10.4764	
10	12	20.637	-22.385	14.4855	
10	14	21.029	-19.411	9.48119	
11	23	13.497	-16.906	20.2178	
11	25	13.106	-19.881	10.1945	
11	29	10.726	-18.054	7.53804	
1483	4	12:58:10:021:728:640	69.9796
17	12	-16.208	-23.586	34.4249	
17	17	-18.979	-24.734	7.78818	
17	21	-15.816	-20.612	15.2487	
17	23	-13.436	-22.438	12.5178	
1485	5	12:58:10:025:898:210	89.8861
20	20	-29.735	12.992	7.33899	
20	22	-27.355	11.166	24.8543	
20	24	-27.747	8.192	17.1123	
20	26	-30.519	7.044	12.7939	
20	28	-30.127	10.018	27.7866	
1490	10	12:58:10:080:101:910	215.648
14	3	16.208	23.586	31.8724	
14	11	15.816	20.612	12.7243	
14	13	18.588	21.76	56.4423	
14	15	18.979	24.734	15.4811	
14	16	20.968	19.934	16.1431	
14	18	21.359	22.908	25.8719	
14	22	26.511	22.23	9.48133	
14	24	26.119	19.255	9.25652	
14	27	21.751	25.882	11.98	
14	28	23.739	21.082	26.3948	
1498	28	12:58:10:143:850:040	721.671
3	22	14.641	11.689	15.4143	
3	24	14.25	8.715	9.36068	
3	28	11.87	10.541	7.82283	
4	19	17.021	9.863	13.0781	
4	21	19.793	11.011	8.72039	
14	2	17.805	15.811	30.7821	
14	3	16.208	23.586	7.1661	
14	4	18.196	18.786	17.4022	
14	6	15.425	17.638	7.44491	
14	8	15.033	14.663	11.4734	
14	10	17.413	12.837	32.2809	
14	12	20.185	13.985	15.1275	
14	13	18.588	21.76	16.9624	
14	14	20.576	16.959	30.3132	
14	16	20.968	19.934	54.3817	
14	17	19.371	27.709	15.5659	
14	18	21.359	22.908	30.0215	
14	19	19.762	30.683	8.81685	
14	20	24.131	24.056	76.9282	
14	21	22.534	31.831	7.32134	
14	22	26.511	22.23	57.8915	
14	23	24.914	30.005	26.0286	
14	24	26.119	19.255	14.4789	
14	25	24.523	27.03	66.3291	
14	26	23.348	18.107	27.2805	
14	27	21.751	25.882	26.5774	
14	28	23.739	21.082	68.3915	
14	29	22.143	28.857	18.3085	
1499	6	12:58:10:159:015:920	84.5374
5	13	-17.021	-9.863	7.22481	
5	15	-16.63	-6.888	18.7647	
5	18	-14.25	-8.715	11.662	
5	20	-11.478	-7.567	9.69649	
5	25	-11.087	-4.592	10.698	
5	27	-13.858	-5.74	26.4914	
1507	7	12:58:10:214:825:030	107.37
4	2	15.064	-5.009	17.1063	
4	8	12.292	-6.157	13.7277	
4	10	14.672	-7.983	13.2	
4	12	17.444	-6.835	16.1189	
10	5	17.052	-9.81	10.9458	
10	17	19.824	-8.662	27.7823	
10	27	22.204	-10.488	8.48864	
1516	4	12:58:10:347:737:920	96.1517
5	20	-11.478	-7.567	8.01333	
5	25	-11.087	-4.592	32.9975	
5	27	-13.858	-5.74	46.5515	
5	29	-13.467	-2.766	8.58929	
1518	4	12:58:10:361:432:030	48.7566
11	9	2.019	-24.473	13.3302	
18	19	-3.524	-26.769	8.63841	
18	21	-0.753	-25.621	14.5126	
18	29	-1.144	-28.595	12.2753	
1523	6	12:58:10:450:620:990	65.3801
8	19	-1.236	30.422	12.463	
8	21	1.536	31.57	8.392	
8	23	3.916	29.743	9.9605	
8	25	3.524	26.769	8.45952	
8	27	0.753	25.621	11.3463	
8	29	1.144	28.595	14.7587	
1530	9	12:58:10:558:868:560	250.193
10	23	25.367	-6.366	13.018	
12	3	28.53	-2.243	15.3592	
12	6	27.747	-8.192	30.1903	
12	11	28.139	-5.217	86.2303	
12	13	30.91	-4.069	36.413	
12	15	31.302	-1.095	33.909	
12	17	31.693	1.879	7.77719	
12	18	33.682	-2.921	9.16504	
12	27	34.073	0.053	18.1309	
1533	6	12:58:10:622:868:100	113.976
6	13	-7.893	-20.142	19.0156	
6	16	-5.513	-21.968	9.72778	
6	18	-5.121	-18.994	42.3231	
6	20	-2.349	-17.846	14.6991	
6	27	-4.73	-16.02	19.5923	
6	28	-2.741	-20.82	8.61768	
1537	7	12:58:10:669:537:030	101.689
11	18	9.942	-24.003	9.20754	
11	20	12.714	-22.855	18.252	
11	22	15.094	-24.681	12.7811	
11	25	13.106	-19.881	9.55106	
11	26	11.931	-28.804	11.8739	
11	27	10.334	-21.029	11.5889	
11	28	12.322	-25.829	28.434	
1538	40	12:58:10:671:746:330	1196.14
4	20	21.39	3.236	9.94783	
4	21	19.793	11.011	9.48592	
4	22	23.77	1.409	17.2576	
4	23	22.173	9.184	18.3531	
4	24	23.378	-1.565	9.2925	
4	25	21.782	6.21	10.8163	
4	28	20.998	0.261	7.33174	
4	29	19.401	8.036	9.19751	
12	3	28.53	-2.243	27.4492	
12	5	28.922	0.731	10.7154	
12	7	26.15	-0.417	30.041	
12	9	25.758	-3.391	24.9049	
12	11	28.139	-5.217	13.6956	
13	2	26.933	5.532	49.3736	
13	3	25.336	13.307	91.5834	
13	4	27.325	8.506	38.2366	
13	5	25.728	16.281	49.88	
13	6	24.553	7.358	68.6028	
13	7	22.956	15.133	70.9894	
13	8	24.162	4.384	18.3358	
13	9	22.565	12.159	64.6444	
13	10	26.542	2.558	49.4115	
13	11	24.945	10.332	121.407	
13	12	29.313	3.706	7.33672	
13	13	27.716	11.481	20.4715	
13	14	29.705	6.68	8.36359	
13	15	28.108	14.455	15.5748	
13	18	30.488	12.629	9.518	
14	2	17.805	15.811	8.46328	
14	12	20.185	13.985	9.52475	
14	14	20.576	16.959	25.5784	
14	15	18.979	24.734	8.50038	
14	16	20.968	19.934	32.7714	
14	18	21.359	22.908	32.3163	
14	20	24.131	24.056	21.047	
14	22	26.511	22.23	9.79277	
14	24	26.119	19.255	24.3922	
14	26	23.348	18.107	85.716	
14	27	21.751	25.882	14.3961	
14	28	23.739	21.082	41.4246	
1540	53	12:58:10:683:674:670	6642.76
7	5	-16.269	15.758	19.8285	
7	17	-13.497	16.906	8.2751	
7	18	-11.509	12.106	14.5106	
7	19	-13.106	19.881	41.1322	
7	21	-10.334	21.029	96.8345	
7	23	-7.954	19.202	19.9349	
7	25	-8.346	16.228	8.41066	
7	27	-11.117	15.08	7.58523	
8	3	-4.791	23.325	125.834	
8	5	-4.399	26.299	13.7325	
8	6	-5.574	17.376	12.5686	
8	7	-7.171	25.151	114.179	
8	9	-7.562	22.177	346.031	
8	11	-5.182	20.351	46.5847	
8	13	-2.411	21.499	38.5808	
8	18	0.361	22.647	8.13288	
15	3	-25.789	23.063	45.0473	
15	4	-23.801	18.263	20.1287	
15	5	-25.398	26.038	374.536	
15	6	-26.572	17.115	9.62775	
15	7	-28.169	24.89	107.968	
15	9	-28.561	21.915	15.5408	
15	11	-26.181	20.089	12.7201	
15	13	-23.409	21.237	31.2053	
15	15	-23.017	24.212	189.476	
15	16	-21.029	19.411	27.1318	
15	17	-22.626	27.186	446.224	
15	18	-20.637	22.385	56.4508	
15	19	-22.234	30.16	72.0087	
15	20	-17.866	23.533	437.506	
15	21	-19.463	31.308	49.8881	
15	22	-15.486	21.707	181.194	
15	23	-17.083	29.482	60.6302	
15	24	-15.877	18.733	26.1111	
15	25	-17.474	26.508	558.412	
15	26	-18.649	17.585	21.8665	
15	27	-20.246	25.36	626.886	
15	28	-18.257	20.559	38.5605	
15	29	-19.854	28.334	213.028	
19	2	-12.322	25.829	230.292	
19	4	-11.931	28.804	23.4428	
19	6	-14.703	27.656	101.336	
19	7	-16.299	35.431	20.7649	
19	8	-15.094	24.681	677.166	
19	9	-16.691	32.456	27.1906	
19	10	-12.714	22.855	456.926	
19	11	-14.311	30.63	26.9597	
19	12	-9.942	24.003	435.306	
19	13	-11.539	31.778	14.8209	
19	14	-9.551	26.977	41.9274	
19	16	-9.159	29.952	16.709	
19	26	-6.779	28.125	10.2059	
19	28	-6.388	31.1	15.4099	
1544	28	12:58:10:713:985:160	688.905
9	21	-22.204	10.488	12.6816	
9	23	-19.824	8.662	15.6459	
15	2	-24.192	15.289	30.0493	
15	3	-25.789	23.063	21.7179	
15	5	-25.398	26.038	21.0974	
15	6	-26.572	17.115	76.4807	
15	7	-28.169	24.89	13.937	
15	8	-26.964	14.14	37.3014	
15	9	-28.561	21.915	18.0609	
15	10	-24.584	12.314	22.9683	
15	11	-26.181	20.089	40.1031	
15	12	-21.812	13.462	22.5362	
15	13	-23.409	21.237	13.2364	
15	15	-23.017	24.212	35.2654	
15	16	-21.029	19.411	9.1088	
15	17	-22.626	27.186	29.548	
15	18	-20.637	22.385	15.4209	
15	19	-22.234	30.16	12.0744	
15	20	-17.866	23.533	12.6327	
15	27	-20.246	25.36	28.1722	
15	28	-18.257	20.559	20.4607	
15	29	-19.854	28.334	15.2399	
20	17	-34.496	16.645	9.94422	
20	19	-34.104	19.619	9.8783	
20	21	-31.332	20.767	16.3435	
20	23	-28.952	18.941	34.5255	
20	25	-29.344	15.967	73.9569	
20	29	-31.724	17.793	20.5179	
1546	8	12:58:10:733:605:780	161.024
5	2	-17.805	-15.811	26.5384	
5	4	-17.413	-12.837	7.67117	
5	8	-20.576	-16.959	49.6141	
5	10	-18.196	-18.786	26.1139	
5	12	-15.425	-17.638	17.7494	
5	14	-15.033	-14.663	14.8505	
21	20	-23.348	-18.107	10.992	
21	22	-20.968	-19.934	7.49425	
1547	6	12:58:10:733:936:470	268.431
7	2	-15.064	5.009	8.91772	
7	10	-15.455	2.035	35.2006	
9	20	-20.607	2.713	12.719	
9	22	-18.227	0.887	28.2389	
9	24	-18.618	-2.088	104.089	
9	26	-21.39	-3.236	79.265	
1549	15	12:58:10:741:470:440	565.072
5	6	-20.185	-13.985	9.30795	
21	3	-31.271	-18.577	47.5015	
21	5	-30.88	-15.603	22.2921	
21	7	-33.651	-16.751	14.4892	
21	9	-34.043	-19.725	18.6978	
21	11	-31.663	-21.552	147.549	
21	13	-28.891	-20.404	75.8581	
21	15	-28.5	-17.429	54.7441	
21	16	-26.511	-22.23	11.0483	
21	17	-28.108	-14.455	27.5838	
21	18	-26.119	-19.255	27.3312	
21	23	-22.565	-12.159	30.4874	
21	25	-22.956	-15.133	12.8118	
21	27	-25.728	-16.281	46.4281	
21	29	-25.336	-13.307	18.9419	
1552	9	12:58:10:766:857:170	146.028
5	17	-16.238	-3.914	14.1062	
5	29	-13.467	-2.766	11.1113	
9	14	-24.162	-4.384	24.367	
9	16	-23.77	-1.409	7.46329	
9	20	-20.607	2.713	20.1145	
9	24	-18.618	-2.088	8.19413	
9	25	-20.215	5.687	8.43929	
9	26	-21.39	-3.236	23.0608	
9	28	-20.998	-0.261	29.1716	
1555	10	12:58:10:790:102:480	167.036
1	3	-7.532	2.505	15.4113	
1	5	-7.14	5.479	7.55253	
1	7	-9.912	4.331	40.9776	
7	2	-15.064	5.009	12.3913	
7	4	-14.672	7.983	14.7754	
7	12	-12.683	3.183	7.54577	
7	13	-14.28	10.958	9.11251	
7	14	-12.292	6.157	21.0922	
7	16	-11.9	9.131	9.67624	
7	26	-9.52	7.305	28.5011	
1564	8	12:58:10:869:152:620	192.807
8	17	-1.627	27.447	17.9373	
8	19	-1.236	30.422	47.6008	
8	21	1.536	31.57	17.2626	
8	23	3.916	29.743	12.3328	
8	29	1.144	28.595	26.0268	
19	22	-3.616	32.248	11.9813	
19	24	-4.008	29.274	51.4214	
19	28	-6.388	31.1	8.24346	
1565	6	12:58:10:870:933:050	118.599
5	9	-22.173	-9.184	9.61284	
21	19	-27.716	-11.481	10.2119	
21	21	-24.945	-10.332	17.4439	
21	23	-22.565	-12.159	30.7108	
21	25	-22.956	-15.133	8.75783	
21	29	-25.336	-13.307	41.8617	
1569	7	12:58:10:958:716:830	212.06
1	3	-7.532	2.505	15.8725	
1	9	-10.303	1.356	63.8349	
1	11	-7.923	-0.47	55.6089	
1	13	-5.152	0.678	28.051	
1	15	-4.76	3.653	8.6496	
5	21	-13.075	0.208	25.7807	
5	23	-10.695	-1.618	14.2624	
1572	10	12:58:10:973:097:130	139.153
5	8	-20.576	-16.959	25.0682	
21	3	-31.271	-18.577	7.11729	
21	9	-34.043	-19.725	14.6526	
21	11	-31.663	-21.552	7.94977	
21	15	-28.5	-17.429	25.2828	
21	17	-28.108	-14.455	7.21949	
21	18	-26.119	-19.255	8.48776	
21	20	-23.348	-18.107	20.1574	
21	25	-22.956	-15.133	10.3361	
21	27	-25.728	-16.281	12.8816	
1574	7	12:58:10:998:261:980	272.589
11	16	9.551	-26.977	64.772	
11	18	9.942	-24.003	14.3521	
11	24	14.703	-27.656	34.5276	
11	26	11.931	-28.804	81.2331	
11	28	12.322	-25.829	29.8476	
22	9	17.083	-29.482	37.6292	
22	11	19.463	-31.308	10.2272	
1586	17	12:58:11:131:474:770	485.606
5	26	-12.261	-13.515	10.5199	
6	2	-8.676	-26.091	13.6429	
6	3	-10.273	-18.316	95.1624	
6	4	-8.284	-23.116	32.1669	
6	5	-9.881	-15.341	37.1826	
6	7	-12.653	-16.49	56.3312	
6	8	-11.448	-27.239	15.2202	
6	9	-13.044	-19.464	41.352	
6	11	-10.664	-21.29	29.4348	
6	12	-6.296	-27.917	9.45699	
6	13	-7.893	-20.142	54.5114	
6	14	-5.904	-24.943	19.8174	
6	15	-7.501	-17.168	24.3237	
6	16	-5.513	-21.968	8.04265	
6	17	-7.11	-14.193	12.1372	
6	18	-5.121	-18.994	14.6628	
6	28	-2.741	-20.82	11.6408	
1596	5	12:58:11:234:008:360	77.9882
3	3	4.338	13.045	7.29554	
3	5	4.73	16.02	26.7766	
3	17	7.501	17.168	24.7671	
3	27	9.881	15.341	8.51197	
3	29	10.273	18.316	10.637	
1603	12	12:58:11:269:669:510	374.208
10	8	15.486	-21.707	19.88	
11	5	5.182	-20.351	8.41654	
11	15	7.562	-22.177	16.7333	
11	17	7.954	-19.202	28.1333	
11	18	9.942	-24.003	18.0643	
11	20	12.714	-22.855	113.153	
11	22	15.094	-24.681	56.5385	
11	23	13.497	-16.906	8.52988	
11	24	14.703	-27.656	7.50924	
11	25	13.106	-19.881	19.2831	
11	27	10.334	-21.029	59.6603	
11	29	10.726	-18.054	18.3067	
1624	9	12:58:11:528:439:630	141.331
1	20	0.392	2.974	13.2787	
3	2	5.935	5.27	22.3687	
3	4	6.326	8.245	9.04361	
3	6	3.555	7.097	11.564	
3	8	3.163	4.122	32.5744	
3	14	8.706	6.418	7.71896	
3	16	9.098	9.393	17.8545	
3	22	14.641	11.689	11.7852	
3	28	11.87	10.541	15.1433	
1631	5	12:58:11:610:910:590	68.9923
8	7	-7.171	25.151	18.0239	
19	2	-12.322	25.829	12.3175	
19	8	-15.094	24.681	7.70883	
19	10	-12.714	22.855	18.174	
19	14	-9.551	26.977	12.768	
1632	6	12:58:11:626:602:650	86.3474
5	3	-19.401	-8.036	11.3539	
5	13	-17.021	-9.863	16.8214	
5	18	-14.25	-8.715	12.0679	
5	22	-9.098	-9.393	13.5194	
5	24	-9.49	-12.367	11.3389	
5	28	-11.87	-10.541	21.2459	
1634	29	12:58:11:646:270:080	1447.54
4	5	13.858	5.74	12.7649	
4	12	17.444	-6.835	19.785	
4	15	16.238	3.914	14.9584	
4	16	18.227	-0.887	31.8281	
4	18	18.618	2.088	33.8813	
4	20	21.39	3.236	33.562	
4	22	23.77	1.409	111.393	
4	23	22.173	9.184	11.5948	
4	24	23.378	-1.565	171.736	
4	25	21.782	6.21	25.9734	
4	26	20.607	-2.713	27.1543	
4	27	19.01	5.062	13.7932	
4	28	20.998	0.261	48.3012	
10	19	20.215	-5.687	15.0331	
10	21	22.987	-4.539	37.4339	
10	23	25.367	-6.366	34.2698	
10	29	22.595	-7.514	10.4388	
12	3	28.53	-2.243	69.61	
12	4	30.519	-7.044	12.5001	
12	5	28.922	0.731	16.5502	
12	6	27.747	-8.192	8.48717	
12	7	26.15	-0.417	169.714	
12	9	25.758	-3.391	309.96	
12	11	28.139	-5.217	84.3322	
12	13	30.91	-4.069	12.4747	
13	2	26.933	5.532	18.725	
13	8	24.162	4.384	39.3169	
13	10	26.542	2.558	31.1855	
13	12	29.313	3.706	20.7808	
1635	8	12:58:11:648:051:580	178.762
7	14	-12.292	6.157	7.61276	
7	16	-11.9	9.131	14.5727	
7	18	-11.509	12.106	8.86939	
7	20	-8.737	13.254	62.292	
7	22	-6.357	11.428	17.7976	
7	25	-8.346	16.228	9.72051	
7	28	-9.129	10.279	23.4112	
8	8	-5.965	14.402	34.4861	
1644	6	12:58:11:762:506:340	128.918
7	15	-13.889	13.932	26.4369	
7	17	-13.497	16.906	45.0388	
7	19	-13.106	19.881	21.7739	
7	27	-11.117	15.08	7.94333	
7	29	-10.726	18.054	10.7376	
15	22	-15.486	21.707	16.9871	
1667	64	12:58:12:115:865:780	2806.78
1	3	-7.532	2.505	16.3336	
1	4	-5.543	-2.296	11.3105	
1	11	-7.923	-0.47	12.6116	
1	12	-3.555	-7.097	14.4394	
1	13	-5.152	0.678	30.3265	
1	14	-3.163	-4.122	18.2697	
1	15	-4.76	3.653	25.6965	
1	16	-2.772	-1.148	14.7186	
1	18	-2.38	1.826	28.8987	
1	20	0.392	2.974	24.7868	
1	22	2.772	1.148	24.8462	
1	24	2.38	-1.826	55.8985	
1	25	0.783	5.949	9.17426	
1	28	0	0	9.89456	
2	5	1.988	-4.801	40.8953	
2	17	4.76	-3.653	44.6971	
2	19	5.152	-0.678	181.302	
2	21	7.923	0.47	484.74	
2	23	10.303	-1.356	132.493	
2	25	9.912	-4.331	24.5283	
2	27	7.14	-5.479	8.31327	
2	29	7.532	-2.505	109.008	
3	2	5.935	5.27	26.3002	
3	4	6.326	8.245	16.2928	
3	6	3.555	7.097	12.0977	
3	8	3.163	4.122	19.7337	
3	10	5.543	2.296	48.1664	
3	11	3.946	10.071	10.4432	
3	12	8.315	3.444	79.9228	
3	14	8.706	6.418	27.6905	
3	16	9.098	9.393	18.5969	
3	24	14.25	8.715	9.54715	
3	26	11.478	7.567	16.1404	
4	3	13.467	2.766	158.975	
4	4	15.455	-2.035	16.0717	
4	5	13.858	5.74	33.635	
4	6	12.683	-3.183	33.0874	
4	7	11.087	4.592	57.8513	
4	9	10.695	1.618	276.469	
4	11	13.075	-0.208	75.8824	
4	13	15.847	0.94	33.8537	
4	14	17.835	-3.861	7.41916	
4	15	16.238	3.914	89.2801	
4	16	18.227	-0.887	17.3577	
4	17	16.63	6.888	22.5571	
4	18	18.618	2.088	37.5578	
4	19	17.021	9.863	20.0786	
4	20	21.39	3.236	31.4326	
4	22	23.77	1.409	9.02401	
4	23	22.173	9.184	30.8127	
4	24	23.378	-1.565	9.18963	
4	25	21.782	6.21	19.2488	
4	26	20.607	-2.713	17.5633	
4	27	19.01	5.062	63.7776	
4	28	20.998	0.261	23.0475	
4	29	19.401	8.036	20.2478	
10	19	20.215	-5.687	7.16714	
13	3	25.336	13.307	8.84332	
13	4	27.325	8.506	11.7301	
13	6	24.553	7.358	15.0262	
13	8	24.162	4.384	13.8062	
13	9	22.565	12.159	10.9737	
13	11	24.945	10.332	18.5138	
13	13	27.716	11.481	8.18859	
1679	6	12:58:12:297:720:150	95.9072
1	15	-4.76	3.653	13.1546	
1	16	-2.772	-1.148	7.21213	
1	17	-4.369	6.627	28.7166	
1	18	-2.38	1.826	18.6405	
1	19	-3.977	9.601	9.17308	
1	27	-1.988	4.801	19.0104	
1684	18	12:58:12:395:445:290	508.697
4	3	13.467	2.766	49.7265	
4	4	15.455	-2.035	8.57158	
4	9	10.695	1.618	7.52374	
4	13	15.847	0.94	90.4235	
4	15	16.238	3.914	19.3466	
4	16	18.227	-0.887	20.7487	
4	18	18.618	2.088	80.7025	
4	20	21.39	3.236	27.2691	
4	22	23.77	1.409	38.4014	
4	24	23.378	-1.565	14.7103	
4	26	20.607	-2.713	8.30819	
4	27	19.01	5.062	7.47671	
4	28	20.998	0.261	58.3824	
12	5	28.922	0.731	19.229	
12	7	26.15	-0.417	23.5505	
12	9	25.758	-3.391	10.0598	
12	15	31.302	-1.095	16.3044	
12	18	33.682	-2.921	7.96203	
1688	6	12:58:12:423:634:390	106.481
9	2	-26.933	-5.532	25.5391	
9	6	-29.313	-3.706	15.0296	
9	8	-29.705	-6.68	21.2316	
9	10	-27.325	-8.506	22.6579	
21	19	-27.716	-11.481	13.2559	
21	21	-24.945	-10.332	8.76715	
1689	22	12:58:12:470:788:710	1462.84
5	17	-16.238	-3.914	10.5113	
5	19	-15.847	-0.94	15.4643	
5	21	-13.075	0.208	9.80786	
5	29	-13.467	-2.766	9.3934	
7	2	-15.064	5.009	33.5667	
7	3	-16.66	12.784	383.389	
7	4	-14.672	7.983	35.9365	
7	5	-16.269	15.758	20.4407	
7	6	-17.444	6.835	155.254	
7	7	-19.04	14.61	89.6087	
7	8	-17.835	3.861	52.0509	
7	9	-19.432	11.636	110.501	
7	10	-15.455	2.035	24.3118	
7	11	-17.052	9.81	330.915	
7	13	-14.28	10.958	22.1771	
7	14	-12.292	6.157	8.24134	
9	21	-22.204	10.488	18.8718	
9	22	-18.227	0.887	26.7377	
9	23	-19.824	8.662	56.7126	
9	24	-18.618	-2.088	13.4203	
9	25	-20.215	5.687	21.322	
9	29	-22.595	7.514	14.2048	
1690	9	12:58:12:474:698:630	169.045
8	18	0.361	22.647	8.16528	
8	20	3.133	23.795	17.0904	
8	22	5.513	21.968	7.49145	
16	2	8.676	26.091	35.6207	
16	4	9.067	29.065	14.8568	
16	6	6.296	27.917	13.9521	
16	8	5.904	24.943	32.5954	
16	11	6.687	30.891	9.96925	
16	14	11.448	27.239	29.304	
1694	12	12:58:12:525:816:350	442.021
1	3	-7.532	2.505	46.2338	
1	4	-5.543	-2.296	9.08877	
1	5	-7.14	5.479	7.33467	
1	7	-9.912	4.331	12.1155	
1	9	-10.303	1.356	58.8206	
1	11	-7.923	-0.47	92.3004	
1	13	-5.152	0.678	117.538	
1	15	-4.76	3.653	10.1993	
5	19	-15.847	-0.94	9.8023	
5	21	-13.075	0.208	38.9863	
5	23	-10.695	-1.618	31.1213	
5	29	-13.467	-2.766	8.47964	
1695	5	12:58:12:530:245:880	96.2951
5	17	-16.238	-3.914	8.20585	
5	19	-15.847	-0.94	39.5631	
5	21	-13.075	0.208	17.7943	
5	23	-10.695	-1.618	8.18045	
5	29	-13.467	-2.766	22.5515	
1698	4	12:58:12:555:666:420	47.7409
21	17	-28.108	-14.455	7.00119	
21	19	-27.716	-11.481	18.6891	
21	21	-24.945	-10.332	7.98383	
21	29	-25.336	-13.307	14.0668	
1701	18	12:58:12:576:059:200	680.473
1	2	-5.935	-5.27	11.7527	
1	10	-6.326	-8.245	28.4537	
1	12	-3.555	-7.097	48.6178	
1	14	-3.163	-4.122	9.02066	
2	3	1.597	-7.775	31.2427	
2	7	-0.783	-5.949	7.84282	
2	9	-1.175	-8.923	231.886	
2	11	1.205	-10.749	28.0885	
2	13	3.977	-9.601	11.575	
5	18	-14.25	-8.715	19.2275	
5	22	-9.098	-9.393	31.8053	
5	24	-9.49	-12.367	21.5474	
5	26	-12.261	-13.515	10.5874	
5	28	-11.87	-10.541	10.176	
6	17	-7.11	-14.193	13.512	
6	19	-6.718	-11.219	38.0205	
6	21	-3.946	-10.071	109.695	
6	23	-1.566	-11.897	17.4217	
1703	5	12:58:12:627:651:110	80.5708
4	4	15.455	-2.035	11.1497	
4	16	18.227	-0.887	26.5234	
4	24	23.378	-1.565	9.05247	
4	26	20.607	-2.713	22.5421	
4	28	20.998	0.261	11.3031	
1713	8	12:58:12:746:545:500	116.016
6	3	-10.273	-18.316	24.758	
6	9	-13.044	-19.464	23.3003	
6	11	-10.664	-21.29	10.6476	
6	13	-7.893	-20.142	10.2865	
6	15	-7.501	-17.168	14.5359	
6	27	-4.73	-16.02	11.5037	
17	21	-15.816	-20.612	9.03486	
17	23	-13.436	-22.438	11.9488	
1714	11	12:58:12:750:934:470	298.457
13	2	26.933	5.532	84.0108	
13	4	27.325	8.506	49.4326	
13	6	24.553	7.358	20.579	
13	8	24.162	4.384	25.402	
13	10	26.542	2.558	10.0007	
13	11	24.945	10.332	7.69457	
13	14	29.705	6.68	34.9253	
13	16	30.096	9.654	34.3621	
13	22	35.64	11.95	7.88364	
13	26	32.477	7.828	9.79961	
13	28	32.868	10.802	14.367	
1717	4	12:58:12:776:728:750	60.0567
7	9	-19.432	11.636	9.81796	
7	11	-17.052	9.81	18.8172	
9	21	-22.204	10.488	10.5401	
9	23	-19.824	8.662	20.8814	
1733	6	12:58:12:942:033:100	79.4058
1	3	-7.532	2.505	8.53193	
1	5	-7.14	5.479	7.11681	
1	7	-9.912	4.331	26.6392	
1	9	-10.303	1.356	9.35297	
7	12	-12.683	3.183	7.31049	
7	26	-9.52	7.305	20.4545	
1745	20	12:58:13:075:463:540	416.682
7	17	-13.497	16.906	14.5877	
7	19	-13.106	19.881	48.2945	
7	21	-10.334	21.029	29.4747	
7	29	-10.726	18.054	9.44779	
15	2	-24.192	15.289	11.5836	
15	4	-23.801	18.263	21.7463	
15	9	-28.561	21.915	16.7095	
15	11	-26.181	20.089	10.3374	
15	13	-23.409	21.237	8.20802	
15	14	-21.421	16.437	19.2065	
15	16	-21.029	19.411	26.9761	
15	18	-20.637	22.385	7.38123	
15	20	-17.866	23.533	7.07903	
15	22	-15.486	21.707	28.0019	
15	24	-15.877	18.733	42.8794	
15	26	-18.649	17.585	44.7441	
15	28	-18.257	20.559	28.1513	
19	2	-12.322	25.829	9.84547	
19	8	-15.094	24.681	8.58388	
19	10	-12.714	22.855	23.4437	
1747	13	12:58:13:104:583:010	264.401
8	3	-4.791	23.325	9.81396	
8	13	-2.411	21.499	12.0597	
8	15	-2.019	24.473	29.6932	
8	16	-0.031	19.672	11.0994	
8	17	-1.627	27.447	7.33949	
8	18	0.361	22.647	51.8755	
8	20	3.133	23.795	25.8492	
8	22	5.513	21.968	10.9086	
8	24	5.121	18.994	22.51	
8	25	3.524	26.769	10.6123	
8	26	2.349	17.846	14.4564	
8	27	0.753	25.621	30.3513	
8	28	2.741	20.82	27.8322	
1750	11	12:58:13:137:085:360	298.546
2	15	4.369	-6.627	7.22031	
2	17	4.76	-3.653	7.45512	
2	18	6.749	-8.453	12.9546	
2	20	9.52	-7.305	68.149	
2	21	7.923	0.47	32.0048	
2	23	10.303	-1.356	11.5282	
2	25	9.912	-4.331	33.8219	
2	27	7.14	-5.479	38.0856	
2	28	9.129	-10.279	35.2989	
2	29	7.532	-2.505	41.9249	
4	8	12.292	-6.157	10.1029	
1751	8	12:58:13:149:806:810	122.6
9	3	-28.53	2.243	9.46933	
9	9	-31.302	1.095	12.6068	
9	11	-28.922	-0.731	22.5608	
9	13	-26.15	0.417	20.7984	
9	15	-25.758	3.391	20.9573	
9	18	-23.378	1.565	15.1454	
9	20	-20.607	2.713	12.3046	
9	27	-22.987	4.539	8.75747	
1761	53	12:58:13:334:764:390	4947.88
1	5	-7.14	5.479	17.2111	
5	5	-19.01	-5.062	19.7308	
5	7	-21.782	-6.21	16.651	
5	9	-22.173	-9.184	7.83409	
5	17	-16.238	-3.914	7.46342	
5	21	-13.075	0.208	8.40674	
7	2	-15.064	5.009	46.5258	
7	3	-16.66	12.784	162.25	
7	4	-14.672	7.983	64.5363	
7	5	-16.269	15.758	8.23069	
7	6	-17.444	6.835	663.801	
7	7	-19.04	14.61	32.7752	
7	8	-17.835	3.861	197.946	
7	9	-19.432	11.636	107.982	
7	10	-15.455	2.035	33.0097	
7	11	-17.052	9.81	923.41	
7	12	-12.683	3.183	18.5031	
7	13	-14.28	10.958	56.4061	
7	14	-12.292	6.157	21.9303	
7	15	-13.889	13.932	19.4964	
7	16	-11.9	9.131	15.2388	
7	18	-11.509	12.106	12.3584	
7	26	-9.52	7.305	10.8722	
9	2	-26.933	-5.532	11.0756	
9	3	-28.53	2.243	10.8408	
9	4	-26.542	-2.557	26.4668	
9	6	-29.313	-3.706	10.3299	
9	11	-28.922	-0.731	13.5433	
9	12	-24.553	-7.358	27.0546	
9	13	-26.15	0.417	27.6198	
9	14	-24.162	-4.384	42.1494	
9	15	-25.758	3.391	30.26	
9	16	-23.77	-1.409	63.6845	
9	17	-25.367	6.366	13.7389	
9	18	-23.378	1.565	79.6617	
9	19	-24.975	9.34	19.8249	
9	20	-20.607	2.713	359.91	
9	21	-22.204	10.488	35.8029	
9	22	-18.227	0.887	60.3581	
9	23	-19.824	8.662	547.321	
9	24	-18.618	-2.088	43.5837	
9	25	-20.215	5.687	621.644	
9	26	-21.39	-3.236	54.7736	
9	27	-22.987	4.539	87.1729	
9	28	-20.998	-0.261	149.262	
9	29	-22.595	7.514	49.9078	
15	2	-24.192	15.289	9.19877	
15	8	-26.964	14.14	8.99622	
15	10	-24.584	12.314	15.0249	
21	19	-27.716	-11.481	18.2309	
21	21	-24.945	-10.332	15.1241	
21	23	-22.565	-12.159	10.3753	
21	29	-25.336	-13.307	12.374	
1762	16	12:58:13:341:129:200	395.094
5	4	-17.413	-12.837	25.1122	
5	6	-20.185	-13.985	16.5556	
5	11	-19.793	-11.011	16.6609	
5	13	-17.021	-9.863	11.421	
5	14	-15.033	-14.663	9.72477	
5	16	-14.641	-11.689	15.2654	
5	26	-12.261	-13.515	9.98044	
21	5	-30.88	-15.603	28.3931	
21	7	-33.651	-16.751	7.3457	
21	15	-28.5	-17.429	8.53863	
21	17	-28.108	-14.455	39.372	
21	19	-27.716	-11.481	55.9365	
21	21	-24.945	-10.332	27.1752	
21	23	-22.565	-12.159	61.4855	
21	25	-22.956	-15.133	17.7942	
21	29	-25.336	-13.307	44.3331	
1769	15	12:58:13:423:375:650	403.581
8	3	-4.791	23.325	47.8542	
8	7	-7.171	25.151	114.98	
8	9	-7.562	22.177	23.9932	
8	11	-5.182	20.351	33.1017	
8	13	-2.411	21.499	23.3475	
8	14	-0.422	16.698	11.9847	
8	15	-2.019	24.473	9.27337	
8	16	-0.031	19.672	15.797	
8	26	2.349	17.846	13.0739	
19	4	-11.931	28.804	11.8761	
19	12	-9.942	24.003	13.485	
19	13	-11.539	31.778	16.5822	
19	14	-9.551	26.977	47.0174	
19	16	-9.159	29.952	11.9046	
19	26	-6.779	28.125	9.30999	
1771	37	12:58:13:440:900:330	1013.12
2	4	3.585	-12.576	11.1508	
2	6	0.814	-13.724	17.341	
2	8	0.422	-16.698	18.8509	
2	9	-1.175	-8.923	7.96793	
2	10	2.802	-18.524	13.4377	
2	11	1.205	-10.749	31.8432	
5	4	-17.413	-12.837	8.03301	
5	16	-14.641	-11.689	18.1713	
5	18	-14.25	-8.715	14.2822	
5	22	-9.098	-9.393	15.7246	
5	24	-9.49	-12.367	11.8185	
5	28	-11.87	-10.541	8.38834	
6	2	-8.676	-26.091	18.3662	
6	3	-10.273	-18.316	44.7447	
6	4	-8.284	-23.116	9.12736	
6	5	-9.881	-15.341	57.9839	
6	8	-11.448	-27.239	15.5105	
6	11	-10.664	-21.29	10.0316	
6	12	-6.296	-27.917	12.6227	
6	13	-7.893	-20.142	27.2738	
6	15	-7.501	-17.168	224.037	
6	16	-5.513	-21.968	16.5449	
6	17	-7.11	-14.193	108.491	
6	18	-5.121	-18.994	35.2151	
6	19	-6.718	-11.219	26.5537	
6	20	-2.349	-17.846	17.5626	
6	21	-3.946	-10.071	18.4967	
6	23	-1.566	-11.897	9.2477	
6	24	-0.361	-22.647	13.5952	
6	25	-1.958	-14.872	8.19707	
6	26	-3.133	-23.795	10.5666	
6	27	-4.73	-16.02	77.8659	
6	28	-2.741	-20.82	14.386	
6	29	-4.338	-13.045	21.8839	
17	14	-13.828	-25.413	11.8075	
17	21	-15.816	-20.612	15.8968	
17	23	-13.436	-22.438	10.0996	
1775	9	12:58:13:504:502:670	251.161
10	10	17.866	-23.533	63.2397	
10	12	20.637	-22.385	21.7282	
11	14	9.159	-29.952	7.77498	
11	22	15.094	-24.681	20.7249	
11	24	14.703	-27.656	55.2107	
11	26	11.931	-28.804	16.4545	
22	5	20.246	-25.36	15.6451	
22	7	17.474	-26.508	34.2132	
22	9	17.083	-29.482	16.1693	
1776	5	12:58:13:514:450:840	68.5321
9	2	-26.933	-5.532	7.75295	
9	4	-26.542	-2.557	15.9311	
9	6	-29.313	-3.706	7.17574	
9	11	-28.922	-0.731	14.5377	
9	14	-24.162	-4.384	23.1346	
1777	17	12:58:13:517:349:120	358.98
2	8	0.422	-16.698	8.20783	
6	4	-8.284	-23.116	14.2741	
6	10	-9.067	-29.065	11.8036	
6	12	-6.296	-27.917	42.3561	
6	14	-5.904	-24.943	36.2483	
6	16	-5.513	-21.968	34.5068	
6	18	-5.121	-18.994	28.96	
6	20	-2.349	-17.846	16.4172	
6	26	-3.133	-23.795	8.00724	
6	27	-4.73	-16.02	26.2429	
6	28	-2.741	-20.82	9.38215	
18	3	-7.079	-33.866	25.1109	
18	5	-6.687	-30.891	55.728	
18	7	-9.459	-32.039	14.0949	
18	9	-9.851	-35.014	9.7924	
18	11	-7.471	-36.84	10.1188	
18	19	-3.524	-26.769	7.72911	
1782	5	12:58:13:623:135:910	102.185
7	6	-17.444	6.835	26.3463	
7	8	-17.835	3.861	7.35146	
9	23	-19.824	8.662	31.4734	
9	25	-20.215	5.687	9.97371	
9	29	-22.595	7.514	27.04	
1784	6	12:58:13:668:250:120	116.364
13	13	27.716	11.481	10.9984	
13	14	29.705	6.68	11.7258	
13	16	30.096	9.654	38.7084	
13	18	30.488	12.629	34.379	
13	20	33.26	13.777	9.41206	
13	28	32.868	10.802	11.1402	
1789	6	12:58:13:776:477:360	97.0763
10	4	18.649	-17.585	7.05179	
10	5	17.052	-9.81	7.84152	
10	11	16.269	-15.758	11.6261	
10	13	19.04	-14.61	35.8544	
10	15	19.432	-11.636	27.6566	
10	16	21.421	-16.437	7.04588	
1796	7	12:58:13:865:552:660	133.918
13	5	25.728	16.281	16.7016	
14	4	18.196	18.786	9.1924	
14	13	18.588	21.76	8.34751	
14	16	20.968	19.934	35.8123	
14	18	21.359	22.908	17.1327	
14	26	23.348	18.107	33.356	
14	28	23.739	21.082	13.3752	
1800	9	12:58:13:899:781:020	157.428
9	12	-24.553	-7.358	17.3189	
9	14	-24.162	-4.384	26.4094	
9	16	-23.77	-1.409	24.6584	
9	18	-23.378	1.565	18.6117	
9	26	-21.39	-3.236	14.5109	
9	27	-22.987	4.539	15.6125	
9	28	-20.998	-0.261	14.5534	
9	29	-22.595	7.514	11.5931	
21	21	-24.945	-10.332	14.16	
1802	8	12:58:13:920:461:020	153.304
11	3	4.791	-23.325	17.9006	
11	13	7.171	-25.151	7.54274	
11	15	7.562	-22.177	34.1429	
11	17	7.954	-19.202	15.3961	
11	18	9.942	-24.003	32.7964	
11	20	12.714	-22.855	27.2471	
11	25	13.106	-19.881	9.3902	
11	27	10.334	-21.029	8.8879	
1808	4	12:58:13:971:427:710	48.1314
21	16	-26.511	-22.23	11.0807	
21	18	-26.119	-19.255	15.2714	
21	20	-23.348	-18.107	9.91563	
21	28	-23.739	-21.082	11.8636	
1813	18	12:58:14:011:853:500	595.077
1	21	-1.205	10.749	16.2343	
1	29	-1.597	7.775	8.42874	
8	2	-3.194	15.55	21.6969	
8	5	-4.399	26.299	11.3608	
8	10	-3.585	12.576	9.32487	
8	12	-0.814	13.724	48.1481	
8	13	-2.411	21.499	82.0851	
8	14	-0.422	16.698	41.0619	
8	15	-2.019	24.473	111.46	
8	16	-0.031	19.672	66.5194	
8	17	-1.627	27.447	43.7407	
8	18	0.361	22.647	39.2387	
8	19	-1.236	30.422	26.1658	
8	20	3.133	23.795	8.3926	
8	21	1.536	31.57	8.29628	
8	22	5.513	21.968	16.1986	
8	26	2.349	17.846	12.8334	
8	27	0.753	25.621	23.8903	
1819	8	12:58:14:083:409:070	238.403
7	3	-16.66	12.784	10.2253	
7	5	-16.269	15.758	15.1009	
7	15	-13.889	13.932	25.7743	
7	17	-13.497	16.906	86.218	
7	18	-11.509	12.106	8.67374	
7	19	-13.106	19.881	35.3551	
7	21	-10.334	21.029	23.5528	
7	29	-10.726	18.054	33.5026	
1825	9	12:58:14:146:613:490	145.543
5	15	-16.63	-6.888	21.57	
5	18	-14.25	-8.715	12.6953	
5	20	-11.478	-7.567	20.7468	
5	22	-9.098	-9.393	24.1381	
5	24	-9.49	-12.367	12.9832	
5	27	-13.858	-5.74	16.2281	
5	28	-11.87	-10.541	15.0921	
5	29	-13.467	-2.766	9.79545	
6	19	-6.718	-11.219	12.2937	
1832	11	12:58:14:213:188:810	280.056
14	3	16.208	23.586	51.4076	
14	5	16.599	26.561	30.9991	
14	7	13.828	25.413	44.1094	
14	9	13.436	22.438	35.0721	
14	13	18.588	21.76	7.99104	
14	15	18.979	24.734	33.5172	
14	16	20.968	19.934	17.4694	
14	17	19.371	27.709	29.5449	
14	18	21.359	22.908	7.16744	
14	27	21.751	25.882	10.839	
16	12	11.056	24.264	11.9387	
1835	6	12:58:14:259:943:370	117.599
1	16	-2.772	-1.148	9.27274	
1	24	2.38	-1.826	30.2556	
1	28	0	0	22.7015	
2	5	1.988	-4.801	33.7091	
2	15	4.369	-6.627	8.66437	
2	17	4.76	-3.653	12.9961	
1842	4	12:58:14:378:888:690	119.603
2	14	5.965	-14.402	53.1885	
2	16	6.357	-11.428	29.089	
2	26	8.737	-13.254	27.14	
2	28	9.129	-10.279	10.185	
1850	12	12:58:14:444:488:590	417.764
4	24	23.378	-1.565	25.9573	
4	26	20.607	-2.713	13.1648	
4	28	20.998	0.261	9.13073	
10	21	22.987	-4.539	37.7345	
10	23	25.367	-6.366	110.129	
10	25	24.975	-9.34	7.48695	
12	2	30.127	-10.018	28.0769	
12	4	30.519	-7.044	10.6869	
12	6	27.747	-8.192	106.43	
12	8	27.355	-11.166	16.8463	
12	9	25.758	-3.391	19.6305	
12	11	28.139	-5.217	32.4899	
1856	4	12:58:14:492:705:110	76.8518
2	2	3.194	-15.55	31.9181	
2	6	0.814	-13.724	22.3252	
2	8	0.422	-16.698	13.4753	
2	12	5.574	-17.376	9.13325	
1859	43	12:58:14:509:477:450	1061.79
1	2	-5.935	-5.27	16.2785	
1	8	-8.706	-6.418	16.3025	
1	10	-6.326	-8.245	33.2749	
1	12	-3.555	-7.097	34.5624	
1	24	2.38	-1.826	7.66379	
2	3	1.597	-7.775	7.07071	
2	5	1.988	-4.801	40.6176	
2	7	-0.783	-5.949	23.4009	
2	15	4.369	-6.627	10.6242	
2	17	4.76	-3.653	64.1745	
2	18	6.749	-8.453	8.42549	
2	19	5.152	-0.678	15.7008	
2	20	9.52	-7.305	9.17321	
2	23	10.303	-1.356	61.4301	
2	25	9.912	-4.331	24.3624	
2	27	7.14	-5.479	27.8461	
2	29	7.532	-2.505	43.2651	
4	4	15.455	-2.035	43.9628	
4	6	12.683	-3.183	18.1426	
4	11	13.075	-0.208	57.8276	
4	13	15.847	0.94	46.4615	
4	14	17.835	-3.861	7.45335	
4	16	18.227	-0.887	42.6389	
4	18	18.618	2.088	37.9183	
4	20	21.39	3.236	27.9048	
4	22	23.77	1.409	43.2428	
4	24	23.378	-1.565	14.8474	
4	26	20.607	-2.713	9.98815	
4	28	20.998	0.261	39.1026	
5	4	-17.413	-12.837	18.1286	
5	6	-20.185	-13.985	10.1173	
5	16	-14.641	-11.689	9.12245	
5	18	-14.25	-8.715	10.6286	
5	20	-11.478	-7.567	21.2957	
5	22	-9.098	-9.393	18.8118	
5	24	-9.49	-12.367	10.6538	
5	27	-13.858	-5.74	9.0304	
5	28	-11.87	-10.541	14.7827	
12	7	26.15	-0.417	12.7089	
13	2	26.933	5.532	11.7136	
13	8	24.162	4.384	17.3937	
13	10	26.542	2.558	39.9829	
13	12	29.313	3.706	23.7551	
1864	14	12:58:14:602:928:600	251.374
3	3	4.338	13.045	12.9583	
3	5	4.73	16.02	10.1051	
3	7	1.958	14.872	36.7892	
3	15	7.11	14.193	24.8393	
3	18	9.49	12.367	10.9263	
3	27	9.881	15.341	14.9479	
7	25	-8.346	16.228	13.6501	
7	27	-11.117	15.08	17.4167	
7	29	-10.726	18.054	12.1886	
8	2	-3.194	15.55	29.4976	
8	6	-5.574	17.376	17.8217	
8	8	-5.965	14.402	31.0144	
8	12	-0.814	13.724	8.83691	
8	14	-0.422	16.698	10.3823	
1866	5	12:58:14:631:796:770	67.7723
9	3	-28.53	2.243	22.3346	
9	9	-31.302	1.095	8.18397	
9	13	-26.15	0.417	11.1683	
9	15	-25.758	3.391	17.0607	
9	18	-23.378	1.565	9.02479	
1869	21	12:58:14:654:679:210	870.704
5	19	-15.847	-0.94	12.421	
7	6	-17.444	6.835	7.27568	
7	8	-17.835	3.861	18.7725	
7	9	-19.432	11.636	17.4914	
7	10	-15.455	2.035	15.7446	
9	18	-23.378	1.565	14.7707	
9	19	-24.975	9.34	12.1351	
9	20	-20.607	2.713	143.964	
9	21	-22.204	10.488	41.692	
9	22	-18.227	0.887	93.9375	
9	23	-19.824	8.662	32.4115	
9	24	-18.618	-2.088	104.817	
9	25	-20.215	5.687	79.9495	
9	26	-21.39	-3.236	10.1849	
9	27	-22.987	4.539	49.4646	
9	28	-20.998	-0.261	59.5397	
9	29	-22.595	7.514	63.6667	
15	2	-24.192	15.289	29.402	
15	4	-23.801	18.263	12.0772	
15	10	-24.584	12.314	16.9516	
15	12	-21.812	13.462	34.0343	
1878	6	12:58:14:879:100:670	101.477
5	4	-17.413	-12.837	41.3592	
5	6	-20.185	-13.985	7.9835	
5	11	-19.793	-11.011	12.4251	
5	14	-15.033	-14.663	8.35558	
5	16	-14.641	-11.689	7.28325	
21	23	-22.565	-12.159	24.0707	
1882	6	12:58:14:922:840:290	83.8042
4	17	16.63	6.888	9.3809	
4	18	18.618	2.088	14.3816	
4	19	17.021	9.863	8.37625	
4	21	19.793	11.011	9.5192	
4	27	19.01	5.062	21.27	
4	29	19.401	8.036	20.8764	
1883	4	12:58:14:926:954:380	95.2633
2	4	3.585	-12.576	8.15253	
2	6	0.814	-13.724	51.6768	
6	23	-1.566	-11.897	26.2538	
6	29	-4.338	-13.045	9.18025	
1897	4	12:58:15:134:544:350	72.3327
4	20	21.39	3.236	18.8786	
4	22	23.77	1.409	13.5031	
4	27	19.01	5.062	29.3268	
4	28	20.998	0.261	10.6242	
1906	14	12:58:15:267:340:980	297.575
6	3	-10.273	-18.316	14.6519	
6	4	-8.284	-23.116	7.15714	
6	9	-13.044	-19.464	34.3937	
6	11	-10.664	-21.29	21.3392	
6	13	-7.893	-20.142	35.6769	
6	15	-7.501	-17.168	20.6585	
6	16	-5.513	-21.968	15.4725	
6	18	-5.121	-18.994	47.0346	
6	20	-2.349	-17.846	31.4982	
6	22	0.031	-19.672	14.6493	
6	27	-4.73	-16.02	7.69313	
6	28	-2.741	-20.82	10.9458	
17	21	-15.816	-20.612	22.0725	
17	23	-13.436	-22.438	14.3314	
1911	4	12:58:15:331:381:840	73.0277
1	17	-4.369	6.627	19.7597	
7	22	-6.357	11.428	12.2428	
7	24	-6.749	8.453	31.6578	
7	26	-9.52	7.305	9.36729	
1912	4	12:58:15:334:746:850	47.2961
13	3	25.336	13.307	20.3434	
13	5	25.728	16.281	8.57547	
13	9	22.565	12.159	9.00308	
13	11	24.945	10.332	9.37409	
1917	9	12:58:15:437:754:390	229.617
2	2	3.194	-15.55	8.54239	
2	3	1.597	-7.775	46.7325	
2	4	3.585	-12.576	48.3762	
2	11	1.205	-10.749	32.3438	
2	12	5.574	-17.376	20.7294	
2	13	3.977	-9.601	11.9294	
2	14	5.965	-14.402	27.1096	
11	17	7.954	-19.202	23.2872	
11	27	10.334	-21.029	10.5669	
1918	4	12:58:15:452:500:600	71.3562
2	14	5.965	-14.402	14.6101	
11	15	7.562	-22.177	10.4693	
11	17	7.954	-19.202	27.1898	
11	19	8.346	-16.228	19.087	
1923	6	12:58:15:475:400:550	98.2745
8	15	-2.019	24.473	15.1997	
8	23	3.916	29.743	11.2379	
8	25	3.524	26.769	12.9773	
8	27	0.753	25.621	32.3054	
8	29	1.144	28.595	8.02239	
16	6	6.296	27.917	18.5317	
1925	10	12:58:15:485:966:300	210.481
4	2	15.064	-5.009	17.4123	
4	6	12.683	-3.183	11.7144	
4	8	12.292	-6.157	10.39	
4	10	14.672	-7.983	8.8997	
4	12	17.444	-6.835	26.0265	
4	14	17.835	-3.861	14.2571	
10	17	19.824	-8.662	24.2544	
10	19	20.215	-5.687	19.8112	
10	25	24.975	-9.34	28.604	
10	29	22.595	-7.514	49.1116	
1932	18	12:58:15:645:570:890	809.145
5	2	-17.805	-15.811	180.148	
5	4	-17.413	-12.837	24.28	
5	6	-20.185	-13.985	100.936	
5	8	-20.576	-16.959	44.6526	
5	10	-18.196	-18.786	71.7561	
5	11	-19.793	-11.011	24.003	
5	12	-15.425	-17.638	136.02	
5	13	-17.021	-9.863	10.2169	
5	14	-15.033	-14.663	19.0634	
5	16	-14.641	-11.689	14.1251	
6	7	-12.653	-16.49	12.3828	
6	9	-13.044	-19.464	83.857	
17	19	-18.588	-21.76	13.1477	
17	21	-15.816	-20.612	28.8963	
21	20	-23.348	-18.107	9.88301	
21	22	-20.968	-19.934	7.56332	
21	23	-22.565	-12.159	13.855	
21	25	-22.956	-15.133	14.3591	
1940	6	12:58:15:768:247:250	75.2042
4	2	15.064	-5.009	11.937	
4	4	15.455	-2.035	11.0493	
4	12	17.444	-6.835	12.4527	
4	14	17.835	-3.861	15.0093	
10	17	19.824	-8.662	8.65017	
10	19	20.215	-5.687	16.1058	
1942	4	12:58:15:795:398:260	91.5993
4	16	18.227	-0.887	12.8252	
4	20	21.39	3.236	16.1454	
4	22	23.77	1.409	29.8056	
4	28	20.998	0.261	32.8231	
1947	5	12:58:15:832:313:190	61.7177
9	17	-25.367	6.366	11.098	
9	21	-22.204	10.488	9.90436	
9	25	-20.215	5.687	8.34339	
9	27	-22.987	4.539	9.66341	
9	29	-22.595	7.514	22.7085	
1950	4	12:58:15:854:445:120	80.3531
10	2	18.257	-20.559	8.20424	
10	4	18.649	-17.585	23.3225	
10	11	16.269	-15.758	33.6915	
10	13	19.04	-14.61	15.1349	
1954	6	12:58:15:939:039:950	92.4016
4	2	15.064	-5.009	12.141	
4	4	15.455	-2.035	7.60058	
4	12	17.444	-6.835	10.9075	
4	14	17.835	-3.861	23.4883	
4	24	23.378	-1.565	20.0595	
4	26	20.607	-2.713	18.2047	
1959	4	12:58:16:029:356:040	69.2768
9	5	-28.139	5.217	9.79429	
9	15	-25.758	3.391	24.3625	
9	17	-25.367	6.366	25.1512	
9	29	-22.595	7.514	9.96882	
1964	37	12:58:16:078:895:290	2337.19
1	2	-5.935	-5.27	63.6542	
1	3	-7.532	2.505	16.5642	
1	4	-5.543	-2.296	445.022	
1	5	-7.14	5.479	7.00788	
1	6	-8.315	-3.444	87.3781	
1	8	-8.706	-6.418	12.6276	
1	9	-10.303	1.356	116.065	
1	11	-7.923	-0.47	354.289	
1	12	-3.555	-7.097	21.5055	
1	13	-5.152	0.678	28.1295	
1	14	-3.163	-4.122	282.561	
1	15	-4.76	3.653	8.109	
1	16	-2.772	-1.148	51.7728	
1	18	-2.38	1.826	18.1241	
1	24	2.38	-1.826	18.088	
1	28	0	0	18.5196	
2	3	1.597	-7.775	85.1774	
2	5	1.988	-4.801	45.2001	
2	7	-0.783	-5.949	191.942	
2	9	-1.175	-8.923	26.5042	
2	11	1.205	-10.749	10.7098	
2	13	3.977	-9.601	29.9219	
2	14	5.965	-14.402	8.45846	
2	15	4.369	-6.627	45.7286	
2	16	6.357	-11.428	25.5549	
2	17	4.76	-3.653	13.7349	
2	18	6.749	-8.453	29.9055	
2	20	9.52	-7.305	11.7013	
2	22	11.9	-9.131	8.90072	
2	24	11.509	-12.106	15.7395	
2	27	7.14	-5.479	12.3685	
2	28	9.129	-10.279	31.4271	
5	21	-13.075	0.208	27.9874	
5	23	-10.695	-1.618	123.394	
5	25	-11.087	-4.592	17.2758	
5	29	-13.467	-2.766	11.4402	
7	12	-12.683	3.183	14.705	
1965	9	12:58:16:083:005:180	156.371
10	21	22.987	-4.539	16.3961	
12	3	28.53	-2.243	9.25254	
12	5	28.922	0.731	9.02735	
12	7	26.15	-0.417	34.0295	
12	9	25.758	-3.391	14.3561	
13	2	26.933	5.532	14.1068	
13	6	24.553	7.358	13.9382	
13	8	24.162	4.384	28.0835	
13	10	26.542	2.558	17.1806	
1968	4	12:58:16:097:273:550	55.0847
12	3	28.53	-2.243	12.9536	
12	6	27.747	-8.192	7.21674	
12	11	28.139	-5.217	23.5952	
12	13	30.91	-4.069	11.3193	
1971	11	12:58:16:112:961:400	211.343
2	22	11.9	-9.131	11.7097	
4	2	15.064	-5.009	39.3818	
4	4	15.455	-2.035	11.6185	
4	8	12.292	-6.157	17.3525	
4	10	14.672	-7.983	14.6209	
4	12	17.444	-6.835	9.21078	
4	13	15.847	0.94	12.4976	
4	14	17.835	-3.861	31.3519	
4	16	18.227	-0.887	28.5378	
4	26	20.607	-2.713	11.3016	
4	28	20.998	0.261	23.7603	
1975	6	12:58:16:188:079:020	163.766
10	20	24.584	-12.314	53.4276	
10	22	26.964	-14.14	18.9592	
10	24	26.572	-17.115	25.7363	
10	25	24.975	-9.34	10.7505	
10	27	22.204	-10.488	21.8365	
10	28	24.192	-15.289	33.0555	
1976	16	12:58:16:202:922:850	285.897
5	3	-19.401	-8.036	26.4197	
5	4	-17.413	-12.837	11.941	
5	9	-22.173	-9.184	21.0044	
5	11	-19.793	-11.011	15.8844	
5	13	-17.021	-9.863	17.1133	
5	15	-16.63	-6.888	9.21178	
5	16	-14.641	-11.689	10.9984	
5	18	-14.25	-8.715	8.00838	
9	2	-26.933	-5.532	21.5649	
9	6	-29.313	-3.706	10.8977	
9	8	-29.705	-6.68	39.4984	
9	10	-27.325	-8.506	35.0258	
9	12	-24.553	-7.358	28.9421	
9	14	-24.162	-4.384	7.57069	
21	21	-24.945	-10.332	9.42996	
21	23	-22.565	-12.159	12.3865	
1978	5	12:58:16:258:873:860	148.047
3	17	7.501	17.168	25.599	
3	19	7.893	20.142	14.2286	
8	22	5.513	21.968	15.1143	
8	24	5.121	18.994	75.0656	
8	28	2.741	20.82	18.0394	
1985	18	12:58:16:300:864:290	341.65
2	12	5.574	-17.376	8.96221	
10	2	18.257	-20.559	10.6481	
10	6	15.877	-18.733	11.5035	
10	8	15.486	-21.707	24.8453	
11	3	4.791	-23.325	7.42313	
11	5	5.182	-20.351	12.2272	
11	13	7.171	-25.151	20.3884	
11	15	7.562	-22.177	19.1741	
11	17	7.954	-19.202	18.2695	
11	18	9.942	-24.003	27.2426	
11	19	8.346	-16.228	10.0176	
11	20	12.714	-22.855	32.8156	
11	21	11.117	-15.08	16.1208	
11	22	15.094	-24.681	14.5118	
11	25	13.106	-19.881	39.3101	
11	27	10.334	-21.029	35.9714	
11	28	12.322	-25.829	13.9118	
11	29	10.726	-18.054	18.3067	
1993	4	12:58:16:348:491:960	55.0483
2	23	10.303	-1.356	22.5105	
4	6	12.683	-3.183	8.28818	
4	7	11.087	4.592	14.5864	
4	9	10.695	1.618	9.66319	
1997	45	12:58:16:443:143:080	2539.51
8	19	-1.236	30.422	7.69965	
8	21	1.536	31.57	15.029	
8	23	3.916	29.743	26.6272	
8	25	3.524	26.769	18.4654	
8	27	0.753	25.621	7.40661	
14	3	16.208	23.586	44.6405	
14	4	18.196	18.786	11.855	
14	5	16.599	26.561	41.8655	
14	7	13.828	25.413	69.5546	
14	9	13.436	22.438	18.9273	
14	11	15.816	20.612	14.2104	
14	13	18.588	21.76	21.5966	
14	15	18.979	24.734	24.3655	
14	16	20.968	19.934	23.3573	
14	17	19.371	27.709	24.5813	
14	18	21.359	22.908	21.5337	
14	19	19.762	30.683	17.4519	
14	20	24.131	24.056	12.4817	
14	22	26.511	22.23	8.0972	
14	24	26.119	19.255	10.1321	
14	26	23.348	18.107	12.9177	
14	27	21.751	25.882	8.42289	
14	28	23.739	21.082	16.9935	
14	29	22.143	28.857	11.7586	
16	2	8.676	26.091	25.6256	
16	3	7.079	33.866	226.61	
16	4	9.067	29.065	81.7306	
16	5	7.471	36.84	176.268	
16	6	6.296	27.917	33.4424	
16	7	4.699	35.692	191.607	
16	8	5.904	24.943	27.069	
16	9	4.307	32.718	45.9122	
16	10	8.284	23.116	12.7687	
16	11	6.687	30.891	76.5624	
16	12	11.056	24.264	34.8276	
16	13	9.459	32.039	338.426	
16	14	11.448	27.239	82.9839	
16	15	9.851	35.014	151.362	
16	16	11.839	30.213	162.17	
16	18	12.231	33.187	115.898	
16	20	15.002	34.336	31.1505	
16	22	17.382	32.509	21.5708	
16	24	16.991	29.535	31.1855	
16	26	14.219	28.387	126.143	
16	28	14.611	31.361	56.2229	
1998	13	12:58:16:453:369:050	259.202
2	16	6.357	-11.428	12.9134	
2	18	6.749	-8.453	16.6845	
2	20	9.52	-7.305	15.0961	
2	23	10.303	-1.356	26.5887	
2	25	9.912	-4.331	38.0372	
2	27	7.14	-5.479	14.3286	
2	29	7.532	-2.505	7.86951	
4	3	13.467	2.766	38.7854	
4	5	13.858	5.74	29.5683	
4	6	12.683	-3.183	8.22291	
4	9	10.695	1.618	16.9017	
4	11	13.075	-0.208	21.5312	
4	17	16.63	6.888	12.675	
2008	14	12:58:16:583:852:280	754.23
10	5	17.052	-9.81	22.6838	
10	13	19.04	-14.61	16.3906	
10	14	21.029	-19.411	10.9275	
10	15	19.432	-11.636	50.6541	
10	16	21.421	-16.437	25.99	
10	17	19.824	-8.662	14.4509	
10	18	21.812	-13.462	85.6499	
10	20	24.584	-12.314	21.0175	
10	22	26.964	-14.14	18.9267	
10	24	26.572	-17.115	223.711	
10	26	23.801	-18.263	40.2726	
10	28	24.192	-15.289	182.559	
22	21	26.181	-20.089	33.8692	
22	23	28.561	-21.915	7.12734	
2009	7	12:58:16:586:632:240	114.483
2	15	4.369	-6.627	16.1254	
2	17	4.76	-3.653	11.1155	
2	18	6.749	-8.453	10.69	
2	20	9.52	-7.305	26.4362	
2	22	11.9	-9.131	8.90072	
2	25	9.912	-4.331	11.9157	
2	27	7.14	-5.479	29.2992	
2036	13	12:58:16:913:447:290	316.317
10	2	18.257	-20.559	29.5702	
10	3	16.66	-12.784	36.8839	
10	4	18.649	-17.585	83.2112	
10	6	15.877	-18.733	32.8564	
10	8	15.486	-21.707	9.72373	
10	9	13.889	-13.932	13.932	
10	11	16.269	-15.758	35.9166	
10	12	20.637	-22.385	10.5959	
10	13	19.04	-14.61	29.1131	
10	14	21.029	-19.411	9.09551	
10	15	19.432	-11.636	7.10632	
10	16	21.421	-16.437	8.74088	
11	23	13.497	-16.906	9.5717	
2038	4	12:58:16:966:630:480	73.2801
11	2	6.388	-31.1	28.6107	
11	4	6.779	-28.125	21.0122	
11	6	4.008	-29.274	15.6683	
11	8	3.616	-32.248	7.98887	
2040	5	12:58:16:998:019:650	97.6858
6	2	-8.676	-26.091	28.3983	
6	12	-6.296	-27.917	30.4948	
18	17	-3.916	-29.743	20.6844	
18	19	-3.524	-26.769	9.88113	
18	27	-1.536	-31.57	8.22726	
2063	4	12:58:17:348:259:630	206.398
9	2	-26.933	-5.532	13.2908	
9	4	-26.542	-2.557	7.21531	
9	6	-29.313	-3.706	114.291	
9	8	-29.705	-6.68	71.6008	
2074	21	12:58:17:498:234:380	463.231
8	3	-4.791	23.325	19.0349	
8	5	-4.399	26.299	7.55436	
8	7	-7.171	25.151	19.0822	
8	9	-7.562	22.177	8.82951	
8	15	-2.019	24.473	11.9141	
15	19	-22.234	30.16	43.8472	
15	21	-19.463	31.308	48.6034	
15	23	-17.083	29.482	69.48	
15	29	-19.854	28.334	7.28708	
19	2	-12.322	25.829	21.3958	
19	3	-13.919	33.604	10.6295	
19	4	-11.931	28.804	30.5607	
19	6	-14.703	27.656	31.7287	
19	7	-16.299	35.431	9.10301	
19	8	-15.094	24.681	10.334	
19	9	-16.691	32.456	29.3273	
19	11	-14.311	30.63	25.4771	
19	12	-9.942	24.003	13.5691	
19	13	-11.539	31.778	8.80663	
19	14	-9.551	26.977	26.2262	
19	26	-6.779	28.125	10.4397	
2075	10	12:58:17:499:150:210	314.185
4	4	15.455	-2.035	9.00685	
4	12	17.444	-6.835	7.84734	
4	14	17.835	-3.861	15.5221	
10	15	19.432	-11.636	10.8713	
10	17	19.824	-8.662	65.436	
10	19	20.215	-5.687	34.8281	
10	20	24.584	-12.314	11.8381	
10	25	24.975	-9.34	16.8616	
10	27	22.204	-10.488	106.495	
10	29	22.595	-7.514	35.4792	
2076	17	12:58:17:508:781:340	329.877
1	19	-3.977	9.601	13.5616	
7	15	-13.889	13.932	14.9623	
7	17	-13.497	16.906	28.3578	
7	18	-11.509	12.106	12.815	
7	19	-13.106	19.881	9.54403	
7	20	-8.737	13.254	32.6699	
7	22	-6.357	11.428	14.5414	
7	27	-11.117	15.08	35.6147	
15	3	-25.789	23.063	7.47126	
15	5	-25.398	26.038	15.3964	
15	15	-23.017	24.212	16.2708	
15	18	-20.637	22.385	28.8318	
15	20	-17.866	23.533	13.8452	
15	22	-15.486	21.707	14.8414	
15	24	-15.877	18.733	41.4152	
15	26	-18.649	17.585	10.7086	
15	28	-18.257	20.559	19.0298	
2086	4	12:58:17:623:283:850	52.7416
8	20	3.133	23.795	11.6581	
8	22	5.513	21.968	13.1757	
8	24	5.121	18.994	10.8992	
8	28	2.741	20.82	17.0086	
2101	8	12:58:17:887:611:510	139.11
10	20	24.584	-12.314	11.7787	
10	22	26.964	-14.14	14.3571	
10	24	26.572	-17.115	14.8041	
10	25	24.975	-9.34	9.63065	
12	2	30.127	-10.018	8.81353	
12	6	27.747	-8.192	34.531	
12	8	27.355	-11.166	37.9728	
12	10	29.735	-12.992	7.22231	
2102	4	12:58:17:916:589:210	56.6048
1	9	-10.303	1.356	22.4044	
1	11	-7.923	-0.47	15.3035	
1	13	-5.152	0.678	7.72875	
5	23	-10.695	-1.618	11.1681	
2106	4	12:58:17:977:710:700	55.3494
8	5	-4.399	26.299	8.22781	
8	15	-2.019	24.473	18.8538	
8	18	0.361	22.647	16.039	
8	27	0.753	25.621	12.2288	
2113	4	12:58:18:051:810:500	52.2791
3	3	4.338	13.045	18.2041	
3	4	6.326	8.245	11.7352	
3	7	1.958	14.872	7.48978	
3	11	3.946	10.071	14.8501	
2114	7	12:58:18:097:851:780	190.907
15	13	-23.409	21.237	28.3583	
15	15	-23.017	24.212	11.0742	
15	16	-21.029	19.411	24.1344	
15	18	-20.637	22.385	58.3221	
15	20	-17.866	23.533	10.7163	
15	22	-15.486	21.707	18.5964	
15	28	-18.257	20.559	39.7051	
2122	4	12:58:18:254:886:670	58.9144
15	2	-24.192	15.289	19.6241	
15	6	-26.572	17.115	12.3344	
15	10	-24.584	12.314	10.2926	
15	12	-21.812	13.462	16.6633	
2123	6	12:58:18:256:015:040	102.059
2	24	11.509	-12.106	15.1461	
11	17	7.954	-19.202	10.0354	
11	19	8.346	-16.228	9.85269	
11	21	11.117	-15.08	25.1888	
11	27	10.334	-21.029	13.8155	
11	29	10.726	-18.054	28.0204	
2127	6	12:58:18:331:251:940	88.7274
7	3	-16.66	12.784	22.8707	
7	4	-14.672	7.983	9.44268	
7	5	-16.269	15.758	8.74085	
7	7	-19.04	14.61	10.8913	
7	11	-17.052	9.81	22.9008	
7	13	-14.28	10.958	13.8811	
2143	9	12:58:18:558:726:420	147.504
2	19	5.152	-0.678	9.48234	
2	21	7.923	0.47	21.1088	
2	22	11.9	-9.131	8.69766	
2	23	10.303	-1.356	16.7624	
2	25	9.912	-4.331	20.0807	
4	2	15.064	-5.009	7.75393	
4	6	12.683	-3.183	13.0849	
4	8	12.292	-6.157	29.5549	
4	10	14.672	-7.983	20.9779	
2151	4	12:58:18:688:518:650	57.0775
5	5	-19.01	-5.062	10.0057	
5	17	-16.238	-3.914	18.4045	
5	19	-15.847	-0.94	14.7211	
7	10	-15.455	2.035	13.9462	
2156	9	12:58:18:751:665:070	140.771
1	3	-7.532	2.505	14.2967	
1	5	-7.14	5.479	13.7616	
1	7	-9.912	4.331	17.8212	
1	13	-5.152	0.678	22.9116	
1	15	-4.76	3.653	9.5506	
1	16	-2.772	-1.148	29.9156	
1	18	-2.38	1.826	10.3099	
7	14	-12.292	6.157	7.12387	
7	26	-9.52	7.305	15.0798	
2158	4	12:58:18:759:279:460	72.0002
7	14	-12.292	6.157	12.2572	
7	22	-6.357	11.428	21.5327	
7	26	-9.52	7.305	25.2456	
7	28	-9.129	10.279	12.9647	
2168	10	12:58:18:916:008:430	181.239
10	3	16.66	-12.784	37.8545	
10	5	17.052	-9.81	21.5844	
10	7	14.28	-10.958	8.4636	
10	9	13.889	-13.932	15.9692	
10	11	16.269	-15.758	11.3665	
10	15	19.432	-11.636	12.0635	
10	17	19.824	-8.662	18.6233	
10	19	20.215	-5.687	25.1744	
10	21	22.987	-4.539	20.4701	
11	23	13.497	-16.906	9.66937	
2170	23	12:58:18:959:879:510	718.317
7	5	-16.269	15.758	9.7952	
7	7	-19.04	14.61	13.9354	
15	2	-24.192	15.289	54.1365	
15	4	-23.801	18.263	64.1361	
15	6	-26.572	17.115	39.5937	
15	8	-26.964	14.14	41.251	
15	11	-26.181	20.089	10.7772	
15	13	-23.409	21.237	14.4565	
15	14	-21.421	16.437	66.2786	
15	16	-21.029	19.411	49.787	
15	18	-20.637	22.385	13.0644	
15	24	-15.877	18.733	30.3293	
15	26	-18.649	17.585	95.9657	
15	28	-18.257	20.559	48.2543	
20	17	-34.496	16.645	8.82729	
20	18	-32.507	11.844	11.2255	
20	20	-29.735	12.992	24.5115	
20	22	-27.355	11.166	12.1763	
20	23	-28.952	18.941	9.36976	
20	25	-29.344	15.967	39.0864	
20	27	-32.116	14.819	27.1308	
20	28	-30.127	10.018	9.4116	
20	29	-31.724	17.793	24.8176	
2173	15	12:58:18:981:475:440	457.065
11	14	9.159	-29.952	19.4374	
11	15	7.562	-22.177	8.46956	
11	16	9.551	-26.977	74.4343	
11	18	9.942	-24.003	21.3381	
11	20	12.714	-22.855	17.7761	
11	22	15.094	-24.681	35.7249	
11	24	14.703	-27.656	42.0555	
11	25	13.106	-19.881	12.9693	
11	26	11.931	-28.804	45.6276	
11	27	10.334	-21.029	8.34039	
11	28	12.322	-25.829	70.0408	
22	3	19.854	-28.334	18.0301	
22	5	20.246	-25.36	15.3252	
22	7	17.474	-26.508	43.6582	
22	9	17.083	-29.482	23.8378	
2175	4	12:58:19:031:348:220	41.8657
8	3	-4.791	23.325	16.0107	
8	9	-7.562	22.177	8.55531	
8	11	-5.182	20.351	10.2986	
8	15	-2.019	24.473	7.00109	
2180	29	12:58:19:078:889:650	1117.53
8	3	-4.791	23.325	8.80588	
8	11	-5.182	20.351	11.7588	
8	13	-2.411	21.499	14.2898	
8	14	-0.422	16.698	7.11072	
8	16	-0.031	19.672	22.6746	
8	18	0.361	22.647	18.5987	
8	20	3.133	23.795	16.3885	
8	22	5.513	21.968	34.8287	
8	25	3.524	26.769	7.91374	
8	28	2.741	20.82	15.0436	
14	3	16.208	23.586	21.6898	
14	5	16.599	26.561	161.4	
14	7	13.828	25.413	145.579	
14	9	13.436	22.438	25.9348	
14	15	18.979	24.734	30.745	
14	17	19.371	27.709	126.868	
14	18	21.359	22.908	11.097	
14	19	19.762	30.683	23.754	
14	23	24.914	30.005	25.9035	
14	27	21.751	25.882	20.6378	
14	29	22.143	28.857	75.4173	
16	2	8.676	26.091	29.0282	
16	8	5.904	24.943	25.5553	
16	10	8.284	23.116	57.9308	
16	12	11.056	24.264	91.5175	
16	14	11.448	27.239	28.47	
16	24	16.991	29.535	18.7182	
16	26	14.219	28.387	28.6072	
16	28	14.611	31.361	11.2637	
2189	16	12:58:19:152:745:390	327.664
2	2	3.194	-15.55	14.138	
2	8	0.422	-16.698	12.5012	
2	10	2.802	-18.524	25.0521	
2	12	5.574	-17.376	13.0328	
11	3	4.791	-23.325	9.93617	
11	5	5.182	-20.351	25.0839	
11	13	7.171	-25.151	7.97093	
11	15	7.562	-22.177	25.0558	
11	17	7.954	-19.202	21.7862	
11	18	9.942	-24.003	33.1764	
11	20	12.714	-22.855	12.7312	
11	21	11.117	-15.08	8.06041	
11	25	13.106	-19.881	9.06848	
11	27	10.334	-21.029	85.4662	
11	28	12.322	-25.829	8.80329	
11	29	10.726	-18.054	15.8013	
2190	5	12:58:19:160:896:040	93.1042
15	16	-21.029	19.411	10.8216	
15	18	-20.637	22.385	16.9803	
15	20	-17.866	23.533	10.7554	
15	22	-15.486	21.707	13.1248	
15	28	-18.257	20.559	41.4221	
2191	23	12:58:19:166:320:550	1407.85
3	24	14.25	8.715	190.765	
3	26	11.478	7.567	24.0495	
4	2	15.064	-5.009	10.6106	
4	3	13.467	2.766	138.617	
4	4	15.455	-2.035	40.6815	
4	5	13.858	5.74	407.903	
4	6	12.683	-3.183	14.2922	
4	7	11.087	4.592	22.6037	
4	8	12.292	-6.157	8.41606	
4	11	13.075	-0.208	35.2872	
4	12	17.444	-6.835	14.4524	
4	13	15.847	0.94	111.944	
4	14	17.835	-3.861	21.3002	
4	15	16.238	3.914	183.945	
4	16	18.227	-0.887	37.9721	
4	17	16.63	6.888	37.8458	
4	18	18.618	2.088	29.3759	
4	19	17.021	9.863	11.6501	
4	20	21.39	3.236	10.075	
4	25	21.782	6.21	18.466	
4	26	20.607	-2.713	11.0267	
4	27	19.01	5.062	8.34685	
4	28	20.998	0.261	18.2275	
2200	25	12:58:19:260:438:990	1586.88
6	2	-8.676	-26.091	10.442	
6	10	-9.067	-29.065	23.8912	
11	2	6.388	-31.1	9.99653	
11	6	4.008	-29.274	9.05278	
11	8	3.616	-32.248	19.0892	
11	10	5.996	-34.074	11.9252	
17	22	-11.839	-30.213	16.997	
17	24	-12.231	-33.187	33.8485	
18	3	-7.079	-33.866	233.099	
18	5	-6.687	-30.891	121.383	
18	7	-9.459	-32.039	179.469	
18	9	-9.851	-35.014	46.307	
18	11	-7.471	-36.84	27.849	
18	13	-4.699	-35.692	98.3332	
18	15	-4.307	-32.718	302.345	
18	16	-2.319	-37.518	40.4631	
18	17	-3.916	-29.743	22.9241	
18	18	-1.927	-34.544	128.672	
18	19	-3.524	-26.769	8.51717	
18	20	0.844	-33.396	82.4112	
18	22	3.224	-35.222	36.892	
18	24	2.833	-38.197	8.82265	
18	26	0.061	-39.345	10.8187	
18	27	-1.536	-31.57	55.7451	
18	28	0.453	-36.37	47.5881	
2201	18	12:58:19:262:831:550	243.33
1	5	-7.14	5.479	18.8087	
1	7	-9.912	4.331	17.6359	
1	9	-10.303	1.356	7.85934	
1	15	-4.76	3.653	8.57752	
7	4	-14.672	7.983	11.9222	
7	9	-19.432	11.636	12.6327	
7	11	-17.052	9.81	17.3471	
7	12	-12.683	3.183	7.64661	
7	13	-14.28	10.958	7.67542	
7	14	-12.292	6.157	14.6668	
7	16	-11.9	9.131	10.9087	
7	18	-11.509	12.106	14.5758	
7	26	-9.52	7.305	28.5933	
9	21	-22.204	10.488	15.2246	
9	23	-19.824	8.662	11.1973	
15	8	-26.964	14.14	18.797	
15	10	-24.584	12.314	9.21098	
20	20	-29.735	12.992	10.0504	
2216	4	12:58:19:410:346:590	55.4836
13	2	26.933	5.532	7.93505	
13	4	27.325	8.506	14.1434	
13	14	29.705	6.68	24.7125	
13	16	30.096	9.654	8.69268	
2226	7	12:58:19:583:674:430	126.089
18	13	-4.699	-35.692	15.9853	
18	15	-4.307	-32.718	19.9167	
18	17	-3.916	-29.743	26.4484	
18	18	-1.927	-34.544	7.88851	
18	19	-3.524	-26.769	31.5226	
18	21	-0.753	-25.621	10.501	
18	27	-1.536	-31.57	13.8268	
2228	6	12:58:19:604:968:640	75.9067
2	12	5.574	-17.376	8.4149	
11	15	7.562	-22.177	13.0866	
11	17	7.954	-19.202	26.8038	
11	19	8.346	-16.228	8.32738	
11	27	10.334	-21.029	9.36241	
11	29	10.726	-18.054	9.91154	
2243	7	12:58:19:820:609:520	102.591
7	25	-8.346	16.228	10.7201	
8	2	-3.194	15.55	25.8025	
8	6	-5.574	17.376	11.5374	
8	8	-5.965	14.402	17.0943	
8	14	-0.422	16.698	20.6979	
8	16	-0.031	19.672	9.16503	
8	26	2.349	17.846	7.57382	
2244	4	12:58:19:823:421:230	68.0271
1	5	-7.14	5.479	23.638	
1	15	-4.76	3.653	12.2176	
7	16	-11.9	9.131	8.27727	
7	26	-9.52	7.305	23.8943	
2254	18	12:58:20:045:314:290	429.285
2	20	9.52	-7.305	8.88429	
2	23	10.303	-1.356	7.0004	
4	2	15.064	-5.009	24.9622	
4	3	13.467	2.766	9.19686	
4	4	15.455	-2.035	30.5697	
4	6	12.683	-3.183	14.0964	
4	8	12.292	-6.157	18.4651	
4	10	14.672	-7.983	8.11443	
4	13	15.847	0.94	9.88777	
4	14	17.835	-3.861	15.2486	
4	15	16.238	3.914	19.1028	
4	16	18.227	-0.887	50.428	
4	18	18.618	2.088	49.8488	
4	20	21.39	3.236	71.8596	
4	22	23.77	1.409	12.9103	
4	27	19.01	5.062	12.6653	
4	28	20.998	0.261	34.0111	
13	8	24.162	4.384	32.0333	
2260	11	12:58:20:081:647:240	245.094
10	10	17.866	-23.533	11.9868	
10	12	20.637	-22.385	38.4603	
10	14	21.029	-19.411	15.9091	
10	26	23.801	-18.263	20.17	
11	22	15.094	-24.681	11.361	
22	5	20.246	-25.36	19.7404	
22	7	17.474	-26.508	19.2862	
22	17	23.017	-24.212	24.8812	
22	19	23.409	-21.237	61.0916	
22	21	26.181	-20.089	12.1956	
22	29	25.789	-23.063	10.0123	
2264	14	12:58:20:128:812:430	626.838
1	19	-3.977	9.601	9.07409	
1	21	-1.205	10.749	43.4731	
1	23	1.175	8.923	10.2125	
7	23	-7.954	19.202	19.2877	
7	25	-8.346	16.228	15.9596	
8	2	-3.194	15.55	127.966	
8	6	-5.574	17.376	147.322	
8	7	-7.171	25.151	7.07727	
8	8	-5.965	14.402	24.4015	
8	9	-7.562	22.177	14.6976	
8	10	-3.585	12.576	55.2243	
8	11	-5.182	20.351	99.8012	
8	12	-0.814	13.724	45.0942	
8	14	-0.422	16.698	17.4597	
2266	4	12:58:20:157:373:060	55.0111
1	13	-5.152	0.678	10.5927	
1	16	-2.772	-1.148	14.9394	
1	24	2.38	-1.826	13.9837	
1	28	0	0	15.4953	
2285	6	12:58:20:372:714:870	77.9609
6	2	-8.676	-26.091	18.3271	
6	4	-8.284	-23.116	9.56966	
6	6	-11.056	-24.264	9.33622	
6	8	-11.448	-27.239	10.2021	
6	12	-6.296	-27.917	14.3458	
6	14	-5.904	-24.943	16.18	
2289	4	12:58:20:436:585:360	53.0852
1	4	-5.543	-2.296	7.95773	
1	13	-5.152	0.678	15.536	
1	15	-4.76	3.653	17.1911	
1	16	-2.772	-1.148	12.4005	
2291	4	12:58:20:476:098:040	58.7356
2	23	10.303	-1.356	9.40879	
2	25	9.912	-4.331	18.5539	
2	27	7.14	-5.479	19.0259	
4	6	12.683	-3.183	11.747	
2298	7	12:58:20:667:710:220	137.246
10	3	16.66	-12.784	15.7644	
10	4	18.649	-17.585	22.9441	
10	5	17.052	-9.81	9.9757	
10	7	14.28	-10.958	12.3373	
10	13	19.04	-14.61	51.3198	
10	15	19.432	-11.636	10.181	
10	16	21.421	-16.437	14.7232	
2308	24	12:58:20:748:171:360	1622.01
17	5	-21.751	-25.882	11.2181	
17	12	-16.208	-23.586	11.6492	
17	14	-13.828	-25.413	14.9561	
17	17	-18.979	-24.734	17.6768	
17	19	-18.588	-21.76	20.6607	
17	20	-14.219	-28.387	9.03424	
17	27	-16.599	-26.561	10.1083	
21	3	-31.271	-18.577	121.173	
21	5	-30.88	-15.603	311.225	
21	7	-33.651	-16.751	137.574	
21	9	-34.043	-19.725	23.2524	
21	11	-31.663	-21.552	17.0714	
21	13	-28.891	-20.404	73.3016	
21	15	-28.5	-17.429	312.417	
21	16	-26.511	-22.23	23.587	
21	17	-28.108	-14.455	32.1057	
21	18	-26.119	-19.255	174.667	
21	20	-23.348	-18.107	38.8471	
21	22	-20.968	-19.934	20.7214	
21	24	-21.359	-22.908	43.5162	
21	26	-24.131	-24.056	29.484	
21	27	-25.728	-16.281	26.9096	
21	28	-23.739	-21.082	128.441	
21	29	-25.336	-13.307	12.4079	
2333	7	12:58:21:031:930:430	92.7665
15	13	-23.409	21.237	7.02488	
15	16	-21.029	19.411	13.235	
15	18	-20.637	22.385	15.8367	
15	20	-17.866	23.533	23.0753	
15	22	-15.486	21.707	8.58297	
15	28	-18.257	20.559	14.5943	
19	8	-15.094	24.681	10.4173	
2343	8	12:58:21:102:993:620	238.309
9	15	-25.758	3.391	10.9877	
9	17	-25.367	6.366	52.9748	
9	18	-23.378	1.565	9.58688	
9	19	-24.975	9.34	7.94943	
9	21	-22.204	10.488	21.4483	
9	23	-19.824	8.662	23.484	
9	27	-22.987	4.539	19.5986	
9	29	-22.595	7.514	92.279	
2351	5	12:58:21:184:698:310	56.6882
11	3	4.791	-23.325	8.66032	
11	4	6.779	-28.125	9.72872	
11	11	4.399	-26.299	10.3212	
11	13	7.171	-25.151	14.9208	
11	15	7.562	-22.177	13.0572	
2376	4	12:58:21:373:975:020	53.3991
2	12	5.574	-17.376	11.083	
11	17	7.954	-19.202	21.4002	
11	27	10.334	-21.029	9.0704	
11	29	10.726	-18.054	11.8455	
2378	20	12:58:21:402:359:660	1184.37
11	2	6.388	-31.1	15.0851	
11	6	4.008	-29.274	10.4455	
11	8	3.616	-32.248	9.12413	
11	10	5.996	-34.074	10.2845	
17	22	-11.839	-30.213	9.17355	
17	24	-12.231	-33.187	16.9413	
18	3	-7.079	-33.866	14.5637	
18	5	-6.687	-30.891	8.60302	
18	9	-9.851	-35.014	17.9987	
18	13	-4.699	-35.692	57.5838	
18	15	-4.307	-32.718	22.0951	
18	16	-2.319	-37.518	119.342	
18	18	-1.927	-34.544	152.015	
18	20	0.844	-33.396	34.4487	
18	22	3.224	-35.222	55.4028	
18	24	2.833	-38.197	216.162	
18	25	1.236	-30.422	10.757	
18	26	0.061	-39.345	97.2198	
18	27	-1.536	-31.57	9.69753	
18	28	0.453	-36.37	297.423	
2383	13	12:58:21:442:762:760	152.388
10	2	18.257	-20.559	17.3162	
10	6	15.877	-18.733	9.84939	
10	8	15.486	-21.707	14.0872	
10	10	17.866	-23.533	8.38076	
10	14	21.029	-19.411	10.8311	
11	4	6.779	-28.125	12.8828	
11	6	4.008	-29.274	8.35641	
11	13	7.171	-25.151	7.87211	
11	16	9.551	-26.977	16.287	
11	18	9.942	-24.003	7.54141	
11	22	15.094	-24.681	10.3402	
11	28	12.322	-25.829	12.0483	
18	25	1.236	-30.422	16.5956	
2389	4	12:58:21:583:393:650	87.6581
4	2	15.064	-5.009	11.6989	
4	4	15.455	-2.035	17.7458	
4	6	12.683	-3.183	30.477	
4	11	13.075	-0.208	27.7363	
2394	12	12:58:21:653:556:570	540.387
11	15	7.562	-22.177	25.938	
11	16	9.551	-26.977	12.0055	
11	17	7.954	-19.202	74.3646	
11	18	9.942	-24.003	96.3156	
11	20	12.714	-22.855	49.2828	
11	22	15.094	-24.681	14.6894	
11	24	14.703	-27.656	10.3788	
11	25	13.106	-19.881	18.7201	
11	26	11.931	-28.804	23.8615	
11	27	10.334	-21.029	150.81	
11	28	12.322	-25.829	53.4944	
11	29	10.726	-18.054	10.5269	
2405	5	12:58:21:876:974:950	91.5943
5	19	-15.847	-0.94	27.6022	
5	21	-13.075	0.208	21.5072	
9	22	-18.227	0.887	8.27056	
9	24	-18.618	-2.088	26.8406	
9	28	-20.998	-0.261	7.37374	
2412	10	12:58:21:985:379:130	226.367
15	13	-23.409	21.237	11.8314	
15	16	-21.029	19.411	13.8578	
15	17	-22.626	27.186	8.93223	
15	18	-20.637	22.385	58.8419	
15	20	-17.866	23.533	19.7509	
15	21	-19.463	31.308	7.63666	
15	23	-17.083	29.482	9.87927	
15	25	-17.474	26.508	23.3589	
15	27	-20.246	25.36	46.2067	
15	29	-19.854	28.334	26.0715	
2413	5	12:58:22:056:807:850	60.7603
8	3	-4.791	23.325	14.1724	
8	6	-5.574	17.376	10.345	
8	7	-7.171	25.151	10.0537	
8	9	-7.562	22.177	8.06173	
8	11	-5.182	20.351	18.1275	
2416	7	12:58:22:088:835:120	176.804
7	21	-10.334	21.029	29.7102	
19	2	-12.322	25.829	34.9067	
19	6	-14.703	27.656	24.7323	
19	8	-15.094	24.681	14.0842	
19	10	-12.714	22.855	52.3645	
19	11	-14.311	30.63	8.19325	
19	12	-9.942	24.003	12.8129	
2425	6	12:58:22:201:910:170	94.3546
15	20	-17.866	23.533	20.7286	
15	24	-15.877	18.733	12.7941	
15	25	-17.474	26.508	18.9134	
15	27	-20.246	25.36	7.71337	
15	28	-18.257	20.559	17.8137	
15	29	-19.854	28.334	16.3914	
2430	6	12:58:22:262:084:670	102.731
6	2	-8.676	-26.091	25.2754	
6	4	-8.284	-23.116	8.76549	
6	8	-11.448	-27.239	10.368	
6	10	-9.067	-29.065	22.9177	
6	12	-6.296	-27.917	10.7794	
6	14	-5.904	-24.943	24.6254	
2431	6	12:58:22:277:140:060	102.205
9	5	-28.139	5.217	15.7507	
9	15	-25.758	3.391	24.6784	
9	17	-25.367	6.366	17.26	
9	19	-24.975	9.34	9.08507	
20	22	-27.355	11.166	12.1763	
20	24	-27.747	8.192	23.2543	
2433	6	12:58:22:310:489:670	115.19
5	5	-19.01	-5.062	20.3293	
9	20	-20.607	2.713	8.19242	
9	22	-18.227	0.887	19.7984	
9	24	-18.618	-2.088	31.97	
9	26	-21.39	-3.236	9.67394	
9	28	-20.998	-0.261	25.226	
2439	4	12:58:22:376:512:880	45.5199
5	24	-9.49	-12.367	7.53645	
6	5	-9.881	-15.341	7.26114	
6	17	-7.11	-14.193	17.7446	
6	27	-4.73	-16.02	12.9777	
2444	13	12:58:22:416:136:560	264.533
5	2	-17.805	-15.811	9.46865	
5	10	-18.196	-18.786	7.30884	
5	12	-15.425	-17.638	17.3779	
6	3	-10.273	-18.316	31.0696	
6	4	-8.284	-23.116	11.3388	
6	5	-9.881	-15.341	13.7155	
6	9	-13.044	-19.464	45.01	
6	11	-10.664	-21.29	11.7035	
6	13	-7.893	-20.142	49.1508	
6	16	-5.513	-21.968	36.1536	
6	18	-5.121	-18.994	9.017	
6	26	-3.133	-23.795	14.8445	
6	28	-2.741	-20.82	8.37444	
2461	8	12:58:22:606:376:990	156.189
5	19	-15.847	-0.94	9.02378	
5	21	-13.075	0.208	27.8473	
5	23	-10.695	-1.618	11.4526	
5	29	-13.467	-2.766	12.0981	
7	8	-17.835	3.861	44.4041	
7	10	-15.455	2.035	29.3801	
9	22	-18.227	0.887	13.0006	
9	25	-20.215	5.687	8.98273	
2463	7	12:58:22:631:977:930	143.441
1	2	-5.935	-5.27	7.37279	
1	3	-7.532	2.505	11.7218	
1	4	-5.543	-2.296	20.7224	
1	13	-5.152	0.678	36.8391	
1	14	-3.163	-4.122	7.95493	
1	15	-4.76	3.653	45.951	
1	16	-2.772	-1.148	12.8788	
2471	5	12:58:22:704:531:660	98.7774
1	5	-7.14	5.479	34.2769	
1	13	-5.152	0.678	11.4558	
1	15	-4.76	3.653	29.4086	
7	24	-6.749	8.453	13.071	
7	26	-9.52	7.305	10.5651	
2473	6	12:58:22:751:088:920	88.1297
5	13	-17.021	-9.863	14.1942	
5	14	-15.033	-14.663	7.12682	
5	16	-14.641	-11.689	23.5418	
5	18	-14.25	-8.715	23.9513	
5	26	-12.261	-13.515	10.7897	
5	28	-11.87	-10.541	8.52585	
2483	4	12:58:22:865:470:770	75.1972
4	5	13.858	5.74	7.76628	
4	13	15.847	0.94	31.8688	
4	15	16.238	3.914	21.5756	
4	27	19.01	5.062	13.9866	
2490	4	12:58:22:991:197:820	89.6657
10	21	22.987	-4.539	12.1218	
10	23	25.367	-6.366	33.4236	
10	25	24.975	-9.34	22.9408	
10	29	22.595	-7.514	21.1795	
2501	15	12:58:23:127:785:360	493.213
2	8	0.422	-16.698	9.00155	
2	10	2.802	-18.524	7.21436	
6	16	-5.513	-21.968	10.3406	
6	20	-2.349	-17.846	30.9255	
6	22	0.031	-19.672	51.1088	
6	24	-0.361	-22.647	31.5552	
6	25	-1.958	-14.872	12.7586	
6	26	-3.133	-23.795	14.4423	
6	27	-4.73	-16.02	16.8602	
11	3	4.791	-23.325	61.4728	
11	5	5.182	-20.351	8.48281	
11	7	2.411	-21.499	62.3668	
11	9	2.019	-24.473	90.0351	
11	11	4.399	-26.299	77.6231	
18	23	1.627	-27.447	9.02511	
2503	10	12:58:23:150:616:290	270.993
9	2	-26.933	-5.532	7.16659	
9	4	-26.542	-2.557	7.63035	
9	6	-29.313	-3.706	16.5436	
9	11	-28.922	-0.731	37.5785	
9	13	-26.15	0.417	62.6962	
9	15	-25.758	3.391	22.7828	
9	18	-23.378	1.565	52.8059	
9	20	-20.607	2.713	7.29986	
9	25	-20.215	5.687	10.709	
9	27	-22.987	4.539	45.7804	
2507	7	12:58:23:160:229:750	268.127
2	12	5.574	-17.376	67.3192	
2	14	5.965	-14.402	13.3339	
11	3	4.791	-23.325	12.5265	
11	5	5.182	-20.351	35.7206	
11	15	7.562	-22.177	16.9979	
11	17	7.954	-19.202	60.5981	
11	19	8.346	-16.228	61.6309	
2508	19	12:58:23:162:877:440	536.625
1	20	0.392	2.974	13.4149	
1	22	2.772	1.148	12.8503	
1	24	2.38	-1.826	15.6908	
1	28	0	0	20.8719	
2	3	1.597	-7.775	18.0879	
2	5	1.988	-4.801	36.4517	
2	7	-0.783	-5.949	9.21372	
2	13	3.977	-9.601	13.1499	
2	15	4.369	-6.627	111.59	
2	17	4.76	-3.653	82.7115	
2	18	6.749	-8.453	10.024	
2	19	5.152	-0.678	33.6005	
2	20	9.52	-7.305	8.6676	
2	21	7.923	0.47	28.3842	
2	23	10.303	-1.356	19.3635	
2	25	9.912	-4.331	19.5828	
2	27	7.14	-5.479	27.6433	
2	29	7.532	-2.505	29.8629	
3	10	5.543	2.296	25.4635	
2514	8	12:58:23:286:012:020	251.683
8	17	-1.627	27.447	9.84084	
8	19	-1.236	30.422	86.9474	
8	20	3.133	23.795	7.59912	
8	21	1.536	31.57	24.8569	
8	23	3.916	29.743	21.0311	
8	25	3.524	26.769	18.2835	
8	29	1.144	28.595	60.2904	
19	22	-3.616	32.248	22.8339	
2519	5	12:58:23:317:887:190	99.7087
8	5	-4.399	26.299	18.3003	
8	15	-2.019	24.473	38.813	
8	17	-1.627	27.447	15.5347	
19	24	-4.008	29.274	18.0715	
19	28	-6.388	31.1	8.9891	
2520	10	12:58:23:339:891:220	455.367
7	3	-16.66	12.784	12.3732	
7	5	-16.269	15.758	82.3409	
7	7	-19.04	14.61	13.7325	
7	15	-13.889	13.932	28.1808	
7	17	-13.497	16.906	43.8613	
7	19	-13.106	19.881	8.09131	
7	27	-11.117	15.08	22.8859	
15	16	-21.029	19.411	23.9787	
15	24	-15.877	18.733	31.166	
15	26	-18.649	17.585	188.756	
2540	5	12:58:23:612:319:840	85.48
4	24	23.378	-1.565	33.501	
12	3	28.53	-2.243	10.7329	
12	7	26.15	-0.417	10.6421	
12	9	25.758	-3.391	16.8711	
12	11	28.139	-5.217	13.7328	
2543	43	12:58:23:645:375:600	2735.32
2	2	3.194	-15.55	8.07885	
2	3	1.597	-7.775	13.681	
2	4	3.585	-12.576	17.3494	
2	5	1.988	-4.801	7.08204	
2	12	5.574	-17.376	11.2883	
2	13	3.977	-9.601	24.9218	
2	14	5.965	-14.402	31.8542	
2	15	4.369	-6.627	18.3258	
2	16	6.357	-11.428	52.0272	
2	17	4.76	-3.653	8.99987	
2	18	6.749	-8.453	20.5142	
2	20	9.52	-7.305	9.71494	
2	22	11.9	-9.131	30.5941	
2	24	11.509	-12.106	53.0894	
2	26	8.737	-13.254	118.887	
2	28	9.129	-10.279	47.6465	
10	2	18.257	-20.559	63.8534	
10	3	16.66	-12.784	15.2958	
10	4	18.649	-17.585	15.7891	
10	5	17.052	-9.81	7.55049	
10	6	15.877	-18.733	248.13	
10	7	14.28	-10.958	19.7267	
10	8	15.486	-21.707	173.397	
10	9	13.889	-13.932	58.9479	
10	10	17.866	-23.533	38.1308	
10	11	16.269	-15.758	35.3603	
10	12	20.637	-22.385	13.0436	
10	14	21.029	-19.411	13.4665	
10	15	19.432	-11.636	9.49078	
10	16	21.421	-16.437	11.5326	
11	5	5.182	-20.351	10.4047	
11	15	7.562	-22.177	22.909	
11	17	7.954	-19.202	15.9965	
11	19	8.346	-16.228	82.7791	
11	20	12.714	-22.855	20.0606	
11	21	11.117	-15.08	316.226	
11	22	15.094	-24.681	14.7337	
11	23	13.497	-16.906	516.209	
11	24	14.703	-27.656	13.9564	
11	25	13.106	-19.881	320.498	
11	27	10.334	-21.029	24.2912	
11	28	12.322	-25.829	7.22898	
11	29	10.726	-18.054	172.261	
2551	4	12:58:23:723:722:490	52.2627
13	2	26.933	5.532	14.8625	
13	6	24.553	7.358	12.8126	
13	8	24.162	4.384	7.35607	
13	14	29.705	6.68	17.2315	
2555	7	12:58:23:762:358:750	135.31
3	9	1.566	11.897	19.9893	
3	11	3.946	10.071	7.99904	
7	25	-8.346	16.228	8.96218	
8	2	-3.194	15.55	25.3288	
8	6	-5.574	17.376	26.4586	
8	8	-5.965	14.402	23.3104	
8	12	-0.814	13.724	23.2619	
2571	4	12:58:23:970:937:460	51.0359
4	4	15.455	-2.035	8.47113	
4	14	17.835	-3.861	9.2654	
4	16	18.227	-0.887	21.0509	
4	26	20.607	-2.713	12.2485	
2575	7	12:58:24:038:615:540	127.183
3	24	14.25	8.715	9.95738	
4	3	13.467	2.766	20.5185	
4	5	13.858	5.74	30.2179	
4	7	11.087	4.592	13.5975	
4	13	15.847	0.94	12.4608	
4	15	16.238	3.914	31.5362	
4	27	19.01	5.062	8.89471	
2582	4	12:58:24:089:766:430	55.8594
10	3	16.66	-12.784	17.9734	
10	4	18.649	-17.585	17.6811	
10	6	15.877	-18.733	11.8794	
10	11	16.269	-15.758	8.32552	
2590	4	12:58:24:159:195:550	87.4813
1	2	-5.935	-5.27	22.0454	
1	4	-5.543	-2.296	29.7708	
1	12	-3.555	-7.097	21.5823	
1	14	-3.163	-4.122	14.0829	
2593	6	12:58:24:207:229:790	126.569
15	13	-23.409	21.237	16.416	
15	15	-23.017	24.212	12.8662	
15	18	-20.637	22.385	42.1389	
15	20	-17.866	23.533	23.8184	
15	22	-15.486	21.707	21.4932	
15	28	-18.257	20.559	9.83686	
2600	11	12:58:24:277:017:330	246.166
5	5	-19.01	-5.062	25.3788	
5	15	-16.63	-6.888	10.6902	
5	16	-14.641	-11.689	8.97531	
5	17	-16.238	-3.914	14.497	
5	18	-14.25	-8.715	19.5596	
5	27	-13.858	-5.74	11.7962	
9	16	-23.77	-1.409	10.8168	
9	18	-23.378	1.565	8.0255	
9	24	-18.618	-2.088	31.1312	
9	26	-21.39	-3.236	57.4305	
9	28	-20.998	-0.261	47.8646	
2601	5	12:58:24:284:439:030	104.319
2	15	4.369	-6.627	37.1674	
2	18	6.749	-8.453	7.45972	
2	25	9.912	-4.331	10.4552	
2	27	7.14	-5.479	39.1332	
2	29	7.532	-2.505	10.1032	
2603	22	12:58:24:306:548:670	1444.71
4	20	21.39	3.236	94.8989	
4	21	19.793	11.011	10.4844	
4	23	22.173	9.184	42.2473	
4	25	21.782	6.21	269.95	
4	29	19.401	8.036	9.59452	
13	2	26.933	5.532	32.7898	
13	3	25.336	13.307	28.5415	
13	4	27.325	8.506	64.4662	
13	5	25.728	16.281	12.7696	
13	6	24.553	7.358	345.363	
13	7	22.956	15.133	7.82399	
13	8	24.162	4.384	168.996	
13	9	22.565	12.159	16.7697	
13	11	24.945	10.332	182.899	
13	13	27.716	11.481	48.6498	
13	15	28.108	14.455	27.7426	
13	17	28.5	17.429	16.8696	
13	18	30.488	12.629	18.1984	
13	19	28.891	20.404	8.22175	
13	20	33.26	13.777	8.65607	
13	25	33.651	16.751	16.6936	
13	27	30.88	15.603	12.0864	
2605	21	12:58:24:348:088:270	462.41
2	20	9.52	-7.305	8.52314	
2	22	11.9	-9.131	34.926	
2	23	10.303	-1.356	8.895	
2	24	11.509	-12.106	28.356	
2	25	9.912	-4.331	11.4842	
2	26	8.737	-13.254	8.72542	
2	28	9.129	-10.279	8.05735	
4	2	15.064	-5.009	12.5491	
4	4	15.455	-2.035	7.19879	
4	6	12.683	-3.183	31.2928	
4	8	12.292	-6.157	44.3772	
4	10	14.672	-7.983	25.0164	
10	3	16.66	-12.784	7.83197	
10	6	15.877	-18.733	10.2253	
10	7	14.28	-10.958	54.8181	
10	9	13.889	-13.932	54.4792	
10	11	16.269	-15.758	19.6734	
11	21	11.117	-15.08	16.1208	
11	23	13.497	-16.906	44.9935	
11	25	13.106	-19.881	15.905	
11	27	10.334	-21.029	8.9609	
2607	7	12:58:24:351:738:240	145.241
10	2	18.257	-20.559	22.518	
10	4	18.649	-17.585	8.66855	
10	10	17.866	-23.533	29.2492	
10	12	20.637	-22.385	28.9039	
10	14	21.029	-19.411	31.079	
22	5	20.246	-25.36	11.6458	
22	7	17.474	-26.508	13.1767	
2608	6	12:58:24:359:542:460	148.179
4	13	15.847	0.94	35.1034	
4	18	18.618	2.088	43.9016	
4	20	21.39	3.236	29.335	
4	27	19.01	5.062	15.3401	
13	2	26.933	5.532	8.22894	
13	8	24.162	4.384	16.2703	
2609	10	12:58:24:371:387:680	139.248
6	9	-13.044	-19.464	8.7873	
17	3	-22.143	-28.857	15.0756	
17	5	-21.751	-25.882	12.7024	
17	12	-16.208	-23.586	25.1653	
17	14	-13.828	-25.413	9.15972	
17	15	-19.371	-27.709	19.5188	
17	18	-16.991	-29.535	8.52291	
17	21	-15.816	-20.612	8.27242	
17	23	-13.436	-22.438	21.7638	
17	27	-16.599	-26.561	10.2796	
2610	8	12:58:24:383:555:600	178.003
5	7	-21.782	-6.21	69.5858	
5	9	-22.173	-9.184	12.4891	
9	2	-26.933	-5.532	18.5028	
9	4	-26.542	-2.557	8.4285	
9	10	-27.325	-8.506	11.1476	
9	12	-24.553	-7.358	30.2005	
9	14	-24.162	-4.384	18.4513	
9	26	-21.39	-3.236	9.19706	
2612	4	12:58:24:393:991:370	91.5216
3	2	5.935	5.27	18.2113	
3	8	3.163	4.122	37.8131	
3	10	5.543	2.296	17.3465	
3	12	8.315	3.444	18.1506	
2618	11	12:58:24:459:146:870	362.144
4	21	19.793	11.011	12.315	
14	2	17.805	15.811	92.3819	
14	4	18.196	18.786	10.0482	
14	6	15.425	17.638	21.2558	
14	8	15.033	14.663	42.2099	
14	10	17.413	12.837	30.7047	
14	12	20.185	13.985	23.2351	
14	14	20.576	16.959	71.0739	
14	16	20.968	19.934	8.92882	
14	26	23.348	18.107	38.1927	
14	28	23.739	21.082	11.798	
2624	16	12:58:24:573:261:830	645.31
1	3	-7.532	2.505	11.4528	
1	4	-5.543	-2.296	10.8661	
1	6	-8.315	-3.444	18.4272	
1	8	-8.706	-6.418	7.66255	
1	9	-10.303	1.356	27.8811	
1	11	-7.923	-0.47	23.195	
1	13	-5.152	0.678	10.5535	
5	17	-16.238	-3.914	15.1222	
5	19	-15.847	-0.94	205.582	
5	21	-13.075	0.208	88.8312	
5	23	-10.695	-1.618	106.941	
5	25	-11.087	-4.592	9.57759	
5	29	-13.467	-2.766	54.0577	
7	2	-15.064	5.009	9.38532	
7	10	-15.455	2.035	20.159	
9	24	-18.618	-2.088	25.6147	
2625	6	12:58:24:576:967:610	85.2736
11	3	4.791	-23.325	9.7042	
11	5	5.182	-20.351	9.80825	
11	15	7.562	-22.177	18.9095	
11	17	7.954	-19.202	16.2539	
11	20	12.714	-22.855	13.8258	
11	27	10.334	-21.029	16.772	
2636	4	12:58:24:759:079:860	49.76
1	17	-4.369	6.627	14.8711	
1	19	-3.977	9.601	15.0135	
1	21	-1.205	10.749	10.5687	
1	29	-1.597	7.775	9.30674	
2640	6	12:58:24:793:475:270	93.0302
7	22	-6.357	11.428	19.5215	
8	2	-3.194	15.55	21.6653	
8	10	-3.585	12.576	10.4122	
8	12	-0.814	13.724	12.3132	
8	14	-0.422	16.698	16.2245	
8	26	2.349	17.846	12.8935	
2644	10	12:58:24:853:378:680	192.742
3	24	14.25	8.715	16.1481	
4	5	13.858	5.74	14.9113	
4	15	16.238	3.914	9.14219	
4	17	16.63	6.888	39.3855	
4	19	17.021	9.863	8.79419	
4	20	21.39	3.236	14.8105	
4	23	22.173	9.184	9.80113	
4	25	21.782	6.21	22.024	
4	27	19.01	5.062	31.3571	
4	29	19.401	8.036	26.3684	
2648	5	12:58:24:884:185:600	58.5127
14	2	17.805	15.811	9.14177	
14	4	18.196	18.786	7.32222	
14	8	15.033	14.663	14.1606	
14	14	20.576	16.959	15.3539	
14	26	23.348	18.107	12.5343	
2651	6	12:58:24:915:659:770	74.7911
6	5	-9.881	-15.341	13.049	
6	7	-12.653	-16.49	14.4396	
6	15	-7.501	-17.168	8.78817	
6	17	-7.11	-14.193	15.9358	
6	27	-4.73	-16.02	9.45464	
6	29	-4.338	-13.045	13.1239	
2653	4	12:58:24:977:824:210	63.1106
6	24	-0.361	-22.647	9.1231	
6	26	-3.133	-23.795	18.9029	
18	21	-0.753	-25.621	17.4792	
18	23	1.627	-27.447	17.6053	
2654	13	12:58:24:999:016:420	201.788
1	3	-7.532	2.505	10.2229	
1	5	-7.14	5.479	12.7812	
1	7	-9.912	4.331	22.4154	
1	9	-10.303	1.356	14.7585	
1	17	-4.369	6.627	17.9479	
1	19	-3.977	9.601	24.8795	
1	21	-1.205	10.749	19.0672	
1	29	-1.597	7.775	9.27162	
3	7	1.958	14.872	13.9706	
5	21	-13.075	0.208	16.8485	
7	10	-15.455	2.035	9.40098	
7	12	-12.683	3.183	15.3436	
8	12	-0.814	13.724	14.8798	
2655	4	12:58:25:040:110:520	66.3372
9	2	-26.933	-5.532	12.3461	
9	14	-24.162	-4.384	28.5573	
9	16	-23.77	-1.409	9.76474	
9	26	-21.39	-3.236	15.6691	
2657	5	12:58:25:046:671:930	80.3556
2	23	10.303	-1.356	11.8493	
4	2	15.064	-5.009	15.984	
4	4	15.455	-2.035	23.0361	
4	6	12.683	-3.183	15.4343	
4	14	17.835	-3.861	14.052	
2665	5	12:58:25:263:895:490	81.9225
16	2	8.676	26.091	28.9927	
16	6	6.296	27.917	14.3426	
16	8	5.904	24.943	8.27205	
16	10	8.284	23.116	17.1217	
16	12	11.056	24.264	13.1934	
2673	6	12:58:25:296:465:250	100.721
13	2	26.933	5.532	31.0265	
13	4	27.325	8.506	13.6686	
13	6	24.553	7.358	11.8371	
13	8	24.162	4.384	14.1686	
13	14	29.705	6.68	21.3923	
13	26	32.477	7.828	8.62835	
2674	7	12:58:25:314:635:430	408.128
1	22	2.772	1.148	11.6541	
2	19	5.152	-0.678	31.5734	
2	21	7.923	0.47	163.786	
2	23	10.303	-1.356	145.93	
2	29	7.532	-2.505	8.69426	
3	8	3.163	4.122	14.0224	
3	10	5.543	2.296	32.468	
2690	7	12:58:25:624:090:450	95.5661
10	2	18.257	-20.559	25.1015	
10	4	18.649	-17.585	7.01739	
10	6	15.877	-18.733	14.8493	
10	8	15.486	-21.707	18.8268	
10	10	17.866	-23.533	8.74804	
10	11	16.269	-15.758	9.06722	
10	14	21.029	-19.411	11.9559	
2695	26	12:58:25:678:879:540	1167.37
5	2	-17.805	-15.811	46.8577	
5	3	-19.401	-8.036	43.5598	
5	4	-17.413	-12.837	199.818	
5	5	-19.01	-5.062	11.2774	
5	6	-20.185	-13.985	48.6368	
5	7	-21.782	-6.21	16.1089	
5	8	-20.576	-16.959	15.2759	
5	9	-22.173	-9.184	94.3497	
5	10	-18.196	-18.786	11.6104	
5	11	-19.793	-11.011	279.32	
5	12	-15.425	-17.638	26.0049	
5	13	-17.021	-9.863	46.8153	
5	14	-15.033	-14.663	76.2885	
5	15	-16.63	-6.888	7.99871	
5	16	-14.641	-11.689	32.2596	
5	18	-14.25	-8.715	24.7263	
5	20	-11.478	-7.567	14.8923	
5	22	-9.098	-9.393	7.41276	
5	26	-12.261	-13.515	15.4427	
6	3	-10.273	-18.316	23.7812	
6	7	-12.653	-16.49	35.5113	
6	9	-13.044	-19.464	33.8371	
6	11	-10.664	-21.29	7.87569	
9	12	-24.553	-7.358	21.4582	
21	21	-24.945	-10.332	12.744	
21	23	-22.565	-12.159	13.5038	
2702	6	12:58:25:730:835:790	80.1643
10	2	18.257	-20.559	15.1167	
10	4	18.649	-17.585	7.98057	
10	8	15.486	-21.707	17.3598	
10	14	21.029	-19.411	21.9835	
10	16	21.421	-16.437	8.0097	
10	26	23.801	-18.263	9.71399	
2703	5	12:58:25:731:657:110	87.0814
4	13	15.847	0.94	7.24123	
4	16	18.227	-0.887	17.727	
4	22	23.77	1.409	9.8803	
4	24	23.378	-1.565	39.7417	
4	28	20.998	0.261	12.4911	
2705	13	12:58:25:742:269:230	325.372
14	2	17.805	15.811	12.1414	
14	3	16.208	23.586	37.4903	
14	4	18.196	18.786	22.8225	
14	5	16.599	26.561	35.9656	
14	6	15.425	17.638	10.0344	
14	13	18.588	21.76	49.6395	
14	14	20.576	16.959	8.35458	
14	15	18.979	24.734	58.6009	
14	17	19.371	27.709	32.7864	
14	18	21.359	22.908	13.3604	
14	27	21.751	25.882	9.26182	
16	24	16.991	29.535	26.8098	
16	28	14.611	31.361	8.10478	
2717	5	12:58:25:924:310:370	99.8079
10	3	16.66	-12.784	12.9194	
10	5	17.052	-9.81	11.3985	
10	15	19.432	-11.636	37.8219	
10	17	19.824	-8.662	7.46289	
10	27	22.204	-10.488	30.2052	
2720	9	12:58:25:970:698:020	185.81
10	2	18.257	-20.559	9.94982	
10	10	17.866	-23.533	7.14535	
10	12	20.637	-22.385	43.5235	
10	14	21.029	-19.411	51.7127	
10	26	23.801	-18.263	9.34297	
22	5	20.246	-25.36	28.8907	
22	7	17.474	-26.508	13.4409	
22	17	23.017	-24.212	7.99807	
22	19	23.409	-21.237	13.8059	
2733	6	12:58:26:109:151:340	137.307
1	2	-5.935	-5.27	13.9791	
1	8	-8.706	-6.418	18.4918	
1	10	-6.326	-8.245	25.6127	
5	22	-9.098	-9.393	56.5032	
5	24	-9.49	-12.367	10.6538	
5	28	-11.87	-10.541	12.0668	
2755	4	12:58:26:419:598:900	47.5158
2	20	9.52	-7.305	18.4548	
2	22	11.9	-9.131	7.44547	
2	26	8.737	-13.254	7.27979	
2	28	9.129	-10.279	14.3358	
2766	10	12:58:26:474:974:140	154.139
9	3	-28.53	2.243	18.9387	
9	5	-28.139	5.217	12.4655	
9	7	-30.91	4.069	10.9847	
9	13	-26.15	0.417	10.2655	
20	16	-32.899	8.87	20.9465	
20	18	-32.507	11.844	21.7338	
20	24	-27.747	8.192	9.40824	
20	26	-30.519	7.044	28.8971	
20	27	-32.116	14.819	9.01944	
20	28	-30.127	10.018	11.4801	
2767	11	12:58:26:481:331:210	363.102
1	18	-2.38	1.826	20.2584	
1	20	0.392	2.974	117.62	
1	22	2.772	1.148	50.5468	
1	24	2.38	-1.826	32.5802	
1	25	0.783	5.949	7.67363	
1	27	-1.988	4.801	27.6261	
1	28	0	0	56.567	
2	5	1.988	-4.801	7.49863	
2	17	4.76	-3.653	13.6006	
2	19	5.152	-0.678	13.021	
3	8	3.163	4.122	16.11	
2769	26	12:58:26:524:275:000	722.066
5	5	-19.01	-5.062	27.5109	
5	7	-21.782	-6.21	31.7531	
5	9	-22.173	-9.184	16.8035	
5	11	-19.793	-11.011	10.0601	
5	15	-16.63	-6.888	11.7137	
5	17	-16.238	-3.914	19.7331	
5	19	-15.847	-0.94	29.3361	
7	8	-17.835	3.861	9.09086	
7	10	-15.455	2.035	8.9432	
9	2	-26.933	-5.532	14.9521	
9	4	-26.542	-2.557	51.433	
9	6	-29.313	-3.706	40.9254	
9	11	-28.922	-0.731	16.3206	
9	12	-24.553	-7.358	8.84158	
9	13	-26.15	0.417	26.5497	
9	14	-24.162	-4.384	47.22	
9	15	-25.758	3.391	18.9915	
9	16	-23.77	-1.409	62.3694	
9	18	-23.378	1.565	9.74302	
9	20	-20.607	2.713	7.42737	
9	22	-18.227	0.887	21.781	
9	24	-18.618	-2.088	100.45	
9	26	-21.39	-3.236	74.939	
9	27	-22.987	4.539	10.9921	
9	28	-20.998	-0.261	27.9103	
9	29	-22.595	7.514	16.275	
2770	7	12:58:26:539:048:580	117.719
16	4	9.067	29.065	33.1449	
16	6	6.296	27.917	10.0469	
16	13	9.459	32.039	23.7512	
16	15	9.851	35.014	9.52333	
16	16	11.839	30.213	18.0348	
16	18	12.231	33.187	15.9341	
16	26	14.219	28.387	7.28352	
2771	4	12:58:26:544:933:080	54.7092
18	19	-3.524	-26.769	13.0334	
18	21	-0.753	-25.621	10.5684	
18	23	1.627	-27.447	8.70733	
18	29	-1.144	-28.595	22.4	
2776	11	12:58:26:599:646:690	174.746
10	19	20.215	-5.687	7.13464	
10	22	26.964	-14.14	7.22716	
10	23	25.367	-6.366	9.04748	
10	25	24.975	-9.34	37.7227	
10	27	22.204	-10.488	10.3483	
10	29	22.595	-7.514	32.7146	
12	2	30.127	-10.018	24.0606	
12	4	30.519	-7.044	10.9659	
12	6	27.747	-8.192	11.3456	
12	8	27.355	-11.166	14.5865	
12	10	29.735	-12.992	9.59214	
2780	4	12:58:26:632:267:860	117.616
1	9	-10.303	1.356	9.38853	
5	19	-15.847	-0.94	54.0719	
5	21	-13.075	0.208	33.2066	
5	23	-10.695	-1.618	20.9491	
2790	16	12:58:26:768:765:030	223.472
2	17	4.76	-3.653	7.32079	
2	20	9.52	-7.305	11.2679	
2	22	11.9	-9.131	14.5525	
2	25	9.912	-4.331	13.011	
2	27	7.14	-5.479	16.0183	
2	28	9.129	-10.279	10.0106	
2	29	7.532	-2.505	9.93139	
4	8	12.292	-6.157	19.8648	
4	10	14.672	-7.983	14.7331	
10	3	16.66	-12.784	11.6475	
10	5	17.052	-9.81	23.7832	
10	7	14.28	-10.958	20.866	
10	9	13.889	-13.932	7.32742	
10	13	19.04	-14.61	16.6219	
10	15	19.432	-11.636	17.8991	
10	18	21.812	-13.462	8.61678	
2799	6	12:58:26:862:515:220	162.73
2	3	1.597	-7.775	20.8175	
2	4	3.585	-12.576	11.7908	
2	13	3.977	-9.601	59.2139	
2	16	6.357	-11.428	38.1284	
2	18	6.749	-8.453	20.7807	
2	28	9.129	-10.279	11.9988	
2805	20	12:58:26:921:909:260	822.796
6	24	-0.361	-22.647	12.5219	
11	3	4.791	-23.325	12.5265	
11	5	5.182	-20.351	14.2485	
11	6	4.008	-29.274	18.976	
11	7	2.411	-21.499	56.8395	
11	8	3.616	-32.248	20.687	
11	9	2.019	-24.473	193.289	
11	11	4.399	-26.299	22.0498	
18	16	-2.319	-37.518	11.5517	
18	18	-1.927	-34.544	15.4367	
18	20	0.844	-33.396	41.8375	
18	21	-0.753	-25.621	15.6588	
18	22	3.224	-35.222	10.3557	
18	23	1.627	-27.447	176.064	
18	24	2.833	-38.197	10.1549	
18	25	1.236	-30.422	111.887	
18	26	0.061	-39.345	8.66458	
18	27	-1.536	-31.57	8.5088	
18	28	0.453	-36.37	43.9026	
18	29	-1.144	-28.595	17.6355	
2809	8	12:58:26:967:452:380	120.758
1	4	-5.543	-2.296	7.63457	
1	13	-5.152	0.678	21.3423	
1	15	-4.76	3.653	20.5788	
1	17	-4.369	6.627	16.9223	
1	18	-2.38	1.826	8.72642	
1	21	-1.205	10.749	7.44527	
1	27	-1.988	4.801	14.9641	
1	29	-1.597	7.775	23.1439	
2820	15	12:58:27:094:220:030	330.043
1	8	-8.706	-6.418	8.83539	
1	10	-6.326	-8.245	14.9371	
5	15	-16.63	-6.888	7.27845	
5	17	-16.238	-3.914	8.1277	
5	20	-11.478	-7.567	14.4533	
5	22	-9.098	-9.393	52.025	
5	25	-11.087	-4.592	7.15609	
5	27	-13.858	-5.74	15.8282	
5	28	-11.87	-10.541	9.21342	
6	15	-7.501	-17.168	9.78778	
6	17	-7.11	-14.193	22.3029	
6	19	-6.718	-11.219	70.767	
6	25	-1.958	-14.872	18.6921	
6	27	-4.73	-16.02	10.3534	
6	29	-4.338	-13.045	60.2858	
2828	4	12:58:27:179:995:670	50.1446
3	25	12.653	16.49	16.4262	
3	29	10.273	18.316	14.2188	
14	6	15.425	17.638	7.81485	
14	8	15.033	14.663	11.6847	
2830	4	12:58:27:269:819:500	55.1075
1	13	-5.152	0.678	19.3415	
1	15	-4.76	3.653	11.713	
1	27	-1.988	4.801	16.0106	
1	29	-1.597	7.775	8.04242	
2835	13	12:58:27:422:426:260	222.597
5	5	-19.01	-5.062	8.47208	
5	15	-16.63	-6.888	10.9177	
5	17	-16.238	-3.914	26.4541	
5	19	-15.847	-0.94	15.1104	
5	21	-13.075	0.208	7.67115	
7	6	-17.444	6.835	20.9296	
7	8	-17.835	3.861	35.7727	
7	10	-15.455	2.035	9.79337	
7	11	-17.052	9.81	13.9169	
9	20	-20.607	2.713	9.18061	
9	22	-18.227	0.887	29.5701	
9	23	-19.824	8.662	12.2262	
9	24	-18.618	-2.088	22.5822	
2838	28	12:58:27:434:081:680	589.277
1	8	-8.706	-6.418	44.0987	
1	10	-6.326	-8.245	28.6259	
2	2	3.194	-15.55	23.2764	
2	6	0.814	-13.724	29.49	
2	8	0.422	-16.698	15.207	
2	12	5.574	-17.376	14.0248	
5	17	-16.238	-3.914	39.8179	
5	19	-15.847	-0.94	7.32519	
5	20	-11.478	-7.567	19.7955	
5	22	-9.098	-9.393	25.4612	
5	25	-11.087	-4.592	15.541	
5	27	-13.858	-5.74	44.6855	
5	28	-11.87	-10.541	9.59158	
5	29	-13.467	-2.766	15.5704	
6	19	-6.718	-11.219	10.9706	
6	21	-3.946	-10.071	22.7862	
6	23	-1.566	-11.897	31.7608	
6	27	-4.73	-16.02	9.67033	
6	29	-4.338	-13.045	19.3949	
9	3	-28.53	2.243	11.951	
9	13	-26.15	0.417	13.1077	
9	15	-25.758	3.391	14.8492	
9	16	-23.77	-1.409	11.4744	
9	18	-23.378	1.565	21.6095	
9	24	-18.618	-2.088	38.8737	
9	26	-21.39	-3.236	11.7518	
9	27	-22.987	4.539	10.2674	
9	28	-20.998	-0.261	28.2984	
2843	4	12:58:27:461:927:190	61.6164
8	3	-4.791	23.325	8.59834	
8	5	-4.399	26.299	29.9246	
8	7	-7.171	25.151	11.3765	
8	17	-1.627	27.447	11.7169	
2858	22	12:58:27:734:886:950	424.877
4	20	21.39	3.236	24.5359	
4	22	23.77	1.409	36.9523	
4	23	22.173	9.184	8.58399	
4	24	23.378	-1.565	14.9846	
4	25	21.782	6.21	11.35	
4	28	20.998	0.261	16.5982	
12	3	28.53	-2.243	19.1528	
12	5	28.922	0.731	20.5501	
12	7	26.15	-0.417	21.3749	
12	13	30.91	-4.069	16.8074	
12	15	31.302	-1.095	15.1449	
12	16	33.29	-5.896	31.7664	
12	17	31.693	1.879	12.8597	
12	18	33.682	-2.921	28.0333	
12	20	36.453	-1.773	12.4722	
12	27	34.073	0.053	7.86146	
12	28	36.062	-4.748	10.7019	
13	2	26.933	5.532	19.2708	
13	6	24.553	7.358	21.9672	
13	8	24.162	4.384	9.56651	
13	10	26.542	2.558	53.2382	
13	12	29.313	3.706	11.1042	
2859	30	12:58:27:749:047:040	894.22
1	2	-5.935	-5.27	15.7675	
1	4	-5.543	-2.296	13.4918	
1	6	-8.315	-3.444	45.3624	
1	8	-8.706	-6.418	90.3868	
1	10	-6.326	-8.245	10.8047	
1	11	-7.923	-0.47	7.92832	
5	3	-19.401	-8.036	26.2377	
5	4	-17.413	-12.837	21.5299	
5	6	-20.185	-13.985	7.68918	
5	9	-22.173	-9.184	26.7948	
5	11	-19.793	-11.011	54.3245	
5	13	-17.021	-9.863	54.5509	
5	15	-16.63	-6.888	54.5504	
5	16	-14.641	-11.689	12.433	
5	17	-16.238	-3.914	12.4651	
5	18	-14.25	-8.715	92.5208	
5	20	-11.478	-7.567	82.4385	
5	22	-9.098	-9.393	12.4338	
5	25	-11.087	-4.592	50.6347	
5	27	-13.858	-5.74	38.5875	
9	10	-27.325	-8.506	12.8296	
21	5	-30.88	-15.603	10.2242	
21	7	-33.651	-16.751	16.3088	
21	15	-28.5	-17.429	7.26692	
21	17	-28.108	-14.455	15.1095	
21	19	-27.716	-11.481	19.7692	
21	21	-24.945	-10.332	27.0547	
21	23	-22.565	-12.159	32.8178	
21	25	-22.956	-15.133	8.07701	
21	29	-25.336	-13.307	13.8298	
2860	19	12:58:27:753:340:810	418.64
11	3	4.791	-23.325	23.6612	
11	4	6.779	-28.125	10.1285	
11	7	2.411	-21.499	10.2711	
11	9	2.019	-24.473	42.0104	
11	11	4.399	-26.299	57.1804	
11	13	7.171	-25.151	43.7413	
11	14	9.159	-29.952	8.39532	
11	15	7.562	-22.177	12.2044	
11	16	9.551	-26.977	19.0064	
11	18	9.942	-24.003	51.7376	
11	20	12.714	-22.855	25.8193	
11	22	15.094	-24.681	8.78699	
11	24	14.703	-27.656	7.88191	
11	25	13.106	-19.881	7.05773	
11	26	11.931	-28.804	15.5124	
11	27	10.334	-21.029	8.52289	
11	28	12.322	-25.829	12.7551	
18	21	-0.753	-25.621	40.3016	
18	23	1.627	-27.447	13.6648	
2861	9	12:58:27:766:206:770	157.152
12	2	30.127	-10.018	12.0861	
12	4	30.519	-7.044	42.9047	
12	6	27.747	-8.192	27.8612	
12	11	28.139	-5.217	7.92708	
12	14	32.899	-8.87	7.77944	
12	16	33.29	-5.896	27.2032	
12	18	33.682	-2.921	7.36052	
12	22	38.834	-3.6	8.2168	
12	28	36.062	-4.748	15.8128	
2864	9	12:58:27:780:821:820	132
7	7	-19.04	14.61	10.0118	
7	9	-19.432	11.636	25.1983	
9	23	-19.824	8.662	17.8551	
9	25	-20.215	5.687	11.8598	
9	29	-22.595	7.514	8.5356	
15	20	-17.866	23.533	13.5323	
15	22	-15.486	21.707	15.4136	
15	26	-18.649	17.585	13.0675	
15	28	-18.257	20.559	16.5259	
2865	6	12:58:27:781:529:390	85.189
1	3	-7.532	2.505	15.2575	
1	6	-8.315	-3.444	13.1047	
1	9	-10.303	1.356	9.60191	
1	11	-7.923	-0.47	10.5834	
5	23	-10.695	-1.618	22.763	
5	25	-11.087	-4.592	13.8785	
2872	15	12:58:27:872:585:950	488.076
11	2	6.388	-31.1	14.7896	
11	3	4.791	-23.325	57.22	
11	4	6.779	-28.125	18.1692	
11	6	4.008	-29.274	17.8734	
11	9	2.019	-24.473	23.1596	
11	11	4.399	-26.299	103.981	
11	13	7.171	-25.151	50.8558	
11	15	7.562	-22.177	15.2629	
11	16	9.551	-26.977	7.60833	
18	20	0.844	-33.396	11.4721	
18	21	-0.753	-25.621	11.6472	
18	23	1.627	-27.447	71.5336	
18	25	1.236	-30.422	38.8394	
18	27	-1.536	-31.57	18.8633	
18	29	-1.144	-28.595	26.8006	
2873	5	12:58:27:881:655:800	86.3864
2	6	0.814	-13.724	14.3643	
2	8	0.422	-16.698	21.3764	
6	20	-2.349	-17.846	19.408	
6	23	-1.566	-11.897	9.80187	
6	25	-1.958	-14.872	21.4359	
2877	5	12:58:27:942:692:110	122.008
3	3	4.338	13.045	9.24102	
3	13	6.718	11.219	18.6009	
3	16	9.098	9.393	40.4232	
3	26	11.478	7.567	44.556	
3	28	11.87	10.541	9.18644	
2884	16	12:58:28:011:892:690	979.771
1	2	-5.935	-5.27	19.6729	
1	4	-5.543	-2.296	7.91733	
1	6	-8.315	-3.444	13.7499	
1	12	-3.555	-7.097	79.1479	
1	14	-3.163	-4.122	43.3905	
1	16	-2.772	-1.148	10.671	
2	3	1.597	-7.775	222.304	
2	4	3.585	-12.576	7.51245	
2	5	1.988	-4.801	7.94993	
2	7	-0.783	-5.949	129.982	
2	9	-1.175	-8.923	177.308	
2	11	1.205	-10.749	114.8	
2	13	3.977	-9.601	112.875	
2	15	4.369	-6.627	13.753	
2	16	6.357	-11.428	10.8404	
6	23	-1.566	-11.897	7.89691	
2904	12	12:58:28:203:925:110	283.309
2	22	11.9	-9.131	10.1868	
2	24	11.509	-12.106	28.2623	
2	26	8.737	-13.254	13.7851	
2	28	9.129	-10.279	8.44103	
10	3	16.66	-12.784	10.2753	
10	9	13.889	-13.932	25.7938	
10	11	16.269	-15.758	8.58512	
11	17	7.954	-19.202	15.3104	
11	19	8.346	-16.228	42.6675	
11	21	11.117	-15.08	56.8104	
11	23	13.497	-16.906	14.2924	
11	29	10.726	-18.054	48.8984	
2906	20	12:58:28:228:651:620	543.652
7	2	-15.064	5.009	12.0573	
7	3	-16.66	12.784	53.6978	
7	4	-14.672	7.983	14.6395	
7	5	-16.269	15.758	9.14898	
7	6	-17.444	6.835	16.4103	
7	7	-19.04	14.61	67.8505	
7	9	-19.432	11.636	27.2423	
7	11	-17.052	9.81	70.9892	
7	13	-14.28	10.958	9.24316	
7	15	-13.889	13.932	7.91712	
15	5	-25.398	26.038	14.6208	
15	13	-23.409	21.237	19.8915	
15	14	-21.421	16.437	23.25	
15	15	-23.017	24.212	33.7961	
15	16	-21.029	19.411	53.2125	
15	17	-22.626	27.186	9.61062	
15	18	-20.637	22.385	29.6635	
15	20	-17.866	23.533	13.5714	
15	26	-18.649	17.585	44.8564	
15	28	-18.257	20.559	11.9831	
2909	4	12:58:28:279:993:750	115.353
12	5	28.922	0.731	30.4948	
12	7	26.15	-0.417	23.8769	
12	17	31.693	1.879	39.2612	
12	29	34.465	3.027	21.7205	
2910	6	12:58:28:288:086:390	110.038
11	3	4.791	-23.325	16.6634	
11	4	6.779	-28.125	8.39601	
11	13	7.171	-25.151	29.3146	
11	14	9.159	-29.952	10.6286	
11	16	9.551	-26.977	27.8008	
11	26	11.931	-28.804	17.2342	
2935	7	12:58:28:539:589:790	138.234
8	3	-4.791	23.325	32.9109	
8	5	-4.399	26.299	9.04767	
8	11	-5.182	20.351	26.3912	
8	13	-2.411	21.499	25.063	
8	15	-2.019	24.473	27.3595	
8	17	-1.627	27.447	10.4333	
8	27	0.753	25.621	7.0284	
2945	5	12:58:28:637:221:020	72.9109
9	5	-28.139	5.217	21.615	
9	7	-30.91	4.069	16.477	
9	17	-25.367	6.366	16.3797	
9	29	-22.595	7.514	7.45272	
20	12	-33.682	2.921	10.9864	
2946	20	12:58:28:637:873:880	381.462
8	3	-4.791	23.325	20.4581	
8	5	-4.399	26.299	9.42831	
8	7	-7.171	25.151	18.8507	
8	9	-7.562	22.177	12.2845	
8	11	-5.182	20.351	10.2676	
8	12	-0.814	13.724	7.08252	
8	13	-2.411	21.499	14.1183	
8	14	-0.422	16.698	17.6266	
8	16	-0.031	19.672	14.2925	
8	18	0.361	22.647	8.81332	
19	3	-13.919	33.604	16.3058	
19	4	-11.931	28.804	11.0637	
19	5	-13.528	36.579	60.297	
19	7	-16.299	35.431	11.62	
19	13	-11.539	31.778	27.0213	
19	15	-11.148	34.752	39.8954	
19	16	-9.159	29.952	25.2548	
19	18	-8.768	32.926	20.398	
19	26	-6.779	28.125	24.6189	
19	28	-6.388	31.1	11.7645	
2956	15	12:58:28:720:509:510	457.202
11	2	6.388	-31.1	52.3135	
11	4	6.779	-28.125	66.5018	
11	6	4.008	-29.274	97.8397	
11	8	3.616	-32.248	33.8896	
11	9	2.019	-24.473	7.31591	
11	10	5.996	-34.074	7.56333	
11	11	4.399	-26.299	35.9585	
11	12	8.768	-32.926	22.4949	
11	13	7.171	-25.151	10.8036	
11	14	9.159	-29.952	34.9874	
11	16	9.551	-26.977	14.6091	
11	26	11.931	-28.804	11.614	
18	23	1.627	-27.447	12.8703	
18	25	1.236	-30.422	39.474	
18	29	-1.144	-28.595	8.96662	
2968	4	12:58:28:872:222:380	72.5185
10	12	20.637	-22.385	11.9706	
10	14	21.029	-19.411	11.9881	
22	19	23.409	-21.237	34.3352	
22	29	25.789	-23.063	14.2247	
2975	10	12:58:28:970:440:990	272.156
3	22	14.641	11.689	13.843	
3	24	14.25	8.715	10.9643	
4	15	16.238	3.914	7.81875	
4	17	16.63	6.888	16.1122	
4	19	17.021	9.863	17.7451	
4	21	19.793	11.011	12.1819	
4	29	19.401	8.036	15.8475	
14	2	17.805	15.811	63.4568	
14	8	15.033	14.663	12.2584	
14	10	17.413	12.837	101.929	
2979	4	12:58:28:992:808:210	135.071
4	2	15.064	-5.009	13.6714	
4	4	15.455	-2.035	11.5515	
4	14	17.835	-3.861	43.5235	
10	19	20.215	-5.687	66.3245	
2985	10	12:58:29:076:108:400	195.199
7	2	-15.064	5.009	7.94913	
7	3	-16.66	12.784	36.7565	
7	6	-17.444	6.835	15.4488	
7	7	-19.04	14.61	15.8295	
7	8	-17.835	3.861	9.38624	
7	9	-19.432	11.636	40.1096	
7	11	-17.052	9.81	24.6323	
7	15	-13.889	13.932	7.67298	
9	21	-22.204	10.488	12.4474	
9	23	-19.824	8.662	24.9669	
2987	9	12:58:29:093:308:320	266.484
9	2	-26.933	-5.532	70.2	
9	4	-26.542	-2.557	34.0333	
9	6	-29.313	-3.706	48.5585	
9	8	-29.705	-6.68	18.2349	
9	10	-27.325	-8.506	11.7742	
9	11	-28.922	-0.731	17.8635	
9	12	-24.553	-7.358	39.8368	
9	13	-26.15	0.417	10.7001	
9	14	-24.162	-4.384	15.2822	
2993	10	12:58:29:146:912:620	140.901
5	2	-17.805	-15.811	8.38545	
5	12	-15.425	-17.638	16.7587	
6	2	-8.676	-26.091	9.89548	
6	8	-11.448	-27.239	22.3948	
17	12	-16.208	-23.586	11.5372	
17	14	-13.828	-25.413	18.2479	
17	21	-15.816	-20.612	16.1255	
17	22	-11.839	-30.213	15.82	
17	23	-13.436	-22.438	10.9175	
17	24	-12.231	-33.187	10.8179	
2994	4	12:58:29:158:015:560	44.5999
12	3	28.53	-2.243	8.66655	
12	11	28.139	-5.217	13.4351	
12	13	30.91	-4.069	15.4354	
12	15	31.302	-1.095	7.06292	
2997	5	12:58:29:231:570:090	74.6619
9	5	-28.139	5.217	27.9091	
9	15	-25.758	3.391	9.96965	
9	17	-25.367	6.366	14.3362	
20	24	-27.747	8.192	14.8047	
20	26	-30.519	7.044	7.64221	
2998	4	12:58:29:234:025:680	83.5171
3	13	6.718	11.219	34.1164	
3	15	7.11	14.193	10.6967	
3	27	9.881	15.341	15.2593	
3	29	10.273	18.316	23.4448	
2999	6	12:58:29:240:408:080	166.103
3	18	9.49	12.367	34.2796	
3	20	12.261	13.515	56.9409	
3	22	14.641	11.689	22.6725	
3	27	9.881	15.341	21.2107	
14	8	15.033	14.663	17.663	
14	10	17.413	12.837	13.3367	
3000	4	12:58:29:242:485:740	51.8336
10	23	25.367	-6.366	11.2605	
12	4	30.519	-7.044	9.08304	
12	6	27.747	-8.192	9.79289	
12	11	28.139	-5.217	21.6971	
3006	19	12:58:29:335:493:040	874.587
10	2	18.257	-20.559	35.3655	
10	4	18.649	-17.585	20.777	
10	6	15.877	-18.733	7.93214	
10	8	15.486	-21.707	11.0779	
10	10	17.866	-23.533	13.1555	
10	12	20.637	-22.385	73.4334	
10	14	21.029	-19.411	26.6437	
10	16	21.421	-16.437	13.5932	
10	26	23.801	-18.263	13.1881	
22	3	19.854	-28.334	13.3947	
22	5	20.246	-25.36	28.6667	
22	15	22.626	-27.186	11.8866	
22	17	23.017	-24.212	129.13	
22	19	23.409	-21.237	111.114	
22	21	26.181	-20.089	29.2627	
22	23	28.561	-21.915	18.06	
22	25	28.169	-24.89	78.3207	
22	27	25.398	-26.038	66.8218	
22	29	25.789	-23.063	172.764	
3010	20	12:58:29:400:699:400	582.659
2	2	3.194	-15.55	26.6867	
2	8	0.422	-16.698	9.18194	
2	10	2.802	-18.524	17.0449	
2	12	5.574	-17.376	106.879	
2	14	5.965	-14.402	25.4081	
2	26	8.737	-13.254	7.41747	
11	2	6.388	-31.1	16.0043	
11	3	4.791	-23.325	26.1743	
11	4	6.779	-28.125	22.6115	
11	5	5.182	-20.351	84.795	
11	7	2.411	-21.499	11.4898	
11	9	2.019	-24.473	12.5223	
11	12	8.768	-32.926	13.1501	
11	13	7.171	-25.151	43.346	
11	14	9.159	-29.952	19.5615	
11	15	7.562	-22.177	64.2275	
11	16	9.551	-26.977	16.0556	
11	17	7.954	-19.202	39.6697	
11	18	9.942	-24.003	10.9614	
11	27	10.334	-21.029	9.47191	
3021	8	12:58:29:525:687:330	220.128
4	17	16.63	6.888	83.2107	
4	19	17.021	9.863	43.6923	
4	21	19.793	11.011	28.957	
4	25	21.782	6.21	9.14407	
4	27	19.01	5.062	8.92694	
4	29	19.401	8.036	23.3246	
14	10	17.413	12.837	12.4577	
14	12	20.185	13.985	10.4146	
3022	6	12:58:29:542:655:340	97.0168
6	20	-2.349	-17.846	22.3351	
6	22	0.031	-19.672	18.7688	
6	24	-0.361	-22.647	24.3998	
6	25	-1.958	-14.872	11.9012	
6	27	-4.73	-16.02	7.69313	
6	28	-2.741	-20.82	11.9188	
3024	7	12:58:29:563:918:280	135.849
10	14	21.029	-19.411	12.9523	
10	20	24.584	-12.314	23.1267	
10	22	26.964	-14.14	28.0012	
10	24	26.572	-17.115	11.6806	
10	25	24.975	-9.34	11.7104	
10	26	23.801	-18.263	14.9083	
10	28	24.192	-15.289	33.4698	
3030	9	12:58:29:660:596:830	158.463
1	3	-7.532	2.505	33.2053	
1	5	-7.14	5.479	13.9795	
1	7	-9.912	4.331	15.6723	
1	9	-10.303	1.356	13.0515	
1	13	-5.152	0.678	7.68951	
1	15	-4.76	3.653	31.1746	
1	18	-2.38	1.826	13.2704	
7	10	-15.455	2.035	10.7743	
7	12	-12.683	3.183	19.6459	
3036	4	12:58:29:750:320:620	196.631
15	2	-24.192	15.289	44.3926	
15	4	-23.801	18.263	21.9302	
15	6	-26.572	17.115	62.5224	
15	12	-21.812	13.462	67.7855	
3044	17	12:58:29:818:103:030	761.217
4	23	22.173	9.184	29.3714	
4	25	21.782	6.21	29.9228	
13	2	26.933	5.532	11.7976	
13	4	27.325	8.506	122.409	
13	6	24.553	7.358	117.528	
13	8	24.162	4.384	7.89962	
13	11	24.945	10.332	44.7613	
13	13	27.716	11.481	64.465	
13	14	29.705	6.68	19.6271	
13	15	28.108	14.455	18.1956	
13	16	30.096	9.654	102.577	
13	18	30.488	12.629	51.9683	
13	20	33.26	13.777	46.5311	
13	22	35.64	11.95	25.8334	
13	24	35.248	8.976	13.6404	
13	26	32.477	7.828	11.1271	
13	28	32.868	10.802	43.562	
3045	9	12:58:29:819:977:090	245.841
7	18	-11.509	12.106	11.4128	
7	20	-8.737	13.254	24.2217	
7	22	-6.357	11.428	21.2773	
7	28	-9.129	10.279	14.7001	
8	2	-3.194	15.55	72.1334	
8	8	-5.965	14.402	56.8376	
8	10	-3.585	12.576	17.0022	
8	12	-0.814	13.724	18.9084	
8	14	-0.422	16.698	9.34743	
3049	4	12:58:29:843:559:090	72.5191
4	6	12.683	-3.183	7.30926	
4	8	12.292	-6.157	21.5157	
4	10	14.672	-7.983	22.698	
10	7	14.28	-10.958	20.9962	
3057	4	12:58:29:955:409:860	53.902
1	3	-7.532	2.505	19.4466	
1	13	-5.152	0.678	16.7129	
1	15	-4.76	3.653	9.911	
1	18	-2.38	1.826	7.8314	
3059	11	12:58:29:959:646:300	278.578
11	2	6.388	-31.1	71.5843	
11	4	6.779	-28.125	21.1899	
11	10	5.996	-34.074	56.3448	
11	11	4.399	-26.299	14.4331	
11	12	8.768	-32.926	25.5777	
11	13	7.171	-25.151	10.4083	
11	14	9.159	-29.952	33.7881	
11	16	9.551	-26.977	17.3285	
11	18	9.942	-24.003	10.1429	
11	26	11.931	-28.804	7.91052	
18	22	3.224	-35.222	9.87024	
3062	6	12:58:29:984:946:840	86.1055
1	22	2.772	1.148	7.38209	
2	19	5.152	-0.678	19.1708	
2	21	7.923	0.47	12.8088	
2	23	10.303	-1.356	7.44997	
2	25	9.912	-4.331	9.29354	
2	29	7.532	-2.505	30.0004	
3067	4	12:58:30:003:164:460	60.2746
9	4	-26.542	-2.557	9.32243	
9	16	-23.77	-1.409	19.2993	
9	18	-23.378	1.565	11.1483	
9	27	-22.987	4.539	20.5046	
3072	13	12:58:30:020:018:670	237.001
14	3	16.208	23.586	19.8384	
14	5	16.599	26.561	22.3994	
14	6	15.425	17.638	17.8339	
14	7	13.828	25.413	29.3624	
14	8	15.033	14.663	17.0893	
14	9	13.436	22.438	24.7669	
14	10	17.413	12.837	12.003	
14	11	15.816	20.612	13.9503	
14	13	18.588	21.76	9.74372	
16	12	11.056	24.264	13.9919	
16	24	16.991	29.535	8.92502	
16	26	14.219	28.387	40.0128	
16	28	14.611	31.361	7.08371	
3081	5	12:58:30:165:375:870	66.9077
2	25	9.912	-4.331	20.8773	
4	2	15.064	-5.009	9.42035	
4	8	12.292	-6.157	9.6363	
4	10	14.672	-7.983	14.7331	
4	12	17.444	-6.835	12.2406	
3087	34	12:58:30:238:159:850	974.861
3	3	4.338	13.045	16.9187	
3	9	1.566	11.897	12.3816	
3	13	6.718	11.219	21.7753	
3	15	7.11	14.193	28.0663	
3	16	9.098	9.393	16.444	
3	18	9.49	12.367	33.3279	
3	20	12.261	13.515	14.1762	
3	22	14.641	11.689	42.6139	
3	25	12.653	16.49	7.24279	
3	26	11.478	7.567	7.69441	
3	28	11.87	10.541	22.3202	
4	19	17.021	9.863	43.9709	
4	21	19.793	11.011	73.9901	
4	23	22.173	9.184	14.2212	
4	29	19.401	8.036	12.4067	
8	2	-3.194	15.55	7.57969	
8	8	-5.965	14.402	14.879	
8	12	-0.814	13.724	14.23	
13	3	25.336	13.307	31.7676	
13	6	24.553	7.358	10.1488	
13	9	22.565	12.159	73.5702	
13	11	24.945	10.332	76.516	
13	13	27.716	11.481	92.9645	
13	14	29.705	6.68	9.33024	
13	16	30.096	9.654	67.3126	
13	18	30.488	12.629	39.3664	
13	22	35.64	11.95	7.8391	
13	24	35.248	8.976	18.7485	
13	26	32.477	7.828	7.96463	
13	28	32.868	10.802	52.1668	
14	8	15.033	14.663	11.8961	
14	10	17.413	12.837	38.434	
14	12	20.185	13.985	20.4337	
14	14	20.576	16.959	12.163	
3101	5	12:58:30:331:524:260	119.37
3	14	8.706	6.418	12.3699	
3	26	11.478	7.567	18.7887	
4	5	13.858	5.74	37.1934	
4	7	11.087	4.592	43.5827	
4	15	16.238	3.914	7.43565	
3105	6	12:58:30:373:134:750	172.893
15	16	-21.029	19.411	28.611	
15	18	-20.637	22.385	20.0991	
15	20	-17.866	23.533	12.4763	
15	26	-18.649	17.585	46.0545	
15	27	-20.246	25.36	7.34606	
15	28	-18.257	20.559	58.3057	
3110	12	12:58:30:402:213:320	265.617
2	2	3.194	-15.55	15.6279	
2	4	3.585	-12.576	8.89367	
2	12	5.574	-17.376	36.6698	
2	14	5.965	-14.402	52.5995	
2	16	6.357	-11.428	22.7683	
2	18	6.749	-8.453	9.29135	
2	20	9.52	-7.305	19.2854	
2	24	11.509	-12.106	14.865	
2	26	8.737	-13.254	32.716	
2	28	9.129	-10.279	16.0449	
11	5	5.182	-20.351	7.0911	
11	19	8.346	-16.228	29.7642	
3112	16	12:58:30:514:773:920	518.029
12	3	28.53	-2.243	17.4565	
12	5	28.922	0.731	10.7154	
12	15	31.302	-1.095	15.6719	
12	17	31.693	1.879	30.2901	
12	19	32.085	4.854	75.3533	
12	21	34.857	6.002	45.8622	
12	23	37.237	4.175	89.2257	
12	25	36.845	1.201	40.2988	
12	27	34.073	0.053	21.92	
12	29	34.465	3.027	84.022	
13	2	26.933	5.532	7.05338	
13	10	26.542	2.558	7.63364	
13	12	29.313	3.706	36.6043	
13	14	29.705	6.68	14.1635	
13	16	30.096	9.654	7.05816	
13	24	35.248	8.976	14.6999	
3120	9	12:58:30:577:182:590	149.812
4	5	13.858	5.74	16.0127	
4	15	16.238	3.914	10.0477	
4	17	16.63	6.888	23.1658	
4	19	17.021	9.863	7.50554	
4	20	21.39	3.236	12.5222	
4	23	22.173	9.184	8.07152	
4	25	21.782	6.21	22.024	
4	27	19.01	5.062	17.0804	
4	29	19.401	8.036	33.3823	
3129	4	12:58:30:655:736:180	63.5783
1	4	-5.543	-2.296	16.481	
1	9	-10.303	1.356	12.8737	
1	11	-7.923	-0.47	25.85	
1	14	-3.163	-4.122	8.37361	
3140	4	12:58:30:768:612:060	67.8639
1	3	-7.532	2.505	8.45506	
1	4	-5.543	-2.296	20.8436	
1	9	-10.303	1.356	9.17515	
1	11	-7.923	-0.47	29.3901	
3144	18	12:58:30:836:743:610	403.002
6	4	-8.284	-23.116	7.80048	
6	10	-9.067	-29.065	9.7755	
6	12	-6.296	-27.917	33.8208	
6	13	-7.893	-20.142	9.45346	
6	14	-5.904	-24.943	49.4599	
6	16	-5.513	-21.968	32.477	
6	18	-5.121	-18.994	7.67664	
6	26	-3.133	-23.795	25.3745	
6	28	-2.741	-20.82	8.86092	
18	3	-7.079	-33.866	27.3491	
18	5	-6.687	-30.891	43.642	
18	7	-9.459	-32.039	7.94677	
18	11	-7.471	-36.84	30.6846	
18	13	-4.699	-35.692	31.4841	
18	15	-4.307	-32.718	29.7195	
18	16	-2.319	-37.518	12.8673	
18	17	-3.916	-29.743	23.8793	
18	19	-3.524	-26.769	10.7298	
3152	11	12:58:30:888:035:920	214.456
2	19	5.152	-0.678	7.24918	
2	20	9.52	-7.305	20.8022	
2	21	7.923	0.47	13.7651	
2	22	11.9	-9.131	12.9957	
2	23	10.303	-1.356	12.6842	
2	24	11.509	-12.106	17.176	
2	25	9.912	-4.331	13.1437	
2	26	8.737	-13.254	23.0785	
2	27	7.14	-5.479	15.3424	
2	28	9.129	-10.279	56.1573	
2	29	7.532	-2.505	22.0621	
3153	6	12:58:30:891:923:970	129.516
8	20	3.133	23.795	39.5826	
8	22	5.513	21.968	20.1743	
8	24	5.121	18.994	21.7661	
8	25	3.524	26.769	25.6211	
8	28	2.741	20.82	13.4007	
8	29	1.144	28.595	8.9716	
3165	19	12:58:31:172:244:430	316.735
10	2	18.257	-20.559	20.3884	
10	4	18.649	-17.585	16.6835	
10	12	20.637	-22.385	40.338	
10	13	19.04	-14.61	10.4424	
10	14	21.029	-19.411	35.6428	
10	15	19.432	-11.636	9.42803	
10	16	21.421	-16.437	12.3968	
10	17	19.824	-8.662	11.7032	
10	18	21.812	-13.462	10.5281	
10	26	23.801	-18.263	9.47788	
10	27	22.204	-10.488	15.6575	
10	29	22.595	-7.514	8.37328	
22	3	19.854	-28.334	30.5386	
22	5	20.246	-25.36	30.7783	
22	7	17.474	-26.508	9.14774	
22	11	19.463	-31.308	13.4193	
22	13	22.234	-30.16	9.93106	
22	17	23.017	-24.212	13.8705	
22	19	23.409	-21.237	7.9893	
3167	21	12:58:31:206:620:480	1060.07
7	23	-7.954	19.202	26.0837	
8	2	-3.194	15.55	7.20071	
8	3	-4.791	23.325	84.6125	
8	5	-4.399	26.299	92.0253	
8	6	-5.574	17.376	15.598	
8	7	-7.171	25.151	24.1421	
8	9	-7.562	22.177	32.0276	
8	11	-5.182	20.351	25.3971	
8	13	-2.411	21.499	12.3685	
8	15	-2.019	24.473	72.0375	
8	17	-1.627	27.447	229.439	
8	18	0.361	22.647	13.5764	
8	19	-1.236	30.422	163.561	
8	21	1.536	31.57	88.2268	
8	23	3.916	29.743	12.3632	
8	27	0.753	25.621	21.9992	
8	29	1.144	28.595	59.8311	
19	14	-9.551	26.977	8.23882	
19	22	-3.616	32.248	9.64449	
19	24	-4.008	29.274	51.5483	
19	28	-6.388	31.1	10.149	
3177	9	12:58:31:442:965:520	145.099
9	3	-28.53	2.243	11.2979	
9	5	-28.139	5.217	25.9748	
9	7	-30.91	4.069	23.4232	
9	15	-25.758	3.391	14.4279	
9	27	-22.987	4.539	7.70053	
20	2	-36.062	4.748	7.54993	
20	4	-35.67	7.722	7.35965	
20	14	-33.29	5.896	19.9696	
20	26	-30.519	7.044	27.3959	
3190	12	12:58:31:686:218:990	535.325
7	3	-16.66	12.784	12.7967	
7	5	-16.269	15.758	7.55046	
7	13	-14.28	10.958	18.8129	
7	15	-13.889	13.932	110.788	
7	16	-11.9	9.131	11.6082	
7	17	-13.497	16.906	119.353	
7	18	-11.509	12.106	106.35	
7	19	-13.106	19.881	23.0915	
7	25	-8.346	16.228	8.54854	
7	27	-11.117	15.08	64.1	
7	29	-10.726	18.054	27.505	
15	24	-15.877	18.733	24.8212	
3205	6	12:58:31:892:252:890	127.864
5	20	-11.478	-7.567	22.0641	
5	22	-9.098	-9.393	7.20921	
5	24	-9.49	-12.367	21.3761	
5	25	-11.087	-4.592	18.7576	
5	26	-12.261	-13.515	11.5989	
5	28	-11.87	-10.541	46.8578	
3211	4	12:58:31:968:683:240	44.7203
16	4	9.067	29.065	17.5215	
16	13	9.459	32.039	7.22402	
16	14	11.448	27.239	9.93229	
16	16	11.839	30.213	10.0425	
3218	6	12:58:32:056:089:820	152.853
1	16	-2.772	-1.148	16.9264	
1	24	2.38	-1.826	74.2407	
1	28	0	0	37.898	
2	5	1.988	-4.801	7.11675	
2	17	4.76	-3.653	7.08572	
2	19	5.152	-0.678	9.58541	
3221	11	12:58:32:069:445:660	253.666
1	24	2.38	-1.826	7.88172	
2	3	1.597	-7.775	40.2866	
2	5	1.988	-4.801	45.6861	
2	7	-0.783	-5.949	16.387	
2	9	-1.175	-8.923	46.474	
2	15	4.369	-6.627	13.2716	
2	17	4.76	-3.653	34.2868	
2	19	5.152	-0.678	9.96333	
6	21	-3.946	-10.071	17.6044	
6	23	-1.566	-11.897	12.6766	
6	29	-4.338	-13.045	9.14792	
3227	6	12:58:32:179:068:640	110.742
10	17	19.824	-8.662	28.5964	
10	21	22.987	-4.539	17.0306	
10	23	25.367	-6.366	7.77823	
10	25	24.975	-9.34	12.3183	
10	27	22.204	-10.488	13.7978	
10	29	22.595	-7.514	31.2211	
3229	5	12:58:32:195:187:230	99.3239
10	3	16.66	-12.784	13.2541	
10	7	14.28	-10.958	19.8895	
10	15	19.432	-11.636	27.0291	
10	18	21.812	-13.462	30.1826	
10	27	22.204	-10.488	8.96857	
3230	8	12:58:32:203:377:360	169.224
3	3	4.338	13.045	38.6664	
3	5	4.73	16.02	12.1844	
3	7	1.958	14.872	16.9199	
3	9	1.566	11.897	33.8735	
3	15	7.11	14.193	16.8318	
3	18	9.49	12.367	11.4387	
3	27	9.881	15.341	8.47737	
8	12	-0.814	13.724	30.8317	
3244	31	12:58:32:320:896:270	628.01
5	2	-17.805	-15.811	8.38545	
5	6	-20.185	-13.985	15.3784	
5	8	-20.576	-16.959	36.3401	
5	10	-18.196	-18.786	11.1536	
9	2	-26.933	-5.532	19.4475	
9	4	-26.542	-2.557	8.68391	
9	10	-27.325	-8.506	11.9391	
9	12	-24.553	-7.358	16.2592	
9	14	-24.162	-4.384	9.78907	
17	3	-22.143	-28.857	7.48304	
17	5	-21.751	-25.882	19.7784	
17	7	-24.523	-27.03	9.30833	
17	12	-16.208	-23.586	16.4657	
17	14	-13.828	-25.413	9.23128	
17	15	-19.371	-27.709	14.8891	
17	17	-18.979	-24.734	45.6324	
17	18	-16.991	-29.535	7.75759	
17	19	-18.588	-21.76	37.3482	
17	20	-14.219	-28.387	7.07188	
17	21	-15.816	-20.612	7.0144	
17	27	-16.599	-26.561	36.9381	
21	19	-27.716	-11.481	19.7038	
21	20	-23.348	-18.107	30.5623	
21	21	-24.945	-10.332	29.8565	
21	22	-20.968	-19.934	73.1466	
21	23	-22.565	-12.159	18.1647	
21	24	-21.359	-22.908	23.8267	
21	25	-22.956	-15.133	36.5477	
21	27	-25.728	-16.281	9.14081	
21	28	-23.739	-21.082	20.9645	
21	29	-25.336	-13.307	9.80102	
3246	4	12:58:32:377:021:670	59.4471
14	2	17.805	15.811	8.78467	
14	4	18.196	18.786	15.2467	
14	6	15.425	17.638	21.2249	
14	8	15.033	14.663	14.1908	
3252	4	12:58:32:501:226:360	71.3654
6	6	-11.056	-24.264	10.0831	
6	7	-12.653	-16.49	17.6297	
6	9	-13.044	-19.464	25.1293	
6	11	-10.664	-21.29	18.5233	
3253	16	12:58:32:519:298:650	255.098
1	2	-5.935	-5.27	10.3292	
1	10	-6.326	-8.245	11.9669	
1	12	-3.555	-7.097	18.6253	
2	3	1.597	-7.775	17.8577	
2	7	-0.783	-5.949	11.9874	
2	9	-1.175	-8.923	15.3358	
2	11	1.205	-10.749	20.3646	
2	13	3.977	-9.601	28.8589	
2	15	4.369	-6.627	8.2174	
2	16	6.357	-11.428	18.4185	
2	18	6.749	-8.453	14.9194	
2	24	11.509	-12.106	12.9601	
2	28	9.129	-10.279	26.6834	
6	21	-3.946	-10.071	12.2167	
10	5	17.052	-9.81	8.84394	
10	7	14.28	-10.958	17.5131	
3261	6	12:58:32:634:412:540	84.8448
7	17	-13.497	16.906	16.0923	
7	19	-13.106	19.881	10.2535	
15	14	-21.421	16.437	9.13596	
15	16	-21.029	19.411	7.82422	
15	24	-15.877	18.733	26.5992	
15	26	-18.649	17.585	14.9396	
3262	4	12:58:32:644:544:880	45.6588
1	3	-7.532	2.505	17.3713	
1	9	-10.303	1.356	8.00159	
1	11	-7.923	-0.47	7.74394	
1	15	-4.76	3.653	12.5419	
3271	9	12:58:32:775:320:290	374.531
3	5	4.73	16.02	20.2831	
3	17	7.501	17.168	19.0575	
8	2	-3.194	15.55	28.4554	
8	6	-5.574	17.376	71.6735	
8	12	-0.814	13.724	7.17999	
8	14	-0.422	16.698	84.7611	
8	16	-0.031	19.672	25.3458	
8	24	5.121	18.994	23.6419	
8	26	2.349	17.846	94.133	
3276	6	12:58:32:809:005:980	67.5785
11	5	5.182	-20.351	10.7029	
11	15	7.562	-22.177	7.79317	
11	17	7.954	-19.202	17.9264	
11	19	8.346	-16.228	14.8409	
11	27	10.334	-21.029	7.06287	
11	29	10.726	-18.054	9.25223	
3280	27	12:58:32:842:591:720	695.769
7	3	-16.66	12.784	12.8875	
7	5	-16.269	15.758	9.93124	
7	7	-19.04	14.61	18.2648	
7	9	-19.432	11.636	20.4736	
7	17	-13.497	16.906	9.9432	
7	29	-10.726	18.054	15.9613	
9	5	-28.139	5.217	9.21093	
9	7	-30.91	4.069	10.5001	
9	17	-25.367	6.366	14.9335	
9	19	-24.975	9.34	68.3651	
9	21	-22.204	10.488	26.1997	
9	25	-20.215	5.687	9.52617	
9	29	-22.595	7.514	15.3513	
15	2	-24.192	15.289	10.6638	
15	10	-24.584	12.314	33.5483	
15	12	-21.812	13.462	36.723	
15	14	-21.421	16.437	7.3431	
15	26	-18.649	17.585	8.42461	
20	12	-33.682	2.921	13.0594	
20	14	-33.29	5.896	24.4156	
20	16	-32.899	8.87	19.1025	
20	18	-32.507	11.844	7.18901	
20	20	-29.735	12.992	13.015	
20	22	-27.355	11.166	53.9903	
20	24	-27.747	8.192	102.962	
20	26	-30.519	7.044	83.5866	
20	28	-30.127	10.018	40.1975	
3302	5	12:58:33:120:645:410	87.9149
4	2	15.064	-5.009	10.8487	
4	4	15.455	-2.035	30.1345	
4	11	13.075	-0.208	14.2046	
4	12	17.444	-6.835	8.726	
4	14	17.835	-3.861	24.0012	
3303	6	12:58:33:123:488:470	127.654
2	20	9.52	-7.305	21.0189	
2	22	11.9	-9.131	7.27626	
2	25	9.912	-4.331	13.6416	
2	28	9.129	-10.279	9.34792	
4	2	15.064	-5.009	20.5071	
4	8	12.292	-6.157	55.8618	
3307	6	12:58:33:199:338:280	97.7946
1	20	0.392	2.974	23.4249	
1	22	2.772	1.148	12.7478	
1	24	2.38	-1.826	11.1143	
1	25	0.783	5.949	8.25342	
1	28	0	0	18.1089	
3	8	3.163	4.122	24.1453	
3310	7	12:58:33:224:246:970	81.3922
10	2	18.257	-20.559	7.82021	
10	4	18.649	-17.585	10.2165	
10	10	17.866	-23.533	18.7315	
10	12	20.637	-22.385	8.68458	
10	14	21.029	-19.411	14.5271	
10	16	21.421	-16.437	7.87676	
11	22	15.094	-24.681	13.5355	
3314	13	12:58:33:283:675:310	277.946
14	2	17.805	15.811	35.6029	
14	4	18.196	18.786	61.4623	
14	6	15.425	17.638	20.5467	
14	8	15.033	14.663	9.66179	
14	13	18.588	21.76	17.408	
14	14	20.576	16.959	10.4132	
14	16	20.968	19.934	48.4939	
14	20	24.131	24.056	16.43	
14	22	26.511	22.23	7.71656	
14	25	24.523	27.03	7.83541	
14	26	23.348	18.107	7.16666	
14	27	21.751	25.882	7.88597	
14	28	23.739	21.082	27.3226	
3316	8	12:58:33:306:696:470	162.256
2	20	9.52	-7.305	28.2419	
2	22	11.9	-9.131	28.902	
2	24	11.509	-12.106	28.4185	
2	25	9.912	-4.331	11.9488	
10	6	15.877	-18.733	20.4506	
10	9	13.889	-13.932	9.95609	
10	11	16.269	-15.758	9.92017	
11	23	13.497	-16.906	24.4176	
3319	9	12:58:33:312:076:150	244.034
2	12	5.574	-17.376	26.5788	
2	14	5.965	-14.402	23.6084	
2	26	8.737	-13.254	15.0931	
11	5	5.182	-20.351	17.8272	
11	15	7.562	-22.177	24.997	
11	17	7.954	-19.202	84.1426	
11	19	8.346	-16.228	32.9797	
11	21	11.117	-15.08	8.06041	
11	29	10.726	-18.054	10.7467	
3322	32	12:58:33:355:132:180	1059.64
5	2	-17.805	-15.811	12.5688	
5	3	-19.401	-8.036	53.8583	
5	4	-17.413	-12.837	24.0267	
5	5	-19.01	-5.062	51.3001	
5	9	-22.173	-9.184	13.8516	
5	12	-15.425	-17.638	8.83341	
5	13	-17.021	-9.863	95.9633	
5	14	-15.033	-14.663	38.5831	
5	15	-16.63	-6.888	77.7505	
5	16	-14.641	-11.689	121.543	
5	18	-14.25	-8.715	38.455	
5	20	-11.478	-7.567	11.3797	
5	24	-9.49	-12.367	10.14	
5	26	-12.261	-13.515	104.062	
5	28	-11.87	-10.541	17.3611	
6	3	-10.273	-18.316	52.2961	
6	4	-8.284	-23.116	7.80048	
6	5	-9.881	-15.341	38.7962	
6	7	-12.653	-16.49	46.8867	
6	9	-13.044	-19.464	30.8947	
6	11	-10.664	-21.29	11.3956	
6	13	-7.893	-20.142	55.9964	
6	14	-5.904	-24.943	14.4241	
6	15	-7.501	-17.168	18.6176	
6	16	-5.513	-21.968	26.9237	
6	17	-7.11	-14.193	7.65135	
6	18	-5.121	-18.994	13.16	
6	26	-3.133	-23.795	13.0529	
6	28	-2.741	-20.82	7.67946	
18	19	-3.524	-26.769	9.09306	
18	21	-0.753	-25.621	10.6021	
18	29	-1.144	-28.595	14.6907	
3328	16	12:58:33:448:634:420	393.641
1	3	-7.532	2.505	14.6426	
1	5	-7.14	5.479	14.8872	
1	6	-8.315	-3.444	12.3386	
1	7	-9.912	4.331	47.3873	
1	9	-10.303	1.356	121.868	
1	11	-7.923	-0.47	18.7698	
1	13	-5.152	0.678	12.9859	
5	19	-15.847	-0.94	11.3947	
5	21	-13.075	0.208	25.7106	
5	23	-10.695	-1.618	32.8285	
5	25	-11.087	-4.592	10.5173	
5	29	-13.467	-2.766	13.3043	
7	2	-15.064	5.009	7.51494	
7	12	-12.683	3.183	28.8218	
7	14	-12.292	6.157	11.2096	
7	26	-9.52	7.305	9.45943	
3329	7	12:58:33:472:611:570	170.508
21	5	-30.88	-15.603	10.8946	
21	15	-28.5	-17.429	15.5028	
21	17	-28.108	-14.455	44.5176	
21	20	-23.348	-18.107	26.7135	
21	23	-22.565	-12.159	9.76873	
21	25	-22.956	-15.133	15.597	
21	27	-25.728	-16.281	47.5141	
3336	17	12:58:33:570:429:680	297.613
2	17	4.76	-3.653	7.35438	
2	18	6.749	-8.453	10.9232	
2	20	9.52	-7.305	10.5456	
2	21	7.923	0.47	29.3064	
2	23	10.303	-1.356	11.3676	
2	25	9.912	-4.331	8.36419	
2	27	7.14	-5.479	22.4391	
2	29	7.532	-2.505	17.3198	
3	12	8.315	3.444	11.2915	
3	14	8.706	6.418	26.6353	
3	16	9.098	9.393	19.562	
3	17	7.501	17.168	8.35654	
3	18	9.49	12.367	27.9105	
3	20	12.261	13.515	7.67804	
3	21	10.664	21.29	12.9115	
3	27	9.881	15.341	42.456	
3	29	10.273	18.316	23.1915	
3350	21	12:58:33:750:774:780	362.831
1	4	-5.543	-2.296	15.8347	
1	14	-3.163	-4.122	8.64004	
1	16	-2.772	-1.148	14.5347	
2	3	1.597	-7.775	24.0404	
2	5	1.988	-4.801	15.3791	
2	7	-0.783	-5.949	16.0682	
2	13	3.977	-9.601	15.8271	
2	15	4.369	-6.627	48.3073	
2	16	6.357	-11.428	9.88891	
2	17	4.76	-3.653	12.7946	
2	18	6.749	-8.453	40.0627	
2	20	9.52	-7.305	31.3839	
2	22	11.9	-9.131	25.1792	
2	24	11.509	-12.106	7.30761	
2	25	9.912	-4.331	7.53441	
2	27	7.14	-5.479	9.29329	
2	28	9.129	-10.279	15.2078	
4	8	12.292	-6.157	12.7228	
4	10	14.672	-7.983	14.9575	
10	5	17.052	-9.81	7.97086	
10	7	14.28	-10.958	9.8959	
3354	6	12:58:33:800:896:930	134.097
11	2	6.388	-31.1	53.8565	
11	4	6.779	-28.125	27.0982	
11	6	4.008	-29.274	14.6237	
11	8	3.616	-32.248	12.7822	
11	10	5.996	-34.074	15.1667	
11	11	4.399	-26.299	10.5695	
3362	22	12:58:33:909:473:900	1267.94
9	3	-28.53	2.243	13.4856	
9	5	-28.139	5.217	46.6073	
9	7	-30.91	4.069	90.1962	
15	8	-26.964	14.14	13.2018	
15	10	-24.584	12.314	7.31808	
20	4	-35.67	7.722	17.2223	
20	6	-38.442	6.574	14.9517	
20	8	-38.834	3.6	7.55632	
20	12	-33.682	2.921	7.15155	
20	14	-33.29	5.896	57.9495	
20	16	-32.899	8.87	125.817	
20	17	-34.496	16.645	24.7164	
20	18	-32.507	11.844	131.929	
20	19	-34.104	19.619	25.922	
20	20	-29.735	12.992	37.5988	
20	22	-27.355	11.166	21.8437	
20	24	-27.747	8.192	35.5028	
20	25	-29.344	15.967	26.3315	
20	26	-30.519	7.044	301.879	
20	27	-32.116	14.819	61.8683	
20	28	-30.127	10.018	166.076	
20	29	-31.724	17.793	32.8135	
3364	11	12:58:33:925:489:950	177.816
3	16	9.098	9.393	7.60951	
3	22	14.641	11.689	8.41802	
3	24	14.25	8.715	37.2563	
3	26	11.478	7.567	16.2835	
3	28	11.87	10.541	15.0715	
4	3	13.467	2.766	11.1314	
4	5	13.858	5.74	26.3206	
4	9	10.695	1.618	15.8319	
4	15	16.238	3.914	14.3315	
4	17	16.63	6.888	18.4396	
4	27	19.01	5.062	7.12221	
3379	7	12:58:34:136:917:650	109.542
4	18	18.618	2.088	11.1376	
4	20	21.39	3.236	7.81842	
4	26	20.607	-2.713	21.2286	
4	28	20.998	0.261	20.943	
10	21	22.987	-4.539	12.7229	
10	25	24.975	-9.34	7.8389	
10	29	22.595	-7.514	27.8527	
3387	19	12:58:34:286:494:670	1080.92
1	16	-2.772	-1.148	13.8723	
1	18	-2.38	1.826	10.0001	
1	20	0.392	2.974	39.0869	
1	22	2.772	1.148	18.1476	
1	25	0.783	5.949	31.2402	
1	28	0	0	19.9011	
3	2	5.935	5.27	20.6967	
3	3	4.338	13.045	98.626	
3	4	6.326	8.245	28.9252	
3	5	4.73	16.02	18.0213	
3	6	3.555	7.097	121.32	
3	8	3.163	4.122	22.6879	
3	9	1.566	11.897	10.0232	
3	11	3.946	10.071	174.351	
3	13	6.718	11.219	136.117	
3	15	7.11	14.193	264.382	
3	17	7.501	17.168	27.5652	
3	18	9.49	12.367	15.5018	
3	27	9.881	15.341	10.4497	
3415	4	12:58:34:518:963:260	53.9083
7	20	-8.737	13.254	7.0758	
7	23	-7.954	19.202	15.3395	
7	25	-8.346	16.228	21.8195	
7	29	-10.726	18.054	9.6735	
3424	14	12:58:34:770:872:420	217.693
1	19	-3.977	9.601	7.02829	
1	21	-1.205	10.749	18.1955	
1	23	1.175	8.923	14.4763	
1	25	0.783	5.949	10.7431	
1	29	-1.597	7.775	10.9574	
3	7	1.958	14.872	18.3558	
3	9	1.566	11.897	23.0705	
8	12	-0.814	13.724	23.5218	
8	14	-0.422	16.698	33.2167	
8	16	-0.031	19.672	17.5778	
8	18	0.361	22.647	21.1909	
8	26	2.349	17.846	12.8635	
8	27	0.753	25.621	13.1113	
8	28	2.741	20.82	7.86003	
3425	8	12:58:34:795:445:440	101.361
7	20	-8.737	13.254	11.2108	
7	21	-10.334	21.029	8.84914	
7	23	-7.954	19.202	15.1777	
7	25	-8.346	16.228	22.7157	
8	6	-5.574	17.376	11.9563	
8	8	-5.965	14.402	10.812	
8	9	-7.562	22.177	7.97947	
8	11	-5.182	20.351	12.6597	
3427	10	12:58:34:823:268:790	276.89
4	10	14.672	-7.983	7.47874	
4	12	17.444	-6.835	20.9969	
4	26	20.607	-2.713	7.33075	
10	3	16.66	-12.784	41.8709	
10	5	17.052	-9.81	79.3368	
10	7	14.28	-10.958	57.5525	
10	9	13.889	-13.932	7.72172	
10	15	19.432	-11.636	10.4634	
10	17	19.824	-8.662	25.9844	
10	19	20.215	-5.687	18.1535	
3430	16	12:58:34:860:959:860	489.204
2	2	3.194	-15.55	12.2507	
2	8	0.422	-16.698	16.6502	
2	10	2.802	-18.524	67.268	
2	12	5.574	-17.376	67.8323	
2	14	5.965	-14.402	12.8104	
2	26	8.737	-13.254	8.41564	
6	22	0.031	-19.672	33.6683	
10	9	13.889	-13.932	14.8191	
11	5	5.182	-20.351	62.627	
11	7	2.411	-21.499	85.3898	
11	9	2.019	-24.473	11.7144	
11	17	7.954	-19.202	17.3689	
11	19	8.346	-16.228	39.823	
11	21	11.117	-15.08	14.6483	
11	23	13.497	-16.906	10.8414	
11	29	10.726	-18.054	13.0762	
3437	10	12:58:34:911:583:000	141.039
6	24	-0.361	-22.647	10.0533	
11	3	4.791	-23.325	9.43356	
11	6	4.008	-29.274	12.4186	
11	9	2.019	-24.473	14.0932	
11	11	4.399	-26.299	7.34073	
18	20	0.844	-33.396	11.3425	
18	21	-0.753	-25.621	7.80412	
18	23	1.627	-27.447	27.7109	
18	25	1.236	-30.422	23.4496	
18	27	-1.536	-31.57	17.393	
3448	4	12:58:35:113:590:380	52.3417
4	16	18.227	-0.887	7.11767	
4	24	23.378	-1.565	9.77255	
4	26	20.607	-2.713	16.6469	
4	28	20.998	0.261	18.8046	
3449	8	12:58:35:122:236:260	161.878
5	19	-15.847	-0.94	10.05	
5	21	-13.075	0.208	8.37171	
7	2	-15.064	5.009	34.1011	
7	4	-14.672	7.983	11.9902	
7	6	-17.444	6.835	10.3526	
7	8	-17.835	3.861	16.0813	
7	10	-15.455	2.035	55.0162	
7	12	-12.683	3.183	15.915	
3455	10	12:58:35:151:459:960	167.192
10	8	15.486	-21.707	10.5513	
10	10	17.866	-23.533	23.6064	
10	12	20.637	-22.385	30.7481	
11	16	9.551	-26.977	9.51764	
11	18	9.942	-24.003	11.546	
11	20	12.714	-22.855	8.97133	
11	28	12.322	-25.829	14.8114	
22	19	23.409	-21.237	34.3694	
22	21	26.181	-20.089	11.6322	
22	29	25.789	-23.063	11.4381	
3460	4	12:58:35:189:715:080	43.7512
5	6	-20.185	-13.985	8.46177	
5	8	-20.576	-16.959	17.9307	
21	20	-23.348	-18.107	8.41524	
21	25	-22.956	-15.133	8.94351	
3482	4	12:58:35:434:039:730	78.3745
1	3	-7.532	2.505	17.3329	
1	11	-7.923	-0.47	21.6462	
1	13	-5.152	0.678	25.7363	
1	15	-4.76	3.653	13.6592	
3490	9	12:58:35:501:631:390	177.717
18	3	-7.079	-33.866	13.7972	
18	11	-7.471	-36.84	8.62632	
18	13	-4.699	-35.692	32.1215	
18	15	-4.307	-32.718	40.3002	
18	17	-3.916	-29.743	15.7768	
18	18	-1.927	-34.544	17.0763	
18	27	-1.536	-31.57	21.9602	
18	28	0.453	-36.37	11.9118	
18	29	-1.144	-28.595	16.1465	
3495	13	12:58:35:602:931:300	199.679
7	5	-16.269	15.758	12.346	
7	15	-13.889	13.932	10.8817	
7	17	-13.497	16.906	23.9095	
7	19	-13.106	19.881	18.2603	
7	21	-10.334	21.029	12.0119	
7	29	-10.726	18.054	12.5111	
8	7	-7.171	25.151	13.6254	
19	10	-12.714	22.855	10.0414	
19	12	-9.942	24.003	23.9874	
19	14	-9.551	26.977	24.0694	
19	20	-5.996	34.074	12.5634	
19	26	-6.779	28.125	11.1798	
19	28	-6.388	31.1	14.2914	
3498	4	12:58:35:665:750:690	57.8854
8	7	-7.171	25.151	7.9702	
19	2	-12.322	25.829	18.3697	
19	12	-9.942	24.003	20.4166	
19	14	-9.551	26.977	11.1289	
3499	4	12:58:35:691:199:980	69.441
13	12	29.313	3.706	12.056	
13	14	29.705	6.68	23.914	
13	16	30.096	9.654	11.2559	
13	26	32.477	7.828	22.2151	
3500	4	12:58:35:712:311:300	66.8269
9	17	-25.367	6.366	7.85976	
9	23	-19.824	8.662	16.7051	
9	27	-22.987	4.539	33.822	
9	29	-22.595	7.514	8.44005	
3519	15	12:58:35:950:569:900	422.842
1	8	-8.706	-6.418	23.3786	
1	10	-6.326	-8.245	20.361	
1	12	-3.555	-7.097	8.83261	
5	18	-14.25	-8.715	7.75005	
5	20	-11.478	-7.567	94.5865	
5	22	-9.098	-9.393	109.215	
5	24	-9.49	-12.367	15.758	
5	25	-11.087	-4.592	16.0831	
5	27	-13.858	-5.74	14.5619	
5	28	-11.87	-10.541	12.9263	
6	17	-7.11	-14.193	14.9952	
6	19	-6.718	-11.219	51.0676	
6	21	-3.946	-10.071	12.1138	
6	27	-4.73	-16.02	8.41211	
6	29	-4.338	-13.045	12.8006	
3521	10	12:58:35:969:435:390	254.341
9	3	-28.53	2.243	26.4488	
9	7	-30.91	4.069	44.3587	
9	9	-31.302	1.095	14.8008	
9	11	-28.922	-0.731	12.6519	
9	15	-25.758	3.391	11.76	
20	2	-36.062	4.748	15.8642	
20	4	-35.67	7.722	52.6009	
20	6	-38.442	6.574	15.825	
20	12	-33.682	2.921	10.7101	
20	14	-33.29	5.896	49.3211	
3524	10	12:58:36:004:905:840	294.472
10	2	18.257	-20.559	39.3105	
10	4	18.649	-17.585	32.6102	
10	6	15.877	-18.733	10.2629	
10	8	15.486	-21.707	18.3378	
10	14	21.029	-19.411	43.3564	
10	16	21.421	-16.437	81.1938	
10	20	24.584	-12.314	11.1549	
10	22	26.964	-14.14	9.98191	
10	26	23.801	-18.263	28.9396	
10	28	24.192	-15.289	19.3243	
3528	9	12:58:36:026:691:450	158.628
6	4	-8.284	-23.116	10.2934	
6	12	-6.296	-27.917	9.0162	
6	14	-5.904	-24.943	19.5248	
11	8	3.616	-32.248	21.612	
11	10	5.996	-34.074	8.08356	
18	17	-3.916	-29.743	7.0485	
18	19	-3.524	-26.769	33.3109	
18	25	1.236	-30.422	28.4632	
18	29	-1.144	-28.595	21.275	
3536	5	12:58:36:150:604:360	93.8891
1	2	-5.935	-5.27	13.9061	
1	6	-8.315	-3.444	25.2013	
1	9	-10.303	1.356	11.3445	
5	21	-13.075	0.208	13.2406	
5	23	-10.695	-1.618	30.1965	
3538	19	12:58:36:195:168:110	719.172
5	3	-19.401	-8.036	61.9371	
5	4	-17.413	-12.837	9.51659	
5	5	-19.01	-5.062	200.357	
5	6	-20.185	-13.985	8.90326	
5	7	-21.782	-6.21	28.4229	
5	9	-22.173	-9.184	35.9157	
5	11	-19.793	-11.011	26.721	
5	13	-17.021	-9.863	23.6448	
5	15	-16.63	-6.888	63.004	
5	17	-16.238	-3.914	108.15	
5	18	-14.25	-8.715	26.9037	
5	19	-15.847	-0.94	15.8889	
5	27	-13.858	-5.74	12.9291	
5	29	-13.467	-2.766	9.94165	
9	12	-24.553	-7.358	7.9806	
9	16	-23.77	-1.409	7.2989	
9	24	-18.618	-2.088	45.1967	
9	26	-21.39	-3.236	14.8175	
9	28	-20.998	-0.261	11.6428	
3546	40	12:58:36:318:088:710	1446.76
3	4	6.326	8.245	20.3122	
3	7	1.958	14.872	14.7855	
3	9	1.566	11.897	17.0604	
3	11	3.946	10.071	10.2951	
3	13	6.718	11.219	9.11317	
3	14	8.706	6.418	13.5815	
3	16	9.098	9.393	7.83223	
7	15	-13.889	13.932	7.1847	
7	17	-13.497	16.906	21.8489	
7	19	-13.106	19.881	137.038	
7	20	-8.737	13.254	10.7117	
7	21	-10.334	21.029	38.5594	
7	22	-6.357	11.428	7.61386	
7	23	-7.954	19.202	27.7018	
7	25	-8.346	16.228	50.8776	
7	27	-11.117	15.08	19.1421	
7	29	-10.726	18.054	99.0427	
8	2	-3.194	15.55	44.2149	
8	6	-5.574	17.376	30.6481	
8	8	-5.965	14.402	61.0368	
8	10	-3.585	12.576	21.9777	
8	12	-0.814	13.724	43.4373	
8	14	-0.422	16.698	7.84516	
15	3	-25.789	23.063	10.9139	
15	5	-25.398	26.038	29.3579	
15	13	-23.409	21.237	16.9706	
15	15	-23.017	24.212	46.4472	
15	16	-21.029	19.411	11.0162	
15	17	-22.626	27.186	33.7691	
15	18	-20.637	22.385	45.327	
15	19	-22.234	30.16	10.4329	
15	20	-17.866	23.533	130.179	
15	22	-15.486	21.707	171.812	
15	24	-15.877	18.733	17.9536	
15	27	-20.246	25.36	70.9262	
15	28	-18.257	20.559	44.5341	
15	29	-19.854	28.334	7.46701	
19	8	-15.094	24.681	25.5433	
19	10	-12.714	22.855	37.7174	
19	12	-9.942	24.003	14.5353	
3557	6	12:58:36:481:570:520	99.4186
1	2	-5.935	-5.27	9.63572	
1	4	-5.543	-2.296	20.6012	
1	10	-6.326	-8.245	8.78148	
1	11	-7.923	-0.47	14.7135	
1	12	-3.555	-7.097	22.8496	
1	14	-3.163	-4.122	22.8371	
3560	4	12:58:36:505:133:290	51.0306
10	20	24.584	-12.314	16.2942	
10	22	26.964	-14.14	12.7367	
10	25	24.975	-9.34	10.0146	
10	28	24.192	-15.289	11.9852	
3567	13	12:58:36:590:908:620	406.169
7	2	-15.064	5.009	42.6514	
7	4	-14.672	7.983	37.465	
7	6	-17.444	6.835	10.7693	
7	8	-17.835	3.861	63.9971	
7	10	-15.455	2.035	14.9925	
7	14	-12.292	6.157	7.508	
7	16	-11.9	9.131	7.51116	
9	18	-23.378	1.565	9.1497	
9	20	-20.607	2.713	23.8441	
9	22	-18.227	0.887	108.941	
9	24	-18.618	-2.088	15.1946	
9	25	-20.215	5.687	7.22455	
9	28	-20.998	-0.261	56.9201	
3570	11	12:58:36:605:463:110	193.949
7	5	-16.269	15.758	17.4137	
7	17	-13.497	16.906	8.86384	
15	4	-23.801	18.263	11.7463	
15	13	-23.409	21.237	7.91224	
15	15	-23.017	24.212	13.7263	
15	16	-21.029	19.411	32.9707	
15	18	-20.637	22.385	33.1289	
15	24	-15.877	18.733	18.5113	
15	26	-18.649	17.585	21.1926	
15	27	-20.246	25.36	7.23587	
15	28	-18.257	20.559	21.2476	
3574	5	12:58:36:706:516:640	68.8574
2	21	7.923	0.47	8.57332	
2	23	10.303	-1.356	8.57388	
2	25	9.912	-4.331	20.0475	
3	2	5.935	5.27	13.8731	
3	12	8.315	3.444	17.7896	
3575	6	12:58:36:726:594:680	78.0004
1	3	-7.532	2.505	16.2952	
1	5	-7.14	5.479	16.267	
1	15	-4.76	3.653	9.26228	
7	16	-11.9	9.131	7.51116	
7	24	-6.749	8.453	12.9707	
7	26	-9.52	7.305	15.6941	
3579	12	12:58:36:793:118:340	229.705
7	19	-13.106	19.881	12.517	
7	21	-10.334	21.029	50.4704	
7	23	-7.954	19.202	7.24907	
8	5	-4.399	26.299	23.3658	
8	7	-7.171	25.151	22.6539	
8	9	-7.562	22.177	32.0276	
8	11	-5.182	20.351	13.1568	
8	15	-2.019	24.473	16.7658	
8	17	-1.627	27.447	8.49143	
19	2	-12.322	25.829	7.16034	
19	10	-12.714	22.855	9.08702	
19	12	-9.942	24.003	26.7601	
3586	47	12:58:36:887:563:190	3427.73
4	5	13.858	5.74	14.064	
4	15	16.238	3.914	14.6798	
4	17	16.63	6.888	11.9589	
4	18	18.618	2.088	10.3446	
4	19	17.021	9.863	14.2623	
4	21	19.793	11.011	17.6738	
4	22	23.77	1.409	8.43119	
4	23	22.173	9.184	22.9974	
4	25	21.782	6.21	24.5502	
4	27	19.01	5.062	8.66912	
4	29	19.401	8.036	17.4686	
12	15	31.302	-1.095	12.0175	
12	17	31.693	1.879	17.3964	
12	19	32.085	4.854	47.5945	
12	20	36.453	-1.773	14.0758	
12	21	34.857	6.002	235.541	
12	22	38.834	-3.6	14.448	
12	23	37.237	4.175	177.025	
12	25	36.845	1.201	118.212	
12	27	34.073	0.053	18.3434	
12	29	34.465	3.027	109.909	
13	2	26.933	5.532	27.5418	
13	3	25.336	13.307	10.4374	
13	4	27.325	8.506	55.3274	
13	6	24.553	7.358	31.2718	
13	8	24.162	4.384	20.7999	
13	9	22.565	12.159	26.8933	
13	10	26.542	2.558	15.4448	
13	11	24.945	10.332	17.1468	
13	12	29.313	3.706	24.8259	
13	13	27.716	11.481	60.5715	
13	14	29.705	6.68	76.1549	
13	15	28.108	14.455	29.989	
13	16	30.096	9.654	91.1988	
13	17	28.5	17.429	20.9227	
13	18	30.488	12.629	68.5296	
13	19	28.891	20.404	8.8336	
13	20	33.26	13.777	138.411	
13	21	31.663	21.552	21.519	
13	22	35.64	11.95	326.499	
13	23	34.043	19.725	49.0131	
13	24	35.248	8.976	661.178	
13	25	33.651	16.751	56.2942	
13	26	32.477	7.828	331.939	
13	27	30.88	15.603	45.3896	
13	28	32.868	10.802	266.598	
13	29	31.271	18.577	15.3385	
3591	6	12:58:36:922:191:340	104.88
2	23	10.303	-1.356	28.2585	
2	29	7.532	-2.505	13.574	
4	3	13.467	2.766	20.4868	
4	9	10.695	1.618	22.072	
4	11	13.075	-0.208	10.0927	
4	15	16.238	3.914	10.396	
3592	4	12:58:36:924:883:580	83.4208
9	20	-20.607	2.713	12.5596	
9	23	-19.824	8.662	11.6512	
9	25	-20.215	5.687	51.6907	
9	27	-22.987	4.539	7.51934	
3604	7	12:58:37:064:288:070	222.063
5	3	-19.401	-8.036	8.00597	
5	7	-21.782	-6.21	35.9352	
5	9	-22.173	-9.184	20.6638	
9	10	-27.325	-8.506	20.745	
9	12	-24.553	-7.358	37.6512	
21	19	-27.716	-11.481	32.5996	
21	21	-24.945	-10.332	66.4616	
3614	8	12:58:37:169:598:720	161.681
9	2	-26.933	-5.532	28.4383	
9	4	-26.542	-2.557	19.9219	
9	10	-27.325	-8.506	15.4681	
9	14	-24.162	-4.384	23.1698	
9	16	-23.77	-1.409	33.2724	
9	18	-23.378	1.565	14.5209	
9	24	-18.618	-2.088	7.25858	
9	28	-20.998	-0.261	19.631	
3616	17	12:58:37:187:897:280	277.946
7	3	-16.66	12.784	10.8606	
7	5	-16.269	15.758	32.7187	
7	15	-13.889	13.932	35.1213	
7	17	-13.497	16.906	23.9422	
7	18	-11.509	12.106	21.3909	
7	20	-8.737	13.254	13.7417	
7	27	-11.117	15.08	7.42245	
7	28	-9.129	10.279	17.3543	
15	3	-25.789	23.063	7.50788	
15	5	-25.398	26.038	12.6817	
15	15	-23.017	24.212	18.2061	
15	16	-21.029	19.411	13.0793	
15	17	-22.626	27.186	8.06539	
15	18	-20.637	22.385	14.5199	
15	24	-15.877	18.733	11.1556	
15	26	-18.649	17.585	22.9524	
15	28	-18.257	20.559	7.22562	
3618	6	12:58:37:193:946:590	131.357
13	2	26.933	5.532	34.1753	
13	4	27.325	8.506	12.2444	
13	6	24.553	7.358	11.2368	
13	8	24.162	4.384	16.6689	
13	10	26.542	2.558	48.3069	
13	12	29.313	3.706	8.72474	
3620	8	12:58:37:230:116:730	155.091
8	18	0.361	22.647	7.38764	
8	20	3.133	23.795	66.9272	
8	23	3.916	29.743	10.3863	
8	25	3.524	26.769	14.9179	
8	29	1.144	28.595	11.7274	
16	2	8.676	26.091	7.2659	
16	6	6.296	27.917	9.62089	
16	8	5.904	24.943	26.8577	
3624	11	12:58:37:290:324:480	230.889
1	2	-5.935	-5.27	76.3193	
1	3	-7.532	2.505	9.30057	
1	4	-5.543	-2.296	29.2053	
1	6	-8.315	-3.444	17.8224	
1	10	-6.326	-8.245	25.2252	
1	11	-7.923	-0.47	10.399	
1	13	-5.152	0.678	8.90571	
1	14	-3.163	-4.122	12.7888	
1	15	-4.76	3.653	16.6144	
6	19	-6.718	-11.219	15.1604	
6	29	-4.338	-13.045	9.14792	
3633	12	12:58:37:406:518:540	266.735
9	5	-28.139	5.217	7.70648	
9	17	-25.367	6.366	39.8333	
9	18	-23.378	1.565	39.4405	
9	19	-24.975	9.34	13.8223	
9	20	-20.607	2.713	9.69065	
9	24	-18.618	-2.088	9.64584	
9	26	-21.39	-3.236	15.0219	
9	27	-22.987	4.539	28.0239	
9	28	-20.998	-0.261	22.9298	
20	22	-27.355	11.166	35.8263	
20	24	-27.747	8.192	36.1063	
20	28	-30.127	10.018	8.68763	
3642	4	12:58:37:536:122:690	59.8207
7	17	-13.497	16.906	9.9105	
7	25	-8.346	16.228	19.0963	
7	27	-11.117	15.08	15.6588	
7	29	-10.726	18.054	15.1552	
3643	12	12:58:37:571:426:040	169.541
7	3	-16.66	12.784	7.13954	
7	4	-14.672	7.983	8.45765	
7	13	-14.28	10.958	17.2452	
7	18	-11.509	12.106	24.8147	
7	20	-8.737	13.254	38.1594	
7	22	-6.357	11.428	8.18849	
7	25	-8.346	16.228	13.9603	
7	27	-11.117	15.08	8.23632	
7	28	-9.129	10.279	8.54102	
8	2	-3.194	15.55	11.7801	
8	8	-5.965	14.402	15.0112	
8	10	-3.585	12.576	8.00687	
3658	5	12:58:37:743:471:550	86.3524
8	3	-4.791	23.325	10.1105	
8	15	-2.019	24.473	19.6522	
8	17	-1.627	27.447	13.6258	
8	18	0.361	22.647	26.764	
8	27	0.753	25.621	16.2	
3663	4	12:58:37:805:535:720	50.1826
3	23	13.044	19.464	14.4484	
3	25	12.653	16.49	13.7232	
14	6	15.425	17.638	8.24644	
14	11	15.816	20.612	13.7646	
3672	11	12:58:37:913:411:850	338.87
10	10	17.866	-23.533	15.4927	
10	12	20.637	-22.385	62.1669	
10	14	21.029	-19.411	13.8843	
22	3	19.854	-28.334	17.8256	
22	5	20.246	-25.36	55.5737	
22	11	19.463	-31.308	10.6921	
22	13	22.234	-30.16	44.5848	
22	15	22.626	-27.186	52.9892	
22	17	23.017	-24.212	49.0436	
22	27	25.398	-26.038	9.29452	
22	29	25.789	-23.063	7.32295	
3675	5	12:58:37:940:037:560	76.6492
3	22	14.641	11.689	28.4342	
3	24	14.25	8.715	19.7656	
3	28	11.87	10.541	10.9089	
14	8	15.033	14.663	10.1751	
14	10	17.413	12.837	7.3655	
3681	6	12:58:38:041:915:960	243.115
1	22	2.772	1.148	12.2351	
1	24	2.38	-1.826	34.7232	
2	5	1.988	-4.801	25.655	
2	17	4.76	-3.653	57.5589	
2	19	5.152	-0.678	97.5129	
2	29	7.532	-2.505	15.4297	
3685	10	12:58:38:053:073:620	144.013
6	2	-8.676	-26.091	10.3249	
6	12	-6.296	-27.917	20.8374	
6	14	-5.904	-24.943	16.7654	
6	26	-3.133	-23.795	7.67818	
18	5	-6.687	-30.891	8.91649	
18	17	-3.916	-29.743	25.1968	
18	19	-3.524	-26.769	21.2778	
18	23	1.627	-27.447	8.38954	
18	25	1.236	-30.422	7.52037	
18	29	-1.144	-28.595	17.1061	
3688	9	12:58:38:076:670:110	165.928
7	17	-13.497	16.906	15.1111	
7	19	-13.106	19.881	27.8213	
7	20	-8.737	13.254	17.2707	
7	21	-10.334	21.029	11.2044	
7	27	-11.117	15.08	16.3424	
7	29	-10.726	18.054	9.6735	
15	22	-15.486	21.707	8.36839	
19	8	-15.094	24.681	22.6265	
19	10	-12.714	22.855	37.5099	
3695	10	12:58:38:147:608:060	159.223
9	13	-26.15	0.417	14.2111	
9	15	-25.758	3.391	13.1641	
9	16	-23.77	-1.409	14.1375	
9	18	-23.378	1.565	20.1418	
9	21	-22.204	10.488	19.541	
9	27	-22.987	4.539	14.4347	
9	29	-22.595	7.514	26.9126	
15	2	-24.192	15.289	7.66565	
15	10	-24.584	12.314	10.1574	
15	12	-21.812	13.462	18.8568	
3699	7	12:58:38:192:789:370	102.508
12	3	28.53	-2.243	10.1778	
12	5	28.922	0.731	17.2841	
12	7	26.15	-0.417	24.5658	
13	2	26.933	5.532	10.2022	
13	8	24.162	4.384	9.16791	
13	10	26.542	2.558	15.3659	
13	12	29.313	3.706	15.7442	
3706	4	12:58:38:314:867:220	62.7233
1	20	0.392	2.974	24.9911	
1	22	2.772	1.148	10.458	
1	25	0.783	5.949	18.519	
1	27	-1.988	4.801	8.75523	
3713	14	12:58:38:437:501:260	311.904
10	2	18.257	-20.559	22.2038	
10	3	16.66	-12.784	8.33402	
10	4	18.649	-17.585	25.0081	
10	6	15.877	-18.733	18.1199	
10	9	13.889	-13.932	15.9035	
10	11	16.269	-15.758	11.9227	
10	14	21.029	-19.411	24.2654	
22	15	22.626	-27.186	8.25805	
22	17	23.017	-24.212	14.2375	
22	19	23.409	-21.237	39.4675	
22	23	28.561	-21.915	16.3385	
22	25	28.169	-24.89	46.2848	
22	27	25.398	-26.038	15.8408	
22	29	25.789	-23.063	45.7198	
3715	4	12:58:38:438:874:760	101.259
19	2	-12.322	25.829	60.2236	
19	4	-11.931	28.804	7.50478	
19	6	-14.703	27.656	11.8537	
19	12	-9.942	24.003	21.6769	
3738	8	12:58:38:797:292:640	128.13
7	19	-13.106	19.881	9.34132	
7	21	-10.334	21.029	23.351	
7	23	-7.954	19.202	8.12284	
7	29	-10.726	18.054	17.7025	
15	22	-15.486	21.707	12.8029	
19	2	-12.322	25.829	7.75704	
19	8	-15.094	24.681	11.5424	
19	10	-12.714	22.855	37.5099	
3749	4	12:58:38:929:427:610	54.7674
1	2	-5.935	-5.27	8.65025	
1	12	-3.555	-7.097	28.1876	
1	14	-3.163	-4.122	7.53625	
2	7	-0.783	-5.949	10.3933	
3751	4	12:58:38:962:933:400	64.0488
8	2	-3.194	15.55	19.2019	
8	8	-5.965	14.402	7.20803	
8	12	-0.814	13.724	12.768	
8	14	-0.422	16.698	24.8708	
3754	12	12:58:38:988:954:700	220.412
4	24	23.378	-1.565	10.2183	
4	26	20.607	-2.713	16.0666	
10	21	22.987	-4.539	31.4565	
10	23	25.367	-6.366	25.3199	
10	25	24.975	-9.34	9.21471	
10	29	22.595	-7.514	10.0575	
12	2	30.127	-10.018	35.8491	
12	3	28.53	-2.243	7.92634	
12	4	30.519	-7.044	18.0092	
12	6	27.747	-8.192	13.1101	
12	9	25.758	-3.391	19.1415	
12	11	28.139	-5.217	24.0418	
3761	14	12:58:39:086:126:210	505.371
13	5	25.728	16.281	21.4574	
13	7	22.956	15.133	10.5685	
13	15	28.108	14.455	9.80914	
13	17	28.5	17.429	12.8165	
13	19	28.891	20.404	10.5162	
14	4	18.196	18.786	32.5538	
14	6	15.425	17.638	14.7819	
14	13	18.588	21.76	29.0529	
14	14	20.576	16.959	16.9665	
14	16	20.968	19.934	136.822	
14	22	26.511	22.23	7.78577	
14	24	26.119	19.255	36.213	
14	26	23.348	18.107	125.376	
14	28	23.739	21.082	40.6514	
3775	5	12:58:39:274:066:100	93.0164
5	12	-15.425	-17.638	12.342	
6	9	-13.044	-19.464	42.3858	
17	14	-13.828	-25.413	11.235	
17	21	-15.816	-20.612	7.28125	
17	23	-13.436	-22.438	19.7724	
3786	7	12:58:39:435:179:270	111.874
4	2	15.064	-5.009	27.2748	
4	4	15.455	-2.035	24.7772	
4	6	12.683	-3.183	13.248	
4	8	12.292	-6.157	10.5335	
4	10	14.672	-7.983	16.1915	
4	11	13.075	-0.208	8.82179	
4	13	15.847	0.94	11.0273	
3789	7	12:58:39:465:844:350	187.438
5	12	-15.425	-17.638	7.71891	
5	14	-15.033	-14.663	11.761	
5	26	-12.261	-13.515	9.81185	
6	3	-10.273	-18.316	13.4873	
6	7	-12.653	-16.49	64.5164	
6	9	-13.044	-19.464	72.8829	
6	11	-10.664	-21.29	7.25971	
3790	9	12:58:39:473:841:850	204.401
3	5	4.73	16.02	11.0535	
3	17	7.501	17.168	56.9833	
3	19	7.893	20.142	15.7018	
3	21	10.664	21.29	8.37202	
3	25	12.653	16.49	16.8421	
3	27	9.881	15.341	22.0412	
3	29	10.273	18.316	16.3897	
8	24	5.121	18.994	48.6746	
8	28	2.741	20.82	8.34323	
3799	5	12:58:39:539:273:210	62.8554
13	4	27.325	8.506	12.1257	
13	14	29.705	6.68	9.28821	
13	16	30.096	9.654	15.7137	
13	26	32.477	7.828	8.94068	
13	28	32.868	10.802	16.7871	
3802	6	12:58:39:554:111:820	110.261
9	3	-28.53	2.243	8.75097	
9	13	-26.15	0.417	13.9771	
9	15	-25.758	3.391	28.6101	
9	17	-25.367	6.366	10.9408	
9	18	-23.378	1.565	11.8353	
9	27	-22.987	4.539	36.1472	
3805	4	12:58:39:650:929:640	73.2438
10	5	17.052	-9.81	17.704	
10	15	19.432	-11.636	25.3663	
10	17	19.824	-8.662	17.6056	
10	29	22.595	-7.514	12.5679	
3806	6	12:58:39:661:846:720	191.047
3	5	4.73	16.02	14.7381	
3	7	1.958	14.872	16.0662	
3	9	1.566	11.897	12.3816	
8	22	5.513	21.968	11.1057	
8	26	2.349	17.846	42.4374	
8	28	2.741	20.82	94.3175	
3817	4	12:58:39:774:298:160	62.4781
21	20	-23.348	-18.107	17.4502	
21	22	-20.968	-19.934	22.69	
21	25	-22.956	-15.133	8.94351	
21	27	-25.728	-16.281	13.3944	
3820	5	12:58:39:805:524:220	146.47
2	3	1.597	-7.775	72.2199	
2	5	1.988	-4.801	41.9368	
2	7	-0.783	-5.949	9.11808	
2	11	1.205	-10.749	16.1809	
2	15	4.369	-6.627	7.01401	
3829	9	12:58:39:922:026:670	151.425
6	2	-8.676	-26.091	28.9057	
6	4	-8.284	-23.116	14.5957	
6	6	-11.056	-24.264	19.3778	
6	8	-11.448	-27.239	12.1927	
6	10	-9.067	-29.065	18.0908	
17	22	-11.839	-30.213	13.9507	
17	24	-12.231	-33.187	17.9959	
18	7	-9.459	-32.039	18.9022	
18	9	-9.851	-35.014	7.41326	
3834	53	12:58:39:956:255:610	2514.92
1	5	-7.14	5.479	18.7724	
1	7	-9.912	4.331	14.8201	
1	15	-4.76	3.653	13.2627	
1	17	-4.369	6.627	17.2299	
1	19	-3.977	9.601	26.8923	
1	23	1.175	8.923	8.63074	
1	25	0.783	5.949	12.4824	
1	29	-1.597	7.775	21.0367	
3	4	6.326	8.245	20.5993	
3	6	3.555	7.097	10.0696	
3	13	6.718	11.219	8.9705	
3	16	9.098	9.393	7.79511	
7	2	-15.064	5.009	14.7961	
7	3	-16.66	12.784	10.6791	
7	4	-14.672	7.983	51.2214	
7	6	-17.444	6.835	65.8016	
7	8	-17.835	3.861	15.6875	
7	11	-17.052	9.81	37.7978	
7	12	-12.683	3.183	7.613	
7	13	-14.28	10.958	17.6045	
7	14	-12.292	6.157	29.2986	
7	16	-11.9	9.131	29.5284	
7	24	-6.749	8.453	18.1857	
7	26	-9.52	7.305	33.6915	
7	28	-9.129	10.279	16.5376	
9	3	-28.53	2.243	24.1958	
9	5	-28.139	5.217	96.5924	
9	7	-30.91	4.069	72.9835	
9	9	-31.302	1.095	10.8655	
9	15	-25.758	3.391	18.8511	
9	17	-25.367	6.366	105.155	
9	18	-23.378	1.565	15.364	
9	19	-24.975	9.34	30.1754	
9	20	-20.607	2.713	8.79809	
9	21	-22.204	10.488	15.5927	
9	23	-19.824	8.662	46.0903	
9	25	-20.215	5.687	43.6989	
9	27	-22.987	4.539	36.268	
9	29	-22.595	7.514	115.287	
20	2	-36.062	4.748	173.845	
20	4	-35.67	7.722	149.562	
20	6	-38.442	6.574	228.338	
20	8	-38.834	3.6	98.5462	
20	10	-36.453	1.773	34.4165	
20	12	-33.682	2.921	43.4275	
20	14	-33.29	5.896	230.279	
20	16	-32.899	8.87	58.777	
20	18	-32.507	11.844	8.72355	
20	20	-29.735	12.992	7.77282	
20	22	-27.355	11.166	10.4702	
20	24	-27.747	8.192	79.4907	
20	26	-30.519	7.044	208.503	
20	28	-30.127	10.018	22.4775	
3842	7	12:58:40:070:388:610	118.581
3	24	14.25	8.715	12.7171	
3	26	11.478	7.567	13.7426	
4	5	13.858	5.74	35.8378	
4	15	16.238	3.914	12.5553	
4	17	16.63	6.888	15.4677	
4	25	21.782	6.21	7.15159	
4	27	19.01	5.062	21.1088	
3848	11	12:58:40:149:664:440	185.341
14	3	16.208	23.586	17.221	
14	7	13.828	25.413	8.0977	
14	9	13.436	22.438	13.6716	
14	13	18.588	21.76	23.5275	
14	16	20.968	19.934	29.5686	
14	18	21.359	22.908	10.2796	
14	22	26.511	22.23	10.8309	
14	24	26.119	19.255	21.5151	
14	26	23.348	18.107	11.2956	
14	28	23.739	21.082	9.94252	
16	12	11.056	24.264	29.3905	
3853	11	12:58:40:260:296:370	223.181
2	8	0.422	-16.698	11.9961	
6	2	-8.676	-26.091	38.7036	
6	4	-8.284	-23.116	22.2756	
6	6	-11.056	-24.264	24.9381	
6	8	-11.448	-27.239	23.3487	
6	10	-9.067	-29.065	12.3715	
6	12	-6.296	-27.917	11.9815	
6	14	-5.904	-24.943	23.0785	
6	16	-5.513	-21.968	21.8301	
6	20	-2.349	-17.846	15.5264	
6	28	-2.741	-20.82	17.1311	
3858	7	12:58:40:339:499:900	108.622
1	3	-7.532	2.505	7.57112	
1	6	-8.315	-3.444	7.29831	
1	7	-9.912	4.331	14.1162	
1	9	-10.303	1.356	39.4745	
1	11	-7.923	-0.47	20.6874	
1	13	-5.152	0.678	9.72959	
5	23	-10.695	-1.618	9.74541	
3859	16	12:58:40:351:874:410	637.787
3	19	7.893	20.142	11.631	
3	21	10.664	21.29	124.426	
3	23	13.044	19.464	112.521	
3	29	10.273	18.316	30.2467	
14	3	16.208	23.586	42.2465	
14	4	18.196	18.786	14.2958	
14	6	15.425	17.638	14.9669	
14	7	13.828	25.413	13.6278	
14	9	13.436	22.438	122.141	
14	11	15.816	20.612	54.6682	
14	13	18.588	21.76	33.4198	
14	15	18.979	24.734	10.5712	
14	16	20.968	19.934	10.6111	
14	18	21.359	22.908	15.0893	
14	20	24.131	24.056	15.3793	
14	27	21.751	25.882	11.9464	
3868	21	12:58:40:456:355:550	1264.71
10	17	19.824	-8.662	23.8813	
10	18	21.812	-13.462	8.68049	
10	20	24.584	-12.314	64.5082	
10	21	22.987	-4.539	11.5875	
10	22	26.964	-14.14	39.4415	
10	23	25.367	-6.366	45.7256	
10	24	26.572	-17.115	7.3207	
10	25	24.975	-9.34	94.435	
10	27	22.204	-10.488	28.4954	
10	28	24.192	-15.289	9.14428	
10	29	22.595	-7.514	20.9253	
12	2	30.127	-10.018	169.809	
12	4	30.519	-7.044	27.807	
12	6	27.747	-8.192	39.0127	
12	8	27.355	-11.166	222.988	
12	9	25.758	-3.391	15.3342	
12	10	29.735	-12.992	236.912	
12	11	28.139	-5.217	15.3703	
12	12	32.507	-11.844	150.011	
12	13	30.91	-4.069	13.4856	
12	14	32.899	-8.87	19.8341	
3870	9	12:58:40:474:954:660	136.442
7	2	-15.064	5.009	13.5603	
7	6	-17.444	6.835	26.8912	
7	8	-17.835	3.861	24.5486	
7	10	-15.455	2.035	16.8237	
7	11	-17.052	9.81	7.90584	
7	12	-12.683	3.183	9.9658	
9	20	-20.607	2.713	11.2845	
9	23	-19.824	8.662	17.3104	
9	25	-20.215	5.687	8.15159	
3875	4	12:58:40:573:181:480	53.5242
10	3	16.66	-12.784	8.23361	
10	11	16.269	-15.758	13.4061	
10	13	19.04	-14.61	19.8273	
10	18	21.812	-13.462	12.0571	
3897	35	12:58:41:003:725:600	1471.92
5	4	-17.413	-12.837	8.90145	
5	6	-20.185	-13.985	12.2144	
5	8	-20.576	-16.959	21.3689	
5	12	-15.425	-17.638	8.66829	
5	13	-17.021	-9.863	10.2534	
5	14	-15.033	-14.663	13.8323	
5	16	-14.641	-11.689	15.7436	
6	7	-12.653	-16.49	8.2272	
6	9	-13.044	-19.464	45.9246	
17	3	-22.143	-28.857	21.0255	
17	5	-21.751	-25.882	14.8769	
17	7	-24.523	-27.03	16.2157	
17	9	-24.914	-30.005	14.7973	
17	13	-19.762	-30.683	8.85896	
17	15	-19.371	-27.709	8.74089	
17	17	-18.979	-24.734	13.8477	
17	21	-15.816	-20.612	10.2929	
21	3	-31.271	-18.577	15.6326	
21	5	-30.88	-15.603	15.7888	
21	7	-33.651	-16.751	12.8044	
21	9	-34.043	-19.725	26.6684	
21	11	-31.663	-21.552	16.3113	
21	13	-28.891	-20.404	97.1092	
21	15	-28.5	-17.429	90.7804	
21	16	-26.511	-22.23	156.853	
21	17	-28.108	-14.455	17.9474	
21	18	-26.119	-19.255	294.537	
21	20	-23.348	-18.107	149.34	
21	22	-20.968	-19.934	23.7951	
21	24	-21.359	-22.908	14.7067	
21	25	-22.956	-15.133	22.3433	
21	26	-24.131	-24.056	31.1064	
21	27	-25.728	-16.281	118.607	
21	28	-23.739	-21.082	86.837	
21	29	-25.336	-13.307	26.9655	
3898	28	12:58:41:004:737:910	1138.63
2	4	3.585	-12.576	14.0816	
2	6	0.814	-13.724	56.6264	
2	8	0.422	-16.698	47.5332	
2	9	-1.175	-8.923	9.90157	
2	11	1.205	-10.749	42.3563	
6	2	-8.676	-26.091	19.6934	
6	4	-8.284	-23.116	36.228	
6	5	-9.881	-15.341	11.3302	
6	8	-11.448	-27.239	7.00875	
6	10	-9.067	-29.065	17.8068	
6	11	-10.664	-21.29	13.4195	
6	13	-7.893	-20.142	58.1696	
6	14	-5.904	-24.943	26.9667	
6	15	-7.501	-17.168	37.735	
6	16	-5.513	-21.968	36.9962	
6	17	-7.11	-14.193	24.2564	
6	18	-5.121	-18.994	90.17	
6	19	-6.718	-11.219	25.4144	
6	20	-2.349	-17.846	74.2593	
6	21	-3.946	-10.071	11.2902	
6	22	0.031	-19.672	18.9998	
6	23	-1.566	-11.897	86.208	
6	25	-1.958	-14.872	205.146	
6	26	-3.133	-23.795	9.65256	
6	27	-4.73	-16.02	92.3175	
6	28	-2.741	-20.82	18.7295	
6	29	-4.338	-13.045	33.4885	
17	22	-11.839	-30.213	12.843	
3901	8	12:58:41:047:037:590	325.739
7	2	-15.064	5.009	42.9854	
7	6	-17.444	6.835	72.8209	
7	8	-17.835	3.861	47.8501	
7	10	-15.455	2.035	25.0311	
9	20	-20.607	2.713	10.3601	
9	23	-19.824	8.662	35.5589	
9	25	-20.215	5.687	72.2455	
9	29	-22.595	7.514	18.8866	
3911	10	12:58:41:179:982:100	170.96
10	8	15.486	-21.707	10.7394	
10	10	17.866	-23.533	9.41583	
11	3	4.791	-23.325	13.3384	
11	13	7.171	-25.151	11.9564	
11	15	7.562	-22.177	26.9379	
11	18	9.942	-24.003	27.3011	
11	20	12.714	-22.855	25.153	
11	22	15.094	-24.681	25.3403	
11	27	10.334	-21.029	11.5889	
11	28	12.322	-25.829	9.18883	
3922	5	12:58:41:351:456:010	84.8366
14	3	16.208	23.586	34.2026	
14	4	18.196	18.786	12.5524	
14	7	13.828	25.413	11.3894	
14	9	13.436	22.438	11.4044	
14	11	15.816	20.612	15.2878	
3927	5	12:58:41:420:579:530	79.7256
1	13	-5.152	0.678	13.4174	
1	16	-2.772	-1.148	9.38313	
1	18	-2.38	1.826	30.1724	
1	20	0.392	2.974	17.1942	
1	28	0	0	9.55852	
3931	6	12:58:41:451:436:360	117.006
4	12	17.444	-6.835	18.5427	
4	26	20.607	-2.713	12.7677	
10	5	17.052	-9.81	8.03554	
10	15	19.432	-11.636	8.2358	
10	17	19.824	-8.662	40.7067	
10	19	20.215	-5.687	28.7173	
3942	15	12:58:41:664:418:130	214.9
4	12	17.444	-6.835	7.87764	
4	14	17.835	-3.861	11.5903	
4	26	20.607	-2.713	12.3096	
10	2	18.257	-20.559	10.9972	
10	3	16.66	-12.784	15.1284	
10	4	18.649	-17.585	9.76931	
10	11	16.269	-15.758	8.69637	
10	12	20.637	-22.385	12.0712	
10	13	19.04	-14.61	19.6621	
10	14	21.029	-19.411	14.0772	
10	15	19.432	-11.636	17.1775	
10	16	21.421	-16.437	10.0371	
10	17	19.824	-8.662	36.636	
10	19	20.215	-5.687	20.5913	
10	27	22.204	-10.488	8.27868	
3947	4	12:58:41:674:609:660	69.4468
1	19	-3.977	9.601	11.0869	
8	2	-3.194	15.55	22.1706	
8	10	-3.585	12.576	20.6597	
8	12	-0.814	13.724	15.5296	
3949	79	12:58:41:691:307:850	6314.98
2	2	3.194	-15.55	49.963	
2	4	3.585	-12.576	17.821	
2	6	0.814	-13.724	13.0144	
2	8	0.422	-16.698	55.0015	
2	10	2.802	-18.524	22.7133	
2	12	5.574	-17.376	36.3962	
2	14	5.965	-14.402	46.4806	
2	16	6.357	-11.428	27.3559	
2	24	11.509	-12.106	32.447	
2	26	8.737	-13.254	42.0782	
2	28	9.129	-10.279	11.7547	
6	12	-6.296	-27.917	8.09454	
6	20	-2.349	-17.846	8.36769	
6	22	0.031	-19.672	25.0828	
6	24	-0.361	-22.647	22.3248	
6	25	-1.958	-14.872	7.7855	
6	26	-3.133	-23.795	26.9467	
6	28	-2.741	-20.82	24.1851	
10	2	18.257	-20.559	58.4072	
10	3	16.66	-12.784	28.0478	
10	4	18.649	-17.585	30.6495	
10	6	15.877	-18.733	126.851	
10	7	14.28	-10.958	20.5405	
10	8	15.486	-21.707	123.192	
10	9	13.889	-13.932	44.6217	
10	10	17.866	-23.533	85.043	
10	11	16.269	-15.758	82.8658	
10	12	20.637	-22.385	31.3517	
10	13	19.04	-14.61	27.6591	
10	14	21.029	-19.411	37.8926	
10	16	21.421	-16.437	10.0371	
10	18	21.812	-13.462	8.80791	
10	26	23.801	-18.263	7.08312	
11	2	6.388	-31.1	79.2335	
11	3	4.791	-23.325	177.3	
11	4	6.779	-28.125	137.673	
11	5	5.182	-20.351	62.3619	
11	6	4.008	-29.274	41.1437	
11	7	2.411	-21.499	42.0421	
11	8	3.616	-32.248	44.0229	
11	9	2.019	-24.473	45.9152	
11	10	5.996	-34.074	61.307	
11	11	4.399	-26.299	88.5049	
11	12	8.768	-32.926	77.5519	
11	13	7.171	-25.151	888.099	
11	14	9.159	-29.952	110.545	
11	15	7.562	-22.177	375.9	
11	16	9.551	-26.977	307.221	
11	17	7.954	-19.202	77.6668	
11	18	9.942	-24.003	691.14	
11	19	8.346	-16.228	63.2386	
11	20	12.714	-22.855	233.842	
11	21	11.117	-15.08	62.2357	
11	22	15.094	-24.681	146.121	
11	23	13.497	-16.906	57.2349	
11	24	14.703	-27.656	92.3283	
11	25	13.106	-19.881	108.898	
11	26	11.931	-28.804	92.0177	
11	27	10.334	-21.029	172.087	
11	28	12.322	-25.829	207.84	
11	29	10.726	-18.054	51.2719	
18	19	-3.524	-26.769	14.1549	
18	21	-0.753	-25.621	20.4458	
18	22	3.224	-35.222	20.3553	
18	23	1.627	-27.447	43.7909	
18	24	2.833	-38.197	11.4872	
18	25	1.236	-30.422	14.533	
18	27	-1.536	-31.57	12.2627	
18	29	-1.144	-28.595	26.569	
22	3	19.854	-28.334	32.5495	
22	5	20.246	-25.36	42.1682	
22	7	17.474	-26.508	76.8476	
22	9	17.083	-29.482	64.7663	
22	11	19.463	-31.308	21.7871	
22	13	22.234	-30.16	19.052	
22	15	22.626	-27.186	13.7634	
22	17	23.017	-24.212	44.3029	
22	19	23.409	-21.237	27.0131	
22	27	25.398	-26.038	13.5249	
3966	11	12:58:41:942:897:190	447.344
5	17	-16.238	-3.914	59.3947	
5	19	-15.847	-0.94	49.33	
5	20	-11.478	-7.567	36.5905	
5	25	-11.087	-4.592	14.7097	
5	27	-13.858	-5.74	108.806	
5	29	-13.467	-2.766	46.4918	
9	20	-20.607	2.713	28.4981	
9	22	-18.227	0.887	44.4967	
9	24	-18.618	-2.088	32.6475	
9	27	-22.987	4.539	13.8308	
9	28	-20.998	-0.261	12.5483	
3969	5	12:58:41:986:089:010	59.8467
2	18	6.749	-8.453	11.5559	
2	20	9.52	-7.305	14.8072	
2	22	11.9	-9.131	7.58084	
2	24	11.509	-12.106	7.86973	
2	28	9.129	-10.279	18.0331	
3972	4	12:58:42:027:355:690	51.4706
2	2	3.194	-15.55	20.9918	
2	6	0.814	-13.724	7.09561	
2	8	0.422	-16.698	11.8878	
2	10	2.802	-18.524	11.4954	
3983	6	12:58:42:192:103:110	106.869
5	16	-14.641	-11.689	9.12245	
5	18	-14.25	-8.715	21.1466	
5	20	-11.478	-7.567	7.90355	
5	24	-9.49	-12.367	18.9782	
5	26	-12.261	-13.515	8.42942	
5	28	-11.87	-10.541	41.2885	
3985	9	12:58:42:221:634:030	123.714
9	2	-26.933	-5.532	11.0431	
9	10	-27.325	-8.506	10.5869	
9	12	-24.553	-7.358	16.1599	
9	14	-24.162	-4.384	25.8812	
9	16	-23.77	-1.409	13.1512	
9	18	-23.378	1.565	15.5201	
9	20	-20.607	2.713	8.86184	
9	26	-21.39	-3.236	12.8078	
9	28	-20.998	-0.261	9.70229	
4002	9	12:58:42:405:667:690	209.148
14	4	18.196	18.786	35.0262	
14	11	15.816	20.612	23.3868	
14	13	18.588	21.76	32.1721	
14	16	20.968	19.934	56.0316	
14	18	21.359	22.908	15.498	
14	22	26.511	22.23	8.44323	
14	24	26.119	19.255	8.162	
14	26	23.348	18.107	13.0946	
14	28	23.739	21.082	17.3337	
4005	5	12:58:42:484:863:120	66.133
9	15	-25.758	3.391	9.44308	
9	17	-25.367	6.366	14.7135	
9	19	-24.975	9.34	21.7393	
9	27	-22.987	4.539	11.1129	
20	24	-27.747	8.192	9.12422	
4014	6	12:58:42:656:455:360	164.75
3	3	4.338	13.045	51.2425	
3	5	4.73	16.02	54.1733	
3	9	1.566	11.897	12.1153	
3	15	7.11	14.193	25.2377	
3	18	9.49	12.367	9.97457	
3	27	9.881	15.341	12.0067	
4015	4	12:58:42:661:925:700	87.9553
5	5	-19.01	-5.062	15.9904	
9	24	-18.618	-2.088	14.4526	
9	26	-21.39	-3.236	25.7858	
9	28	-20.998	-0.261	31.7265	
4033	9	12:58:42:843:168:990	152.007
7	8	-17.835	3.861	29.0448	
7	10	-15.455	2.035	9.72797	
9	17	-25.367	6.366	12.5756	
9	19	-24.975	9.34	8.79305	
9	20	-20.607	2.713	7.01297	
9	22	-18.227	0.887	8.72374	
9	25	-20.215	5.687	24.6466	
9	27	-22.987	4.539	8.48569	
9	29	-22.595	7.514	42.9965	
4045	4	12:58:42:940:101:820	48.8453
8	7	-7.171	25.151	23.1169	
8	9	-7.562	22.177	8.36336	
19	14	-9.551	26.977	7.54866	
19	26	-6.779	28.125	9.81639	
4049	5	12:58:42:969:873:750	72.8209
10	17	19.824	-8.662	13.1618	
10	19	20.215	-5.687	17.1459	
10	25	24.975	-9.34	7.39097	
10	27	22.204	-10.488	7.07887	
10	29	22.595	-7.514	28.0433	
4053	8	12:58:42:996:204:200	184.49
10	4	18.649	-17.585	24.8017	
10	6	15.877	-18.733	21.0145	
10	9	13.889	-13.932	9.03605	
10	11	16.269	-15.758	34.4332	
10	13	19.04	-14.61	15.201	
10	16	21.421	-16.437	31.4738	
10	22	26.964	-14.14	21.4222	
10	28	24.192	-15.289	27.1073	
4058	5	12:58:43:020:206:040	61.1542
7	5	-16.269	15.758	8.77486	
7	7	-19.04	14.61	21.4105	
15	12	-21.812	13.462	14.1161	
15	14	-21.421	16.437	7.30495	
15	26	-18.649	17.585	9.54789	
4062	15	12:58:43:052:620:630	898.759
7	19	-13.106	19.881	23.1928	
15	4	-23.801	18.263	22.261	
15	6	-26.572	17.115	14.461	
15	16	-21.029	19.411	41.4178	
15	18	-20.637	22.385	7.76242	
15	20	-17.866	23.533	16.8958	
15	22	-15.486	21.707	360.335	
15	24	-15.877	18.733	25.1698	
15	26	-18.649	17.585	7.07667	
15	28	-18.257	20.559	154.523	
19	2	-12.322	25.829	9.03567	
19	6	-14.703	27.656	7.35286	
19	8	-15.094	24.681	23.2932	
19	10	-12.714	22.855	177.748	
19	12	-9.942	24.003	8.23386	
4063	6	12:58:43:055:910:820	106.938
3	19	7.893	20.142	15.9345	
3	21	10.664	21.29	17.1533	
8	18	0.361	22.647	8.65131	
8	20	3.133	23.795	32.1971	
8	22	5.513	21.968	23.2629	
8	27	0.753	25.621	9.73891	
4071	5	12:58:43:112:833:040	57.9502
9	13	-26.15	0.417	8.05855	
9	15	-25.758	3.391	8.0038	
9	16	-23.77	-1.409	9.40308	
9	18	-23.378	1.565	17.7373	
9	28	-20.998	-0.261	14.7475	
4073	5	12:58:43:186:669:340	51.4909
9	8	-29.705	-6.68	11.1577	
9	10	-27.325	-8.506	14.0499	
9	12	-24.553	-7.358	11.5901	
21	19	-27.716	-11.481	7.46256	
21	21	-24.945	-10.332	7.23064	
4075	7	12:58:43:210:605:790	257.759
16	2	8.676	26.091	48.8765	
16	4	9.067	29.065	9.2718	
16	6	6.296	27.917	15.8336	
16	8	5.904	24.943	9.92646	
16	10	8.284	23.116	30.5071	
16	12	11.056	24.264	131.364	
16	14	11.448	27.239	11.9794	
4079	5	12:58:43:260:218:350	87.0904
5	10	-18.196	-18.786	16.2165	
5	12	-15.425	-17.638	18.9877	
6	7	-12.653	-16.49	8.81486	
6	9	-13.044	-19.464	35.7456	
17	23	-13.436	-22.438	7.32573	
4080	12	12:58:43:270:487:880	217.538
4	17	16.63	6.888	23.0226	
4	19	17.021	9.863	13.1826	
4	21	19.793	11.011	15.1442	
4	23	22.173	9.184	32.5103	
4	25	21.782	6.21	18.0747	
4	27	19.01	5.062	11.2473	
4	29	19.401	8.036	51.0826	
13	2	26.933	5.532	8.73275	
13	4	27.325	8.506	7.29918	
13	6	24.553	7.358	17.8026	
13	9	22.565	12.159	8.26892	
13	11	24.945	10.332	11.1708	
4083	4	12:58:43:299:539:740	44.7991
12	3	28.53	-2.243	14.0947	
12	5	28.922	0.731	13.4676	
12	13	30.91	-4.069	9.22511	
12	15	31.302	-1.095	8.01167	
4087	10	12:58:43:330:704:240	202.929
9	2	-26.933	-5.532	20.5877	
9	4	-26.542	-2.557	35.1507	
9	6	-29.313	-3.706	17.7738	
9	8	-29.705	-6.68	9.75505	
9	10	-27.325	-8.506	10.9827	
9	12	-24.553	-7.358	21.2264	
9	13	-26.15	0.417	30.462	
9	14	-24.162	-4.384	24.2262	
9	16	-23.77	-1.409	22.883	
21	21	-24.945	-10.332	9.88188	
4089	6	12:58:43:358:413:100	79.2589
2	3	1.597	-7.775	20.0282	
2	7	-0.783	-5.949	14.3147	
2	13	3.977	-9.601	10.9451	
2	16	6.357	-11.428	8.39368	
2	18	6.749	-8.453	15.9851	
2	28	9.129	-10.279	9.59208	
4094	10	12:58:43:457:818:270	191.059
5	5	-19.01	-5.062	10.3797	
5	7	-21.782	-6.21	7.66721	
5	17	-16.238	-3.914	16.2163	
9	2	-26.933	-5.532	34.1716	
9	4	-26.542	-2.557	20.5285	
9	6	-29.313	-3.706	34.1439	
9	8	-29.705	-6.68	16.0353	
9	12	-24.553	-7.358	13.8088	
9	14	-24.162	-4.384	30.001	
9	26	-21.39	-3.236	8.10704	
4098	5	12:58:43:510:993:240	68.3364
2	12	5.574	-17.376	11.083	
11	3	4.791	-23.325	8.15771	
11	5	5.182	-20.351	18.8544	
11	13	7.171	-25.151	16.8312	
11	15	7.562	-22.177	13.4101	
4100	13	12:58:43:537:281:090	311.101
13	3	25.336	13.307	26.5679	
13	4	27.325	8.506	9.47508	
13	9	22.565	12.159	13.4467	
13	11	24.945	10.332	17.4592	
13	13	27.716	11.481	11.6005	
13	15	28.108	14.455	40.3223	
13	17	28.5	17.429	19.8638	
13	18	30.488	12.629	10.8124	
13	21	31.663	21.552	21.2799	
13	23	34.043	19.725	40.9036	
13	25	33.651	16.751	9.02054	
13	27	30.88	15.603	31.9561	
13	29	31.271	18.577	58.3926	
4109	8	12:58:43:651:119:270	282.144
2	22	11.9	-9.131	18.6814	
2	24	11.509	-12.106	22.3288	
10	3	16.66	-12.784	38.39	
10	4	18.649	-17.585	17.1995	
10	7	14.28	-10.958	53.3858	
10	9	13.889	-13.932	52.4091	
10	11	16.269	-15.758	70.3312	
10	13	19.04	-14.61	9.41798	
4113	5	12:58:43:726:582:930	128.531
3	12	8.315	3.444	13.7383	
4	3	13.467	2.766	49.5679	
4	5	13.858	5.74	12.2284	
4	7	11.087	4.592	28.749	
4	9	10.695	1.618	24.2471	
4116	16	12:58:43:772:803:810	279.028
3	3	4.338	13.045	23.3805	
3	5	4.73	16.02	14.4097	
3	7	1.958	14.872	17.8901	
3	13	6.718	11.219	29.3369	
3	15	7.11	14.193	17.6684	
3	16	9.098	9.393	19.4135	
3	18	9.49	12.367	12.7565	
3	26	11.478	7.567	15.9972	
8	3	-4.791	23.325	13.8166	
8	7	-7.171	25.151	17.627	
8	11	-5.182	20.351	7.37837	
8	13	-2.411	21.499	24.6169	
8	14	-0.422	16.698	18.361	
8	15	-2.019	24.473	7.40027	
8	16	-0.031	19.672	23.1966	
8	26	2.349	17.846	15.7788	
4122	6	12:58:43:975:918:620	79.5773
3	17	7.501	17.168	9.37748	
3	19	7.893	20.142	14.4612	
3	21	10.664	21.29	7.21854	
3	27	9.881	15.341	16.4703	
3	29	10.273	18.316	17.3665	
8	24	5.121	18.994	14.6832	
4128	91	12:58:44:030:818:380	12335.6
1	4	-5.543	-2.296	7.10944	
1	6	-8.315	-3.444	33.1045	
1	8	-8.706	-6.418	29.5164	
1	10	-6.326	-8.245	21.6524	
5	2	-17.805	-15.811	61.5742	
5	3	-19.401	-8.036	1124.2	
5	4	-17.413	-12.837	172.615	
5	5	-19.01	-5.062	1190.04	
5	6	-20.185	-13.985	87.2666	
5	7	-21.782	-6.21	629.278	
5	8	-20.576	-16.959	43.9998	
5	9	-22.173	-9.184	163.153	
5	10	-18.196	-18.786	45.8706	
5	11	-19.793	-11.011	177.346	
5	12	-15.425	-17.638	74.6712	
5	13	-17.021	-9.863	1180.29	
5	14	-15.033	-14.663	91.6305	
5	15	-16.63	-6.888	1448.36	
5	16	-14.641	-11.689	591.386	
5	17	-16.238	-3.914	216.02	
5	18	-14.25	-8.715	845.572	
5	19	-15.847	-0.94	112.324	
5	20	-11.478	-7.567	73.4006	
5	21	-13.075	0.208	49.8099	
5	22	-9.098	-9.393	32.1785	
5	23	-10.695	-1.618	35.6383	
5	24	-9.49	-12.367	34.2223	
5	25	-11.087	-4.592	49.8758	
5	26	-12.261	-13.515	58.3653	
5	27	-13.858	-5.74	191.894	
5	28	-11.87	-10.541	142.043	
5	29	-13.467	-2.766	75.9878	
6	3	-10.273	-18.316	20.0994	
6	5	-9.881	-15.341	24.2739	
6	7	-12.653	-16.49	17.9655	
6	9	-13.044	-19.464	17.5746	
6	11	-10.664	-21.29	7.03972	
6	17	-7.11	-14.193	15.4293	
6	19	-6.718	-11.219	15.0869	
7	2	-15.064	5.009	19.2048	
7	6	-17.444	6.835	7.17952	
7	8	-17.835	3.861	10.8303	
7	10	-15.455	2.035	36.2142	
7	12	-12.683	3.183	15.142	
7	14	-12.292	6.157	8.41594	
9	2	-26.933	-5.532	74.0439	
9	3	-28.53	2.243	74.3506	
9	4	-26.542	-2.557	114.77	
9	5	-28.139	5.217	32.5453	
9	6	-29.313	-3.706	51.0818	
9	7	-30.91	4.069	49.6249	
9	8	-29.705	-6.68	21.8373	
9	9	-31.302	1.095	32.7707	
9	10	-27.325	-8.506	31.134	
9	11	-28.922	-0.731	53.0419	
9	12	-24.553	-7.358	84.6739	
9	13	-26.15	0.417	110.449	
9	14	-24.162	-4.384	209.524	
9	15	-25.758	3.391	77.7913	
9	16	-23.77	-1.409	222.518	
9	17	-25.367	6.366	34.3	
9	18	-23.378	1.565	124.895	
9	19	-24.975	9.34	20.2467	
9	20	-20.607	2.713	36.9137	
9	21	-22.204	10.488	12.0458	
9	22	-18.227	0.887	52.2291	
9	23	-19.824	8.662	8.14071	
9	24	-18.618	-2.088	260.588	
9	25	-20.215	5.687	19.2122	
9	26	-21.39	-3.236	618.775	
9	27	-22.987	4.539	40.3448	
9	28	-20.998	-0.261	183.791	
9	29	-22.595	7.514	18.8866	
15	10	-24.584	12.314	8.23073	
20	2	-36.062	4.748	16.0879	
20	4	-35.67	7.722	17.4465	
20	6	-38.442	6.574	14.1831	
20	8	-38.834	3.6	9.71005	
20	12	-33.682	2.921	14.3722	
20	14	-33.29	5.896	16.9553	
20	16	-32.899	8.87	11.7842	
20	18	-32.507	11.844	11.3256	
20	22	-27.355	11.166	8.96493	
20	24	-27.747	8.192	31.0649	
20	26	-30.519	7.044	28.283	
20	28	-30.127	10.018	18.9266	
21	20	-23.348	-18.107	7.86074	
21	21	-24.945	-10.332	52.0305	
21	23	-22.565	-12.159	68.7642	
21	25	-22.956	-15.133	15.1637	
21	29	-25.336	-13.307	9.09007	
4131	23	12:58:44:072:779:780	1090.75
6	10	-9.067	-29.065	48.2285	
6	12	-6.296	-27.917	30.0941	
11	2	6.388	-31.1	20.0423	
11	4	6.779	-28.125	11.8166	
11	6	4.008	-29.274	11.5481	
11	8	3.616	-32.248	22.1586	
11	10	5.996	-34.074	11.9653	
11	12	8.768	-32.926	15.125	
11	14	9.159	-29.952	11.4557	
18	3	-7.079	-33.866	11.1604	
18	5	-6.687	-30.891	215.456	
18	7	-9.459	-32.039	32.0814	
18	9	-9.851	-35.014	12.1715	
18	13	-4.699	-35.692	9.44355	
18	15	-4.307	-32.718	118.386	
18	17	-3.916	-29.743	235.562	
18	18	-1.927	-34.544	11.7554	
18	19	-3.524	-26.769	9.09306	
18	20	0.844	-33.396	27.2219	
18	21	-0.753	-25.621	8.30979	
18	25	1.236	-30.422	68.4131	
18	27	-1.536	-31.57	108.866	
18	29	-1.144	-28.595	40.3994	
4133	14	12:58:44:090:401:050	229.888
7	2	-15.064	5.009	8.55033	
7	4	-14.672	7.983	27.1052	
7	6	-17.444	6.835	11.7308	
7	11	-17.052	9.81	9.44128	
7	13	-14.28	10.958	9.96171	
7	16	-11.9	9.131	45.5167	
7	18	-11.509	12.106	8.902	
7	20	-8.737	13.254	9.072	
7	26	-9.52	7.305	10.1044	
7	28	-9.129	10.279	41.7183	
9	17	-25.367	6.366	12.1984	
9	23	-19.824	8.662	10.1683	
9	25	-20.215	5.687	9.3983	
9	29	-22.595	7.514	16.0202	
4137	10	12:58:44:130:771:790	463.857
10	20	24.584	-12.314	10.2043	
10	22	26.964	-14.14	13.4497	
10	25	24.975	-9.34	33.0834	
10	29	22.595	-7.514	7.70596	
12	2	30.127	-10.018	48.0096	
12	4	30.519	-7.044	20.3453	
12	6	27.747	-8.192	27.0848	
12	8	27.355	-11.166	134.567	
12	10	29.735	-12.992	105.404	
12	12	32.507	-11.844	64.0031	
4144	5	12:58:44:231:826:180	93.7337
10	5	17.052	-9.81	12.2392	
10	17	19.824	-8.662	29.5123	
10	19	20.215	-5.687	26.442	
10	21	22.987	-4.539	12.6227	
10	29	22.595	-7.514	12.9174	
4145	11	12:58:44:233:573:820	446.284
6	2	-8.676	-26.091	8.33406	
6	4	-8.284	-23.116	42.1789	
6	6	-11.056	-24.264	19.0044	
6	14	-5.904	-24.943	74.2108	
6	16	-5.513	-21.968	64.6093	
6	18	-5.121	-18.994	7.31108	
6	24	-0.361	-22.647	30.7323	
6	26	-3.133	-23.795	156.051	
6	28	-2.741	-20.82	8.1312	
18	19	-3.524	-26.769	16.7919	
18	21	-0.753	-25.621	18.9288	
4148	8	12:58:44:308:184:870	177.777
3	15	7.11	14.193	10.856	
3	17	7.501	17.168	7.37342	
3	20	12.261	13.515	15.701	
3	23	13.044	19.464	9.35343	
3	25	12.653	16.49	48.5163	
3	27	9.881	15.341	61.3831	
3	29	10.273	18.316	7.56167	
14	6	15.425	17.638	17.0324	
4150	12	12:58:44:334:036:500	352.79
4	3	13.467	2.766	18.9011	
4	5	13.858	5.74	12.0589	
4	7	11.087	4.592	12.1495	
4	9	10.695	1.618	9.27095	
4	15	16.238	3.914	37.2827	
4	18	18.618	2.088	57.1297	
4	20	21.39	3.236	125.094	
4	22	23.77	1.409	7.93717	
4	25	21.782	6.21	9.89125	
4	27	19.01	5.062	35.2888	
4	29	19.401	8.036	11.1164	
13	8	24.162	4.384	16.6689	
4157	14	12:58:44:411:058:850	281.535
4	21	19.793	11.011	9.08651	
4	23	22.173	9.184	19.9226	
4	25	21.782	6.21	9.53545	
4	29	19.401	8.036	12.0097	
13	3	25.336	13.307	12.6008	
13	4	27.325	8.506	9.47508	
13	11	24.945	10.332	41.4804	
13	13	27.716	11.481	18.5046	
13	15	28.108	14.455	23.7366	
13	18	30.488	12.629	37.3105	
13	20	33.26	13.777	29.408	
13	25	33.651	16.751	23.0192	
13	27	30.88	15.603	24.4348	
13	29	31.271	18.577	11.0103	
4161	4	12:58:44:453:610:740	56.9
16	2	8.676	26.091	21.3369	
16	6	6.296	27.917	12.7805	
16	8	5.904	24.943	10.6305	
16	10	8.284	23.116	12.152	
4164	18	12:58:44:466:209:400	934.827
6	24	-0.361	-22.647	17.1371	
11	2	6.388	-31.1	19.0902	
11	3	4.791	-23.325	30.5818	
11	4	6.779	-28.125	183.178	
11	5	5.182	-20.351	16.9325	
11	6	4.008	-29.274	21.9356	
11	7	2.411	-21.499	23.1971	
11	9	2.019	-24.473	103.096	
11	10	5.996	-34.074	10.2045	
11	11	4.399	-26.299	180.637	
11	12	8.768	-32.926	30.2019	
11	13	7.171	-25.151	63.2404	
11	14	9.159	-29.952	129.505	
11	15	7.562	-22.177	10.9398	
11	16	9.551	-26.977	29.8258	
11	24	14.703	-27.656	7.99371	
11	26	11.931	-28.804	41.2094	
18	23	1.627	-27.447	15.9211	
4175	15	12:58:44:577:178:160	494.402
5	17	-16.238	-3.914	9.22181	
5	19	-15.847	-0.94	12.1733	
7	2	-15.064	5.009	138.188	
7	4	-14.672	7.983	45.0056	
7	6	-17.444	6.835	48.3015	
7	8	-17.835	3.861	76.3042	
7	10	-15.455	2.035	28.5299	
7	12	-12.683	3.183	12.1169	
7	14	-12.292	6.157	13.5842	
9	18	-23.378	1.565	11.8665	
9	20	-20.607	2.713	11.5714	
9	22	-18.227	0.887	34.2435	
9	24	-18.618	-2.088	22.679	
9	25	-20.215	5.687	11.9876	
9	28	-20.998	-0.261	18.6284	
4177	5	12:58:44:612:307:410	79.9436
9	15	-25.758	3.391	8.31974	
9	17	-25.367	6.366	9.36884	
9	25	-20.215	5.687	10.7409	
9	27	-22.987	4.539	34.6977	
9	29	-22.595	7.514	16.8164	
4180	35	12:58:44:631:003:080	2784.54
1	19	-3.977	9.601	7.06129	
1	23	1.175	8.923	8.9746	
3	3	4.338	13.045	598.532	
3	4	6.326	8.245	10.7662	
3	5	4.73	16.02	125.298	
3	7	1.958	14.872	482.261	
3	9	1.566	11.897	72.9773	
3	11	3.946	10.071	40.1804	
3	13	6.718	11.219	253.703	
3	15	7.11	14.193	284.624	
3	16	9.098	9.393	8.61174	
3	17	7.501	17.168	17.0534	
3	18	9.49	12.367	145.97	
3	19	7.893	20.142	9.18848	
3	27	9.881	15.341	20.1727	
7	21	-10.334	21.029	7.13315	
7	23	-7.954	19.202	18.7052	
7	25	-8.346	16.228	19.0274	
7	29	-10.726	18.054	10.1249	
8	2	-3.194	15.55	91.6639	
8	3	-4.791	23.325	14.7358	
8	5	-4.399	26.299	7.55436	
8	6	-5.574	17.376	56.4944	
8	7	-7.171	25.151	8.49934	
8	8	-5.965	14.402	23.5087	
8	9	-7.562	22.177	19.7156	
8	10	-3.585	12.576	22.4061	
8	11	-5.182	20.351	12.6287	
8	12	-0.814	13.724	106.18	
8	13	-2.411	21.499	16.8973	
8	14	-0.422	16.698	155.234	
8	16	-0.031	19.672	26.5433	
8	22	5.513	21.968	8.70717	
8	24	5.121	18.994	30.175	
8	26	2.349	17.846	52.2052	
4189	14	12:58:44:739:583:060	341.119
5	2	-17.805	-15.811	26.0901	
5	6	-20.185	-13.985	10.7796	
5	8	-20.576	-16.959	8.00788	
5	10	-18.196	-18.786	41.9497	
17	3	-22.143	-28.857	32.6333	
17	5	-21.751	-25.882	28.5113	
17	11	-22.534	-31.831	18.995	
17	12	-16.208	-23.586	7.13141	
17	13	-19.762	-30.683	8.56731	
17	15	-19.371	-27.709	23.9263	
17	17	-18.979	-24.734	33.5505	
17	19	-18.588	-21.76	46.8117	
21	22	-20.968	-19.934	27.8013	
21	24	-21.359	-22.908	26.3634	
4191	9	12:58:44:771:990:060	230.81
4	3	13.467	2.766	36.28	
4	5	13.858	5.74	40.0457	
4	7	11.087	4.592	15.5753	
4	9	10.695	1.618	23.9975	
4	11	13.075	-0.208	7.17705	
4	15	16.238	3.914	18.0232	
4	17	16.63	6.888	56.8583	
4	27	19.01	5.062	14.9212	
4	29	19.401	8.036	17.9318	
4195	9	12:58:44:815:262:960	270.054
1	15	-4.76	3.653	8.43336	
1	18	-2.38	1.826	10.6886	
1	20	0.392	2.974	56.6216	
1	22	2.772	1.148	36.3294	
1	24	2.38	-1.826	19.9767	
1	25	0.783	5.949	18.4508	
1	27	-1.988	4.801	25.0449	
1	28	0	0	84.3464	
3	8	3.163	4.122	10.1623	
4199	29	12:58:44:845:566:920	2074.4
2	18	6.749	-8.453	7.32651	
2	26	8.737	-13.254	10.1366	
2	28	9.129	-10.279	14.1614	
10	2	18.257	-20.559	41.6845	
10	4	18.649	-17.585	9.66612	
10	6	15.877	-18.733	27.443	
10	8	15.486	-21.707	71.7525	
10	10	17.866	-23.533	110.053	
10	12	20.637	-22.385	29.2057	
11	18	9.942	-24.003	9.76292	
11	19	8.346	-16.228	7.66779	
11	20	12.714	-22.855	25.153	
11	21	11.117	-15.08	12.2844	
11	22	15.094	-24.681	72.8699	
11	23	13.497	-16.906	20.4131	
11	24	14.703	-27.656	25.7327	
11	25	13.106	-19.881	16.6691	
11	27	10.334	-21.029	15.9325	
11	28	12.322	-25.829	12.5302	
11	29	10.726	-18.054	22.6581	
22	3	19.854	-28.334	490.568	
22	5	20.246	-25.36	78.4175	
22	7	17.474	-26.508	246.623	
22	9	17.083	-29.482	121.903	
22	11	19.463	-31.308	258.186	
22	13	22.234	-30.16	227.13	
22	15	22.626	-27.186	51.4877	
22	17	23.017	-24.212	15.4303	
22	27	25.398	-26.038	21.5534	
4210	17	12:58:45:062:067:460	371.715
1	3	-7.532	2.505	12.3751	
1	11	-7.923	-0.47	9.77212	
1	13	-5.152	0.678	28.5218	
1	15	-4.76	3.653	18.957	
1	16	-2.772	-1.148	9.97188	
1	17	-4.369	6.627	9.36707	
1	18	-2.38	1.826	28.6922	
1	20	0.392	2.974	45.522	
1	22	2.772	1.148	47.7785	
1	24	2.38	-1.826	10.3516	
1	25	0.783	5.949	23.4302	
1	27	-1.988	4.801	40.1136	
1	28	0	0	13.255	
1	29	-1.597	7.775	13.2401	
2	19	5.152	-0.678	17.7622	
3	8	3.163	4.122	29.5021	
3	10	5.543	2.296	13.1026	
4213	14	12:58:45:084:381:980	284.111
5	2	-17.805	-15.811	38.7524	
5	4	-17.413	-12.837	26.7405	
5	6	-20.185	-13.985	34.914	
5	8	-20.576	-16.959	10.9673	
5	9	-22.173	-9.184	15.8952	
5	10	-18.196	-18.786	7.76564	
5	11	-19.793	-11.011	9.14233	
5	12	-15.425	-17.638	29.2245	
5	14	-15.033	-14.663	16.3601	
6	9	-13.044	-19.464	16.4613	
9	10	-27.325	-8.506	13.4892	
21	21	-24.945	-10.332	15.9677	
21	23	-22.565	-12.159	38.596	
21	29	-25.336	-13.307	9.83488	
4214	12	12:58:45:089:799:170	252.159
6	2	-8.676	-26.091	8.41213	
6	3	-10.273	-18.316	49.6287	
6	4	-8.284	-23.116	19.5816	
6	6	-11.056	-24.264	9.04576	
6	7	-12.653	-16.49	10.8717	
6	9	-13.044	-19.464	40.0001	
6	11	-10.664	-21.29	26.8829	
6	13	-7.893	-20.142	32.6706	
6	14	-5.904	-24.943	18.1451	
6	15	-7.501	-17.168	9.57953	
6	16	-5.513	-21.968	18.23	
17	21	-15.816	-20.612	9.1111	
4217	5	12:58:45:127:696:320	125.87
1	2	-5.935	-5.27	52.449	
1	8	-8.706	-6.418	32.4876	
1	10	-6.326	-8.245	10.159	
1	12	-3.555	-7.097	7.79574	
5	20	-11.478	-7.567	22.9789	
4218	5	12:58:45:131:117:370	51.8951
2	8	0.422	-16.698	12.1764	
6	18	-5.121	-18.994	8.20466	
6	20	-2.349	-17.846	14.89	
6	22	0.031	-19.672	8.64326	
6	27	-4.73	-16.02	7.98072	
4220	12	12:58:45:158:420:530	311.624
6	2	-8.676	-26.091	7.43625	
6	10	-9.067	-29.065	7.99076	
6	12	-6.296	-27.917	32.3782	
6	14	-5.904	-24.943	25.0435	
6	16	-5.513	-21.968	16.0853	
6	26	-3.133	-23.795	31.8827	
18	5	-6.687	-30.891	15.7432	
18	17	-3.916	-29.743	48.1867	
18	19	-3.524	-26.769	96.0256	
18	21	-0.753	-25.621	12.1866	
18	27	-1.536	-31.57	7.38263	
18	29	-1.144	-28.595	11.2827	
4228	9	12:58:45:382:756:010	197.075
13	2	26.933	5.532	38.5837	
13	4	27.325	8.506	46.0699	
13	6	24.553	7.358	7.07227	
13	11	24.945	10.332	13.4362	
13	13	27.716	11.481	26.3721	
13	15	28.108	14.455	8.12436	
13	16	30.096	9.654	23.8863	
13	18	30.488	12.629	24.1757	
13	27	30.88	15.603	9.35482	
4231	7	12:58:45:421:694:680	140.74
7	3	-16.66	12.784	24.1413	
7	5	-16.269	15.758	44.0104	
7	7	-19.04	14.61	8.45594	
7	15	-13.889	13.932	28.2157	
7	17	-13.497	16.906	11.8403	
7	18	-11.509	12.106	11.2498	
7	27	-11.117	15.08	12.8265	
4240	15	12:58:45:645:561:510	274.065
10	3	16.66	-12.784	17.873	
10	4	18.649	-17.585	8.42775	
10	6	15.877	-18.733	22.1047	
10	7	14.28	-10.958	8.49615	
10	8	15.486	-21.707	26.2748	
10	9	13.889	-13.932	7.2617	
11	20	12.714	-22.855	15.4916	
11	22	15.094	-24.681	50.4586	
11	23	13.497	-16.906	20.2178	
11	24	14.703	-27.656	30.5401	
11	25	13.106	-19.881	9.91299	
11	26	11.931	-28.804	15.0576	
11	28	12.322	-25.829	8.28923	
22	7	17.474	-26.508	11.1292	
22	9	17.083	-29.482	22.53	
4246	10	12:58:45:672:653:060	166.486
10	2	18.257	-20.559	9.2865	
10	12	20.637	-22.385	20.8899	
10	14	21.029	-19.411	22.9156	
10	16	21.421	-16.437	11.3	
10	22	26.964	-14.14	9.62542	
10	24	26.572	-17.115	18.2204	
10	26	23.801	-18.263	37.0346	
22	5	20.246	-25.36	9.56623	
22	19	23.409	-21.237	13.4638	
22	21	26.181	-20.089	14.184	
4255	10	12:58:45:762:457:070	166.069
6	12	-6.296	-27.917	25.7262	
6	13	-7.893	-20.142	13.2204	
6	14	-5.904	-24.943	27.6775	
6	15	-7.501	-17.168	15.4105	
6	16	-5.513	-21.968	18.9194	
6	18	-5.121	-18.994	11.3322	
18	5	-6.687	-30.891	9.12547	
18	15	-4.307	-32.718	13.8172	
18	17	-3.916	-29.743	23.7475	
18	19	-3.524	-26.769	7.09259	
4256	10	12:58:45:763:889:460	171.132
1	19	-3.977	9.601	24.1206	
1	21	-1.205	10.749	33.195	
7	18	-11.509	12.106	9.29329	
7	20	-8.737	13.254	10.783	
7	22	-6.357	11.428	41.2298	
7	25	-8.346	16.228	7.4455	
7	26	-9.52	7.305	7.03315	
7	28	-9.129	10.279	14.0876	
8	8	-5.965	14.402	16.0693	
8	10	-3.585	12.576	7.87507	
4266	4	12:58:45:973:931:940	63.6675
21	16	-26.511	-22.23	11.9231	
21	22	-20.968	-19.934	17.7514	
21	26	-24.131	-24.056	10.1623	
21	28	-23.739	-21.082	23.8307	
4267	20	12:58:45:985:620:350	386.291
5	2	-17.805	-15.811	17.3499	
5	8	-20.576	-16.959	28.5934	
5	10	-18.196	-18.786	25.1622	
5	12	-15.425	-17.638	34.5493	
5	14	-15.033	-14.663	8.0045	
5	26	-12.261	-13.515	8.49686	
6	5	-9.881	-15.341	24.2038	
6	7	-12.653	-16.49	33.7483	
6	9	-13.044	-19.464	14.4334	
6	15	-7.501	-17.168	11.8286	
6	17	-7.11	-14.193	16.3337	
6	27	-4.73	-16.02	12.7979	
21	11	-31.663	-21.552	13.7141	
21	13	-28.891	-20.404	14.0114	
21	16	-26.511	-22.23	10.2383	
21	18	-26.119	-19.255	24.4474	
21	20	-23.348	-18.107	30.2688	
21	22	-20.968	-19.934	32.3254	
21	25	-22.956	-15.133	13.8021	
21	28	-23.739	-21.082	11.9818	
4273	11	12:58:46:097:756:420	251.993
2	17	4.76	-3.653	8.52973	
2	19	5.152	-0.678	26.3169	
2	20	9.52	-7.305	39.2209	
2	24	11.509	-12.106	13.0538	
2	25	9.912	-4.331	11.6833	
2	27	7.14	-5.479	46.0271	
2	28	9.129	-10.279	16.7077	
2	29	7.532	-2.505	47.6982	
11	21	11.117	-15.08	20.0735	
11	25	13.106	-19.881	7.54031	
11	29	10.726	-18.054	15.142	
4291	19	12:58:46:306:355:990	490.149
10	2	18.257	-20.559	16.7227	
10	10	17.866	-23.533	46.6451	
10	12	20.637	-22.385	76.7529	
10	14	21.029	-19.411	20.4729	
10	16	21.421	-16.437	9.90411	
10	24	26.572	-17.115	17.8625	
10	26	23.801	-18.263	38.35	
11	2	6.388	-31.1	7.86262	
11	14	9.159	-29.952	15.3432	
11	16	9.551	-26.977	7.83976	
11	22	15.094	-24.681	17.5296	
11	24	14.703	-27.656	15.1117	
11	26	11.931	-28.804	17.8839	
11	28	12.322	-25.829	10.0563	
22	5	20.246	-25.36	23.7396	
22	7	17.474	-26.508	26.2543	
22	17	23.017	-24.212	21.3333	
22	19	23.409	-21.237	70.2271	
22	21	26.181	-20.089	30.2569	
4295	76	12:58:46:369:347:630	4212.5
2	10	2.802	-18.524	9.39453	
2	12	5.574	-17.376	17.0008	
2	15	4.369	-6.627	7.90795	
2	16	6.357	-11.428	13.2532	
2	17	4.76	-3.653	7.01856	
2	18	6.749	-8.453	16.851	
2	19	5.152	-0.678	14.3266	
2	20	9.52	-7.305	30.156	
2	21	7.923	0.47	16.4294	
2	22	11.9	-9.131	24.1978	
2	23	10.303	-1.356	14.7394	
2	24	11.509	-12.106	52.4336	
2	25	9.912	-4.331	29.5734	
2	26	8.737	-13.254	18.8448	
2	27	7.14	-5.479	24.1963	
2	28	9.129	-10.279	38.4381	
2	29	7.532	-2.505	11.7184	
4	2	15.064	-5.009	9.35233	
4	3	13.467	2.766	18.5206	
4	4	15.455	-2.035	8.5381	
4	6	12.683	-3.183	14.3901	
4	8	12.292	-6.157	37.1635	
4	10	14.672	-7.983	14.3218	
4	11	13.075	-0.208	10.0553	
4	12	17.444	-6.835	9.18048	
4	26	20.607	-2.713	11.0878	
10	2	18.257	-20.559	77.0151	
10	3	16.66	-12.784	22.0232	
10	4	18.649	-17.585	46.7826	
10	5	17.052	-9.81	18.9005	
10	6	15.877	-18.733	132.751	
10	7	14.28	-10.958	44.3362	
10	8	15.486	-21.707	191.96	
10	9	13.889	-13.932	54.7092	
10	10	17.866	-23.533	51.6535	
10	11	16.269	-15.758	36.7695	
10	12	20.637	-22.385	34.3024	
10	13	19.04	-14.61	29.4105	
10	14	21.029	-19.411	29.2149	
10	15	19.432	-11.636	11.5615	
10	16	21.421	-16.437	10.2032	
10	18	21.812	-13.462	15.6567	
10	19	20.215	-5.687	15.7807	
10	24	26.572	-17.115	14.4137	
10	26	23.801	-18.263	9.51161	
11	3	4.791	-23.325	14.189	
11	4	6.779	-28.125	9.46218	
11	5	5.182	-20.351	31.0153	
11	9	2.019	-24.473	10.7719	
11	11	4.399	-26.299	17.9931	
11	13	7.171	-25.151	16.6006	
11	14	9.159	-29.952	23.9039	
11	15	7.562	-22.177	52.0231	
11	16	9.551	-26.977	21.2628	
11	17	7.954	-19.202	60.0835	
11	18	9.942	-24.003	44.05	
11	19	8.346	-16.228	24.776	
11	20	12.714	-22.855	305.225	
11	21	11.117	-15.08	80.9141	
11	22	15.094	-24.681	284.552	
11	23	13.497	-16.906	282.839	
11	24	14.703	-27.656	352.936	
11	25	13.106	-19.881	513.062	
11	26	11.931	-28.804	97.8911	
11	27	10.334	-21.029	82.1446	
11	28	12.322	-25.829	176.014	
11	29	10.726	-18.054	147.113	
22	3	19.854	-28.334	12.9857	
22	5	20.246	-25.36	19.5804	
22	7	17.474	-26.508	66.8412	
22	9	17.083	-29.482	69.7003	
22	11	19.463	-31.308	20.4234	
22	13	22.234	-30.16	13.2314	
22	15	22.626	-27.186	10.7605	
22	17	23.017	-24.212	15.2774	
22	27	25.398	-26.038	8.83134	
4299	6	12:58:46:402:751:840	112.954
6	2	-8.676	-26.091	28.6325	
6	4	-8.284	-23.116	31.2421	
6	6	-11.056	-24.264	19.0874	
6	10	-9.067	-29.065	10.7084	
6	13	-7.893	-20.142	11.3731	
6	16	-5.513	-21.968	11.9108	
4303	15	12:58:46:440:140:780	300.354
3	19	7.893	20.142	50.3622	
3	21	10.664	21.29	23.4417	
3	23	13.044	19.464	29.3911	
3	29	10.273	18.316	9.00888	
8	20	3.133	23.795	16.7547	
8	22	5.513	21.968	66.0759	
8	28	2.741	20.82	9.95389	
14	4	18.196	18.786	16.5463	
14	6	15.425	17.638	7.59905	
14	9	13.436	22.438	12.1258	
14	11	15.816	20.612	10.5324	
14	14	20.576	16.959	7.59975	
16	8	5.904	24.943	10.4545	
16	10	8.284	23.116	21.8011	
16	12	11.056	24.264	8.7069	
4305	7	12:58:46:455:500:880	138.525
9	3	-28.53	2.243	14.9224	
9	13	-26.15	0.417	32.3345	
9	16	-23.77	-1.409	12.7238	
9	18	-23.378	1.565	14.9268	
9	24	-18.618	-2.088	24.5179	
9	26	-21.39	-3.236	14.0681	
9	28	-20.998	-0.261	25.0319	
4309	9	12:58:46:480:059:240	113.769
3	4	6.326	8.245	21.6401	
3	13	6.718	11.219	13.7143	
3	15	7.11	14.193	17.1903	
3	16	9.098	9.393	9.13142	
3	17	7.501	17.168	11.3815	
3	18	9.49	12.367	7.92475	
3	19	7.893	20.142	9.0334	
3	27	9.881	15.341	8.30436	
3	29	10.273	18.316	15.449	
4315	9	12:58:46:515:567:270	206.541
6	5	-9.881	-15.341	10.6637	
6	13	-7.893	-20.142	8.8015	
6	15	-7.501	-17.168	40.6922	
6	16	-5.513	-21.968	11.1831	
6	18	-5.121	-18.994	44.8007	
6	20	-2.349	-17.846	33.4071	
6	27	-4.73	-16.02	25.6677	
6	28	-2.741	-20.82	23.6639	
6	29	-4.338	-13.045	7.66098	
4317	5	12:58:46:541:187:800	95.0029
1	12	-3.555	-7.097	33.4487	
1	14	-3.163	-4.122	19.9444	
2	9	-1.175	-8.923	20.2699	
6	21	-3.946	-10.071	10.7068	
6	23	-1.566	-11.897	10.6331	
4322	4	12:58:46:599:614:920	55.7599
8	18	0.361	22.647	8.4245	
8	20	3.133	23.795	12.5431	
8	25	3.524	26.769	15.2514	
8	27	0.753	25.621	19.5408	
4325	13	12:58:46:651:535:490	818.869
5	7	-21.782	-6.21	14.4825	
9	2	-26.933	-5.532	243.727	
9	4	-26.542	-2.557	43.1322	
9	6	-29.313	-3.706	245.415	
9	8	-29.705	-6.68	42.4313	
9	9	-31.302	1.095	8.46258	
9	10	-27.325	-8.506	73.1848	
9	11	-28.922	-0.731	23.7266	
9	12	-24.553	-7.358	72.1897	
9	14	-24.162	-4.384	8.80312	
9	16	-23.77	-1.409	7.13451	
21	21	-24.945	-10.332	28.4104	
21	29	-25.336	-13.307	7.76972	
4330	6	12:58:46:773:562:600	160.651
6	13	-7.893	-20.142	18.9431	
6	16	-5.513	-21.968	16.4683	
6	18	-5.121	-18.994	52.4367	
6	20	-2.349	-17.846	35.9206	
6	22	0.031	-19.672	16.7283	
6	28	-2.741	-20.82	20.1542	
4336	7	12:58:46:861:229:130	258.191
10	19	20.215	-5.687	18.8686	
10	21	22.987	-4.539	38.97	
10	23	25.367	-6.366	133.207	
10	25	24.975	-9.34	10.7185	
10	29	22.595	-7.514	25.1834	
12	9	25.758	-3.391	11.0727	
12	11	28.139	-5.217	20.1713	
4343	5	12:58:46:910:499:230	65.4168
6	15	-7.501	-17.168	8.12177	
6	19	-6.718	-11.219	9.20651	
6	21	-3.946	-10.071	16.7122	
6	27	-4.73	-16.02	19.4485	
6	29	-4.338	-13.045	11.9279	
4345	8	12:58:46:933:676:530	219.534
2	2	3.194	-15.55	9.10526	
2	8	0.422	-16.698	65.1756	
2	10	2.802	-18.524	9.31525	
6	17	-7.11	-14.193	10.2199	
6	20	-2.349	-17.846	26.2166	
6	25	-1.958	-14.872	35.0862	
6	27	-4.73	-16.02	19.1609	
6	29	-4.338	-13.045	45.2547	
4347	13	12:58:46:937:746:330	377.516
1	7	-9.912	4.331	9.85538	
7	2	-15.064	5.009	22.2442	
7	4	-14.672	7.983	91.8453	
7	6	-17.444	6.835	19.295	
7	9	-19.432	11.636	12.7332	
7	11	-17.052	9.81	35.3149	
7	14	-12.292	6.157	84.1594	
7	16	-11.9	9.131	28.9621	
7	18	-11.509	12.106	8.31505	
7	26	-9.52	7.305	21.4066	
9	21	-22.204	10.488	12.2466	
9	23	-19.824	8.662	22.0616	
9	29	-22.595	7.514	9.07704	
4352	8	12:58:46:971:907:990	195.676
8	3	-4.791	23.325	13.2829	
8	7	-7.171	25.151	22.5547	
8	9	-7.562	22.177	18.8381	
8	11	-5.182	20.351	9.64624	
19	2	-12.322	25.829	56.5582	
19	6	-14.703	27.656	26.604	
19	8	-15.094	24.681	9.45894	
19	12	-9.942	24.003	38.7328	
4354	4	12:58:46:980:437:750	62.8226
9	2	-26.933	-5.532	9.18626	
9	6	-29.313	-3.706	12.0332	
9	8	-29.705	-6.68	31.0823	
9	10	-27.325	-8.506	10.5209	
4358	8	12:58:47:027:377:130	225.457
14	3	16.208	23.586	33.3726	
14	4	18.196	18.786	10.4286	
14	7	13.828	25.413	16.8867	
14	9	13.436	22.438	50.8735	
14	11	15.816	20.612	52.0305	
14	13	18.588	21.76	33.4198	
14	16	20.968	19.934	7.34363	
16	12	11.056	24.264	21.1019	
4360	6	12:58:47:079:315:200	78.4349
5	2	-17.805	-15.811	7.30225	
5	4	-17.413	-12.837	22.6155	
5	6	-20.185	-13.985	19.2413	
5	11	-19.793	-11.011	8.54226	
5	13	-17.021	-9.863	10.6548	
5	16	-14.641	-11.689	10.0788	
4363	11	12:58:47:096:416:800	407.963
5	3	-19.401	-8.036	43.2686	
5	4	-17.413	-12.837	31.2636	
5	5	-19.01	-5.062	11.4644	
5	6	-20.185	-13.985	124.952	
5	7	-21.782	-6.21	9.44849	
5	8	-20.576	-16.959	12.0553	
5	9	-22.173	-9.184	18.9229	
5	11	-19.793	-11.011	86.0932	
5	13	-17.021	-9.863	30.7967	
5	15	-16.63	-6.888	31.8432	
5	17	-16.238	-3.914	7.85417	
4366	4	12:58:47:122:614:600	83.0776
1	12	-3.555	-7.097	17.6268	
6	21	-3.946	-10.071	20.8645	
6	27	-4.73	-16.02	7.47743	
6	29	-4.338	-13.045	37.1089	
4399	5	12:58:47:570:832:990	93.6791
17	19	-18.588	-21.76	17.2654	
21	20	-23.348	-18.107	14.5799	
21	22	-20.968	-19.934	34.8811	
21	24	-21.359	-22.908	10.5091	
21	28	-23.739	-21.082	16.4436	
4405	10	12:58:47:627:254:340	230.457
1	3	-7.532	2.505	41.4298	
1	7	-9.912	4.331	19.3773	
1	9	-10.303	1.356	32.113	
1	13	-5.152	0.678	40.2915	
1	16	-2.772	-1.148	18.8767	
1	18	-2.38	1.826	8.72642	
1	28	0	0	8.32636	
7	2	-15.064	5.009	11.4561	
7	12	-12.683	3.183	41.8631	
7	14	-12.292	6.157	7.99689	
4406	5	12:58:47:627:589:130	67.7773
4	15	16.238	3.914	14.3663	
4	17	16.63	6.888	18.2605	
4	19	17.021	9.863	15.0285	
4	27	19.01	5.062	9.70039	
4	29	19.401	8.036	10.4216	
4407	6	12:58:47:653:864:630	94.6485
1	19	-3.977	9.601	8.81011	
1	23	1.175	8.923	19.4622	
1	29	-1.597	7.775	14.3289	
3	4	6.326	8.245	13.3142	
3	9	1.566	11.897	8.3495	
3	11	3.946	10.071	49.8459	
4418	11	12:58:47:806:353:500	193.61
8	17	-1.627	27.447	10.7953	
8	21	1.536	31.57	7.53047	
8	23	3.916	29.743	13.9143	
8	29	1.144	28.595	25.935	
16	3	7.079	33.866	21.4017	
16	4	9.067	29.065	8.65125	
16	9	4.307	32.718	13.6598	
16	11	6.687	30.891	31.7725	
16	13	9.459	32.039	21.9187	
16	15	9.851	35.014	25.9511	
16	18	12.231	33.187	12.0796	
4424	9	12:58:47:863:381:720	206.332
10	15	19.432	-11.636	14.2597	
10	17	19.824	-8.662	25.4756	
10	18	21.812	-13.462	11.6112	
10	19	20.215	-5.687	15.8132	
10	20	24.584	-12.314	9.66955	
10	21	22.987	-4.539	10.3853	
10	25	24.975	-9.34	19.1653	
10	27	22.204	-10.488	74.928	
10	29	22.595	-7.514	25.0245	
4425	5	12:58:47:880:063:440	62.705
1	3	-7.532	2.505	13.7587	
1	5	-7.14	5.479	9.9127	
1	7	-9.912	4.331	15.2277	
1	11	-7.923	-0.47	14.861	
1	13	-5.152	0.678	8.94495	
4431	30	12:58:47:947:811:460	633.379
2	2	3.194	-15.55	8.9066	
2	8	0.422	-16.698	12.0321	
2	10	2.802	-18.524	16.4107	
2	12	5.574	-17.376	17.7192	
6	2	-8.676	-26.091	10.6371	
6	4	-8.284	-23.116	17.7722	
6	6	-11.056	-24.264	10.83	
6	8	-11.448	-27.239	14.4322	
6	11	-10.664	-21.29	9.37163	
6	14	-5.904	-24.943	12.3754	
6	16	-5.513	-21.968	19.8385	
6	22	0.031	-19.672	12.0698	
6	24	-0.361	-22.647	46.4026	
6	26	-3.133	-23.795	30.8224	
6	28	-2.741	-20.82	23.6291	
10	6	15.877	-18.733	18.4958	
11	5	5.182	-20.351	42.1158	
11	7	2.411	-21.499	57.6229	
11	15	7.562	-22.177	11.7339	
11	17	7.954	-19.202	54.4225	
11	21	11.117	-15.08	8.29292	
11	23	13.497	-16.906	38.4496	
11	27	10.334	-21.029	10.4209	
11	29	10.726	-18.054	60.8098	
17	14	-13.828	-25.413	14.8488	
17	15	-19.371	-27.709	7.85199	
17	17	-18.979	-24.734	9.46106	
17	20	-14.219	-28.387	8.21967	
17	23	-13.436	-22.438	9.56613	
17	27	-16.599	-26.561	17.818	
4434	9	12:58:47:992:075:030	153.425
14	4	18.196	18.786	34.4873	
14	11	15.816	20.612	9.26926	
14	13	18.588	21.76	13.0411	
14	14	20.576	16.959	11.0308	
14	16	20.968	19.934	33.8066	
14	18	21.359	22.908	8.67637	
14	22	26.511	22.23	10.9001	
14	26	23.348	18.107	15.1886	
14	28	23.739	21.082	17.0244	
4447	4	12:58:48:172:597:660	49.47
1	24	2.38	-1.826	18.3059	
2	5	1.988	-4.801	11.2479	
2	17	4.76	-3.653	10.8804	
2	19	5.152	-0.678	9.03571	
4453	4	12:58:48:280:074:460	80.9288
5	24	-9.49	-12.367	15.8951	
6	17	-7.11	-14.193	36.4479	
6	27	-4.73	-16.02	19.6642	
6	29	-4.338	-13.045	8.92165	
4457	4	12:58:48:354:058:350	98.4522
4	3	13.467	2.766	7.32577	
4	5	13.858	5.74	28.9188	
4	7	11.087	4.592	26.7359	
4	15	16.238	3.914	35.4717	
4474	10	12:58:48:532:143:060	165.486
3	21	10.664	21.29	25.8602	
14	3	16.208	23.586	10.007	
14	4	18.196	18.786	10.6188	
14	9	13.436	22.438	15.0456	
14	11	15.816	20.612	17.8884	
14	13	18.588	21.76	9.56548	
14	16	20.968	19.934	14.6549	
14	18	21.359	22.908	7.82759	
14	26	23.348	18.107	8.02194	
16	10	8.284	23.116	45.9964	
4478	8	12:58:48:563:849:940	131.5
7	5	-16.269	15.758	7.9586	
7	15	-13.889	13.932	7.53348	
7	17	-13.497	16.906	25.1851	
7	19	-13.106	19.881	22.3144	
15	20	-17.866	23.533	9.42567	
15	22	-15.486	21.707	31.5424	
15	24	-15.877	18.733	17.2912	
19	10	-12.714	22.855	10.2488	
4486	6	12:58:48:617:823:490	151.658
9	4	-26.542	-2.557	24.0404	
9	11	-28.922	-0.731	12.5833	
9	13	-26.15	0.417	10.6333	
9	14	-24.162	-4.384	11.761	
9	16	-23.77	-1.409	45.6674	
9	26	-21.39	-3.236	46.9731	
4487	14	12:58:48:618:055:000	274.404
8	7	-7.171	25.151	23.9437	
8	9	-7.562	22.177	20.0446	
19	2	-12.322	25.829	10.4848	
19	4	-11.931	28.804	7.4661	
19	10	-12.714	22.855	7.55177	
19	12	-9.942	24.003	19.2824	
19	13	-11.539	31.778	20.1478	
19	14	-9.551	26.977	26.3125	
19	15	-11.148	34.752	24.0778	
19	16	-9.159	29.952	51.5726	
19	18	-8.768	32.926	29.2581	
19	20	-5.996	34.074	10.1139	
19	26	-6.779	28.125	11.803	
19	28	-6.388	31.1	12.3445	
4503	5	12:58:48:889:556:480	100.416
7	2	-15.064	5.009	9.25172	
7	10	-15.455	2.035	11.4937	
7	12	-12.683	3.183	15.3772	
7	14	-12.292	6.157	48.8544	
7	16	-11.9	9.131	15.4387	
4516	19	12:58:49:102:201:660	415.31
3	23	13.044	19.464	15.551	
4	21	19.793	11.011	50.525	
4	23	22.173	9.184	44.2973	
4	25	21.782	6.21	8.21899	
4	29	19.401	8.036	8.27114	
13	2	26.933	5.532	20.8662	
13	6	24.553	7.358	29.7335	
13	8	24.162	4.384	10.9797	
13	9	22.565	12.159	10.3941	
13	10	26.542	2.558	14.4191	
13	11	24.945	10.332	11.2099	
13	12	29.313	3.706	8.0109	
14	2	17.805	15.811	40.031	
14	4	18.196	18.786	9.73126	
14	6	15.425	17.638	43.8525	
14	8	15.033	14.663	15.9118	
14	10	17.413	12.837	37.1912	
14	12	20.185	13.985	27.4867	
14	14	20.576	16.959	8.62906	
4517	11	12:58:49:124:627:120	200.033
1	12	-3.555	-7.097	13.9786	
6	13	-7.893	-20.142	7.96844	
6	16	-5.513	-21.968	33.5111	
6	17	-7.11	-14.193	7.32576	
6	18	-5.121	-18.994	31.194	
6	20	-2.349	-17.846	10.8812	
6	21	-3.946	-10.071	20.0409	
6	23	-1.566	-11.897	10.6678	
6	27	-4.73	-16.02	25.0566	
6	28	-2.741	-20.82	11.1891	
6	29	-4.338	-13.045	28.2196	
4519	8	12:58:49:151:896:960	105.237
10	13	19.04	-14.61	7.23698	
10	16	21.421	-16.437	21.8688	
10	18	21.812	-13.462	10.6555	
10	26	23.801	-18.263	21.5192	
22	19	23.409	-21.237	8.60517	
22	21	26.181	-20.089	18.3265	
22	23	28.561	-21.915	9.15078	
22	29	25.789	-23.063	7.87379	
4520	4	12:58:49:202:137:050	57.1473
3	3	4.338	13.045	14.9732	
3	5	4.73	16.02	15.2488	
3	9	1.566	11.897	15.2725	
3	15	7.11	14.193	11.6528	
4525	8	12:58:49:268:762:390	187.216
7	17	-13.497	16.906	23.3862	
7	21	-10.334	21.029	19.818	
7	23	-7.954	19.202	14.6923	
7	27	-11.117	15.08	13.3148	
7	29	-10.726	18.054	83.1921	
8	3	-4.791	23.325	9.04308	
8	7	-7.171	25.151	7.83791	
8	9	-7.562	22.177	15.9315	
4526	5	12:58:49:271:109:480	76.2999
10	4	18.649	-17.585	25.1457	
10	12	20.637	-22.385	8.85224	
10	13	19.04	-14.61	7.56743	
10	14	21.029	-19.411	27.1901	
10	16	21.421	-16.437	7.54441	
4528	17	12:58:49:306:036:670	665.021
4	2	15.064	-5.009	39.6879	
4	4	15.455	-2.035	68.0034	
4	5	13.858	5.74	19.4016	
4	8	12.292	-6.157	8.23661	
4	10	14.672	-7.983	20.1178	
4	12	17.444	-6.835	28.1171	
4	13	15.847	0.94	123.58	
4	14	17.835	-3.861	38.1557	
4	15	16.238	3.914	107.325	
4	16	18.227	-0.887	58.7879	
4	17	16.63	6.888	55.2829	
4	18	18.618	2.088	28.9073	
4	26	20.607	-2.713	8.27764	
4	27	19.01	5.062	13.3098	
10	3	16.66	-12.784	15.1954	
10	5	17.052	-9.81	20.97	
10	9	13.889	-13.932	11.6647	
4530	6	12:58:49:318:466:020	83.7565
1	9	-10.303	1.356	10.6688	
5	21	-13.075	0.208	11.3141	
7	2	-15.064	5.009	8.04933	
7	8	-17.835	3.861	7.31864	
7	10	-15.455	2.035	18.4913	
7	12	-12.683	3.183	27.9143	
4532	12	12:58:49:339:628:800	287.512
9	2	-26.933	-5.532	21.5323	
9	4	-26.542	-2.557	32.7243	
9	6	-29.313	-3.706	98.9338	
9	8	-29.705	-6.68	23.9732	
9	11	-28.922	-0.731	12.4462	
9	13	-26.15	0.417	8.56012	
9	14	-24.162	-4.384	13.5216	
9	16	-23.77	-1.409	28.6695	
9	18	-23.378	1.565	9.11847	
9	20	-20.607	2.713	7.71426	
9	22	-18.227	0.887	11.5278	
9	28	-20.998	-0.261	18.7901	
4535	20	12:58:49:385:799:890	444.28
1	17	-4.369	6.627	8.71753	
1	19	-3.977	9.601	38.5401	
1	21	-1.205	10.749	19.6846	
1	25	0.783	5.949	17.1889	
1	29	-1.597	7.775	27.7797	
3	2	5.935	5.27	16.7653	
3	6	3.555	7.097	16.1184	
3	8	3.163	4.122	11.0682	
3	11	3.946	10.071	8.11014	
3	12	8.315	3.444	9.48644	
7	3	-16.66	12.784	11.3749	
7	5	-16.269	15.758	33.8751	
7	15	-13.889	13.932	55.6989	
7	17	-13.497	16.906	10.074	
7	18	-11.509	12.106	30.3255	
7	20	-8.737	13.254	46.3581	
7	22	-6.357	11.428	27.5344	
7	24	-6.749	8.453	8.22369	
7	27	-11.117	15.08	28.0621	
7	28	-9.129	10.279	19.2939	
4536	6	12:58:49:389:344:350	225.124
5	12	-15.425	-17.638	21.0929	
5	14	-15.033	-14.663	46.2365	
6	3	-10.273	-18.316	16.8685	
6	5	-9.881	-15.341	11.3302	
6	7	-12.653	-16.49	74.8843	
6	9	-13.044	-19.464	54.7119	
4542	6	12:58:49:487:663:560	91.0755
16	2	8.676	26.091	22.3294	
16	4	9.067	29.065	9.12579	
16	6	6.296	27.917	16.1532	
16	10	8.284	23.116	8.23437	
16	12	11.056	24.264	17.9461	
16	14	11.448	27.239	17.2867	
4544	8	12:58:49:515:562:090	150.855
6	20	-2.349	-17.846	32.2617	
6	22	0.031	-19.672	46.0268	
6	24	-0.361	-22.647	15.9207	
6	25	-1.958	-14.872	11.2838	
6	26	-3.133	-23.795	11.4441	
6	27	-4.73	-16.02	7.11794	
11	7	2.411	-21.499	9.87945	
11	9	2.019	-24.473	16.9209	
4546	11	12:58:49:530:967:810	181.194
4	20	21.39	3.236	21.6755	
4	23	22.173	9.184	8.77617	
4	24	23.378	-1.565	10.3898	
4	25	21.782	6.21	26.0446	
4	26	20.607	-2.713	14.3866	
4	28	20.998	0.261	19.0422	
10	17	19.824	-8.662	18.2841	
10	19	20.215	-5.687	18.5761	
10	21	22.987	-4.539	19.4683	
10	27	22.204	-10.488	11.1882	
10	29	22.595	-7.514	13.3623	
4547	4	12:58:49:537:190:780	50.5164
8	13	-2.411	21.499	7.01626	
8	16	-0.031	19.672	18.3147	
8	18	0.361	22.647	15.6825	
8	28	2.741	20.82	9.50291	
4551	7	12:58:49:575:042:310	138.857
2	4	3.585	-12.576	22.8406	
2	6	0.814	-13.724	13.4643	
2	11	1.205	-10.749	16.9318	
2	14	5.965	-14.402	27.1423	
2	16	6.357	-11.428	17.6709	
2	26	8.737	-13.254	29.4461	
6	23	-1.566	-11.897	11.3605	
4567	4	12:58:49:778:149:560	59.5911
3	3	4.338	13.045	24.3185	
3	5	4.73	16.02	14.0084	
3	9	1.566	11.897	13.6749	
3	15	7.11	14.193	7.58924	
4578	10	12:58:49:877:478:830	183.927
1	24	2.38	-1.826	14.3469	
2	5	1.988	-4.801	8.36652	
2	15	4.369	-6.627	12.5496	
2	17	4.76	-3.653	49.8015	
2	18	6.749	-8.453	9.39126	
2	20	9.52	-7.305	28.4947	
2	22	11.9	-9.131	7.64853	
2	25	9.912	-4.331	8.29781	
2	27	7.14	-5.479	31.7999	
2	29	7.532	-2.505	13.2304	
4583	45	12:58:49:921:122:520	1228.7
4	12	17.444	-6.835	12.6951	
4	14	17.835	-3.861	7.59011	
4	22	23.77	1.409	14.8205	
4	24	23.378	-1.565	23.2484	
10	2	18.257	-20.559	38.5076	
10	3	16.66	-12.784	14.9276	
10	4	18.649	-17.585	109.327	
10	5	17.052	-9.81	9.8787	
10	6	15.877	-18.733	68.6074	
10	8	15.486	-21.707	65.9596	
10	10	17.866	-23.533	24.5747	
10	11	16.269	-15.758	45.9665	
10	13	19.04	-14.61	100.454	
10	14	21.029	-19.411	8.64556	
10	15	19.432	-11.636	85.3342	
10	16	21.421	-16.437	19.5091	
10	17	19.824	-8.662	42.2671	
10	18	21.812	-13.462	35.3431	
10	19	20.215	-5.687	17.1134	
10	20	24.584	-12.314	8.80805	
10	21	22.987	-4.539	44.7805	
10	23	25.367	-6.366	25.1898	
10	25	24.975	-9.34	15.1019	
10	27	22.204	-10.488	53.6014	
10	28	24.192	-15.289	7.51665	
10	29	22.595	-7.514	73.6753	
11	20	12.714	-22.855	12.398	
11	22	15.094	-24.681	32.2633	
11	24	14.703	-27.656	12.0185	
11	25	13.106	-19.881	7.82181	
11	28	12.322	-25.829	10.1206	
12	5	28.922	0.731	14.3117	
12	7	26.15	-0.417	30.2948	
12	9	25.758	-3.391	18.7223	
12	15	31.302	-1.095	8.71444	
12	19	32.085	4.854	7.62908	
13	2	26.933	5.532	12.0075	
13	4	27.325	8.506	9.98939	
13	8	24.162	4.384	8.51564	
13	10	26.542	2.558	12.6833	
13	12	29.313	3.706	7.77295	
13	14	29.705	6.68	15.8866	
13	16	30.096	9.654	16.9024	
13	18	30.488	12.629	8.64234	
13	28	32.868	10.802	8.56642	
4585	10	12:58:49:947:056:020	142.782
4	2	15.064	-5.009	19.5549	
4	8	12.292	-6.157	12.5792	
4	10	14.672	-7.983	9.79714	
4	12	17.444	-6.835	7.45346	
4	14	17.835	-3.861	9.06027	
4	16	18.227	-0.887	13.2953	
4	22	23.77	1.409	17.6199	
4	26	20.607	-2.713	9.25508	
4	28	20.998	0.261	25.8308	
13	8	24.162	4.384	18.3358	
4586	11	12:58:49:960:622:800	170.334
13	2	26.933	5.532	24.9387	
13	4	27.325	8.506	26.2493	
13	10	26.542	2.558	11.7759	
13	11	24.945	10.332	9.56939	
13	12	29.313	3.706	11.8181	
13	13	27.716	11.481	25.2883	
13	15	28.108	14.455	20.8163	
13	16	30.096	9.654	9.76998	
13	17	28.5	17.429	9.78583	
13	18	30.488	12.629	8.94692	
13	27	30.88	15.603	11.3755	
4594	13	12:58:50:073:077:800	390.782
7	4	-14.672	7.983	17.3569	
7	13	-14.28	10.958	45.2033	
7	14	-12.292	6.157	13.0604	
7	15	-13.889	13.932	11.0561	
7	16	-11.9	9.131	172.56	
7	18	-11.509	12.106	31.8907	
7	20	-8.737	13.254	9.96315	
7	24	-6.749	8.453	9.49401	
7	25	-8.346	16.228	19.9925	
7	26	-9.52	7.305	10.043	
7	28	-9.129	10.279	25.2487	
8	6	-5.574	17.376	10.8284	
8	8	-5.965	14.402	14.0854	
4600	9	12:58:50:128:392:620	367.555
7	2	-15.064	5.009	34.8693	
7	6	-17.444	6.835	31.3463	
7	8	-17.835	3.861	11.6507	
9	19	-24.975	9.34	29.8834	
9	20	-20.607	2.713	11.8264	
9	21	-22.204	10.488	13.3174	
9	23	-19.824	8.662	32.2905	
9	25	-20.215	5.687	51.2112	
9	29	-22.595	7.514	151.159	
4604	12	12:58:50:170:070:770	241.393
8	18	0.361	22.647	14.5485	
8	20	3.133	23.795	18.5858	
8	22	5.513	21.968	11.04	
8	23	3.916	29.743	50.9582	
8	25	3.524	26.769	53.6982	
8	27	0.753	25.621	11.8821	
8	29	1.144	28.595	7.04255	
16	6	6.296	27.917	15.6206	
16	8	5.904	24.943	20.4865	
16	10	8.284	23.116	7.00103	
16	11	6.687	30.891	23.0584	
16	13	9.459	32.039	7.47069	
4607	7	12:58:50:187:445:670	260.957
19	16	-9.159	29.952	7.73802	
19	18	-8.768	32.926	7.40313	
19	20	-5.996	34.074	63.0936	
19	22	-3.616	32.248	39.2315	
19	24	-4.008	29.274	12.7813	
19	26	-6.779	28.125	23.9177	
19	28	-6.388	31.1	106.792	
4608	6	12:58:50:189:448:060	116.319
8	17	-1.627	27.447	9.64336	
8	19	-1.236	30.422	15.6603	
19	16	-9.159	29.952	7.14279	
19	24	-4.008	29.274	37.7513	
19	26	-6.779	28.125	12.8158	
19	28	-6.388	31.1	33.3052	
4609	20	12:58:50:214:394:410	719.064
1	2	-5.935	-5.27	20.3299	
1	3	-7.532	2.505	10.1461	
1	4	-5.543	-2.296	17.2889	
1	6	-8.315	-3.444	78.104	
1	7	-9.912	4.331	12.4489	
1	8	-8.706	-6.418	185.378	
1	9	-10.303	1.356	35.6337	
1	10	-6.326	-8.245	41.7551	
1	11	-7.923	-0.47	17.6267	
1	13	-5.152	0.678	8.19953	
1	16	-2.772	-1.148	8.94157	
5	17	-16.238	-3.914	8.1277	
5	20	-11.478	-7.567	22.1007	
5	21	-13.075	0.208	8.89713	
5	22	-9.098	-9.393	24.9863	
5	23	-10.695	-1.618	54.3111	
5	25	-11.087	-4.592	112.103	
5	29	-13.467	-2.766	19.3716	
7	14	-12.292	6.157	15.47	
7	26	-9.52	7.305	17.8439	
4613	17	12:58:50:248:744:200	367.702
6	4	-8.284	-23.116	8.8459	
6	12	-6.296	-27.917	7.49346	
6	14	-5.904	-24.943	11.6647	
6	16	-5.513	-21.968	22.2513	
6	24	-0.361	-22.647	7.7278	
6	26	-3.133	-23.795	37.8424	
6	28	-2.741	-20.82	12.718	
18	5	-6.687	-30.891	10.4838	
18	15	-4.307	-32.718	9.58492	
18	17	-3.916	-29.743	23.4511	
18	19	-3.524	-26.769	52.8004	
18	20	0.844	-33.396	13.773	
18	21	-0.753	-25.621	29.9186	
18	23	1.627	-27.447	9.59713	
18	25	1.236	-30.422	11.2012	
18	27	-1.536	-31.57	26.152	
18	29	-1.144	-28.595	72.1962	
4614	42	12:58:50:256:878:050	2161.81
5	2	-17.805	-15.811	20.1139	
5	4	-17.413	-12.837	7.88827	
5	6	-20.185	-13.985	19.7932	
5	8	-20.576	-16.959	74.16	
5	10	-18.196	-18.786	114.279	
5	12	-15.425	-17.638	36.4481	
6	2	-8.676	-26.091	163.502	
6	3	-10.273	-18.316	12.4729	
6	4	-8.284	-23.116	170.874	
6	6	-11.056	-24.264	175.276	
6	8	-11.448	-27.239	20.9848	
6	9	-13.044	-19.464	138.553	
6	10	-9.067	-29.065	18.4558	
6	11	-10.664	-21.29	106.652	
6	12	-6.296	-27.917	64.556	
6	13	-7.893	-20.142	11.2283	
6	14	-5.904	-24.943	154.216	
6	16	-5.513	-21.968	22.9407	
17	12	-16.208	-23.586	37.4492	
17	14	-13.828	-25.413	35.2077	
17	17	-18.979	-24.734	11.9518	
17	19	-18.588	-21.76	33.1221	
17	20	-14.219	-28.387	11.9222	
17	21	-15.816	-20.612	156.718	
17	22	-11.839	-30.213	7.99656	
17	23	-13.436	-22.438	188.228	
17	27	-16.599	-26.561	10.8279	
18	17	-3.916	-29.743	21.0138	
18	19	-3.524	-26.769	76.3817	
21	5	-30.88	-15.603	8.51457	
21	15	-28.5	-17.429	12.5657	
21	17	-28.108	-14.455	16.1074	
21	19	-27.716	-11.481	19.9983	
21	20	-23.348	-18.107	17.0914	
21	21	-24.945	-10.332	11.0569	
21	22	-20.968	-19.934	24.7276	
21	23	-22.565	-12.159	14.5892	
21	24	-21.359	-22.908	8.33482	
21	25	-22.956	-15.133	51.8971	
21	27	-25.728	-16.281	13.5151	
21	28	-23.739	-21.082	8.76107	
21	29	-25.336	-13.307	31.4344	
4617	4	12:58:50:310:502:880	64.1385
11	4	6.779	-28.125	13.8601	
11	6	4.008	-29.274	16.8869	
11	13	7.171	-25.151	18.511	
11	15	7.562	-22.177	14.8805	
4622	6	12:58:50:349:784:080	83.4725
1	6	-8.315	-3.444	7.21766	
1	9	-10.303	1.356	11.5223	
5	21	-13.075	0.208	12.7152	
5	23	-10.695	-1.618	22.1584	
7	10	-15.455	2.035	9.20479	
7	12	-12.683	3.183	20.6542	
4631	19	12:58:50:484:256:830	630.462
1	17	-4.369	6.627	8.78591	
1	19	-3.977	9.601	13.0997	
1	20	0.392	2.974	11.5082	
1	21	-1.205	10.749	15.9801	
1	22	2.772	1.148	11.825	
1	23	1.175	8.923	32.7349	
1	25	0.783	5.949	46.0759	
1	27	-1.988	4.801	8.23201	
1	29	-1.597	7.775	43.1622	
3	2	5.935	5.27	107.551	
3	3	4.338	13.045	17.4746	
3	4	6.326	8.245	68.796	
3	6	3.555	7.097	167.308	
3	8	3.163	4.122	41.9096	
3	9	1.566	11.897	7.43657	
3	10	5.543	2.296	8.85867	
3	11	3.946	10.071	25.7747	
3	12	8.315	3.444	10.2887	
3	14	8.706	6.418	16.3955	
4642	20	12:58:50:604:471:500	1073.64
2	2	3.194	-15.55	158.729	
2	4	3.585	-12.576	360.198	
2	6	0.814	-13.724	71.0599	
2	8	0.422	-16.698	111.46	
2	10	2.802	-18.524	29.3728	
2	11	1.205	-10.749	18.1118	
2	12	5.574	-17.376	11.7672	
2	13	3.977	-9.601	109.301	
2	14	5.965	-14.402	18.0785	
2	16	6.357	-11.428	21.0352	
6	20	-2.349	-17.846	16.3218	
6	21	-3.946	-10.071	8.54484	
6	22	0.031	-19.672	33.3603	
6	23	-1.566	-11.897	15.9324	
6	24	-0.361	-22.647	31.6625	
6	25	-1.958	-14.872	13.959	
6	26	-3.133	-23.795	8.59224	
6	28	-2.741	-20.82	7.71421	
18	21	-0.753	-25.621	17.9512	
18	29	-1.144	-28.595	10.4886	
4644	10	12:58:50:620:472:630	226.482
10	2	18.257	-20.559	12.9173	
10	3	16.66	-12.784	8.8026	
10	4	18.649	-17.585	68.626	
10	6	15.877	-18.733	12.1426	
10	9	13.889	-13.932	10.679	
10	11	16.269	-15.758	53.2722	
10	13	19.04	-14.61	22.0744	
10	14	21.029	-19.411	14.8485	
10	16	21.421	-16.437	12.6294	
10	26	23.801	-18.263	10.4898	
4646	15	12:58:50:636:129:940	353.942
9	2	-26.933	-5.532	18.2097	
9	3	-28.53	2.243	46.7263	
9	4	-26.542	-2.557	27.9992	
9	5	-28.139	5.217	69.1741	
9	6	-29.313	-3.706	7.39653	
9	7	-30.91	4.069	9.30467	
9	11	-28.922	-0.731	18.1035	
9	13	-26.15	0.417	36.4474	
9	14	-24.162	-4.384	17.7119	
9	15	-25.758	3.391	27.4516	
9	16	-23.77	-1.409	9.86337	
9	17	-25.367	6.366	10.312	
20	16	-32.899	8.87	7.72168	
20	24	-27.747	8.192	28.7218	
20	26	-30.519	7.044	18.7985	
4648	26	12:58:50:681:410:790	476.388
5	7	-21.782	-6.21	27.6872	
5	9	-22.173	-9.184	8.591	
7	3	-16.66	12.784	29.4657	
7	6	-17.444	6.835	11.186	
7	8	-17.835	3.861	16.4095	
7	9	-19.432	11.636	9.48288	
7	11	-17.052	9.81	14.5376	
9	12	-24.553	-7.358	25.4651	
9	14	-24.162	-4.384	35.1773	
9	16	-23.77	-1.409	18.2472	
9	18	-23.378	1.565	10.3051	
9	20	-20.607	2.713	35.8936	
9	22	-18.227	0.887	7.7324	
9	23	-19.824	8.662	34.076	
9	24	-18.618	-2.088	8.00056	
9	25	-20.215	5.687	26.2769	
9	26	-21.39	-3.236	19.5182	
9	28	-20.998	-0.261	41.073	
21	13	-28.891	-20.404	7.2597	
21	15	-28.5	-17.429	14.5338	
21	18	-26.119	-19.255	8.12727	
21	19	-27.716	-11.481	10.2447	
21	21	-24.945	-10.332	17.5946	
21	23	-22.565	-12.159	13.4081	
21	27	-25.728	-16.281	11.5542	
21	29	-25.336	-13.307	14.5407	
4655	6	12:58:50:747:253:210	79.2817
8	7	-7.171	25.151	12.3687	
8	9	-7.562	22.177	15.575	
19	13	-11.539	31.778	14.4343	
19	14	-9.551	26.977	16.0032	
19	15	-11.148	34.752	8.65572	
19	16	-9.159	29.952	12.2448	
4657	5	12:58:50:769:449:760	63.3269
13	4	27.325	8.506	9.0399	
13	6	24.553	7.358	8.72309	
13	8	24.162	4.384	15.1107	
13	13	27.716	11.481	18.5849	
13	15	28.108	14.455	11.8683	
4659	4	12:58:50:803:908:330	53.8146
8	3	-4.791	23.325	10.5849	
8	7	-7.171	25.151	11.1781	
8	9	-7.562	22.177	24.4868	
8	11	-5.182	20.351	7.56477	
4660	16	12:58:50:817:159:220	739.453
1	2	-5.935	-5.27	80.6627	
1	3	-7.532	2.505	15.2575	
1	4	-5.543	-2.296	43.2222	
1	6	-8.315	-3.444	218.809	
1	7	-9.912	4.331	13.7827	
1	8	-8.706	-6.418	43.7469	
1	9	-10.303	1.356	99.3514	
1	10	-6.326	-8.245	12.0961	
1	11	-7.923	-0.47	94.4392	
1	13	-5.152	0.678	8.1603	
1	16	-2.772	-1.148	12.9156	
5	21	-13.075	0.208	8.05646	
5	22	-9.098	-9.393	11.7892	
5	23	-10.695	-1.618	41.7203	
5	25	-11.087	-4.592	22.0827	
7	12	-12.683	3.183	13.3606	
4663	14	12:58:50:830:084:870	379.348
11	2	6.388	-31.1	23.2596	
11	4	6.779	-28.125	10.706	
11	8	3.616	-32.248	9.71278	
11	10	5.996	-34.074	87.7586	
11	12	8.768	-32.926	92.5806	
11	14	9.159	-29.952	22.9114	
11	16	9.551	-26.977	19.4114	
11	20	12.714	-22.855	8.30502	
11	24	14.703	-27.656	15.2607	
11	26	11.931	-28.804	27.63	
11	28	12.322	-25.829	17.221	
18	22	3.224	-35.222	22.9443	
18	24	2.833	-38.197	13.0563	
22	9	17.083	-29.482	8.58993	
4688	9	12:58:51:244:753:430	136.97
5	5	-19.01	-5.062	12.624	
5	17	-16.238	-3.914	10.7458	
9	20	-20.607	2.713	7.45925	
9	22	-18.227	0.887	29.8816	
9	23	-19.824	8.662	13.5578	
9	24	-18.618	-2.088	21.7757	
9	25	-20.215	5.687	19.8515	
9	26	-21.39	-3.236	11.2749	
9	28	-20.998	-0.261	9.79932	
4695	11	12:58:51:370:765:740	196.773
4	20	21.39	3.236	13.3167	
4	22	23.77	1.409	15.7426	
4	24	23.378	-1.565	32.9181	
4	28	20.998	0.261	11.5068	
12	4	30.519	-7.044	9.74552	
12	6	27.747	-8.192	7.85195	
12	7	26.15	-0.417	10.896	
12	9	25.758	-3.391	38.9816	
12	11	28.139	-5.217	27.8378	
12	14	32.899	-8.87	17.2409	
12	26	35.67	-7.722	10.7348	
4703	12	12:58:51:407:319:490	250.803
7	19	-13.106	19.881	8.56429	
7	20	-8.737	13.254	39.1575	
7	21	-10.334	21.029	35.3629	
7	22	-6.357	11.428	7.29462	
7	23	-7.954	19.202	18.5434	
7	25	-8.346	16.228	25.4043	
7	27	-11.117	15.08	20.8675	
7	28	-9.129	10.279	11.9778	
7	29	-10.726	18.054	38.6295	
8	9	-7.562	22.177	15.4928	
19	12	-9.942	24.003	22.3911	
19	14	-9.551	26.977	7.11731	
4716	7	12:58:51:569:570:720	93.7986
1	23	1.175	8.923	14.5794	
1	25	0.783	5.949	9.51531	
3	6	3.555	7.097	38.1079	
3	8	3.163	4.122	16.4251	
3	9	1.566	11.897	8.00715	
3	10	5.543	2.296	12.8554	
3	11	3.946	10.071	8.88782	
4727	8	12:58:51:700:532:810	176.296
2	19	5.152	-0.678	10.1008	
2	21	7.923	0.47	7.85603	
3	2	5.935	5.27	12.1559	
3	8	3.163	4.122	16.0312	
3	10	5.543	2.296	41.3679	
3	12	8.315	3.444	55.3743	
3	14	8.706	6.418	10.8065	
4	7	11.087	4.592	22.6037	
4733	10	12:58:51:784:169:470	142.309
6	16	-5.513	-21.968	7.81286	
6	26	-3.133	-23.795	19.5245	
11	2	6.388	-31.1	8.32223	
11	8	3.616	-32.248	14.7584	
11	10	5.996	-34.074	12.5255	
18	21	-0.753	-25.621	19.5356	
18	22	3.224	-35.222	12.3944	
18	25	1.236	-30.422	21.863	
18	27	-1.536	-31.57	12.1063	
18	29	-1.144	-28.595	13.4665	
4737	4	12:58:51:899:682:250	64.9001
1	14	-3.163	-4.122	9.74383	
1	16	-2.772	-1.148	22.5931	
1	18	-2.38	1.826	8.10679	
1	28	0	0	24.4564	
4744	6	12:58:51:931:072:550	250.024
5	4	-17.413	-12.837	13.0627	
5	16	-14.641	-11.689	20.7094	
5	22	-9.098	-9.393	103.183	
5	24	-9.49	-12.367	23.5685	
5	26	-12.261	-13.515	20.3655	
5	28	-11.87	-10.541	69.135	
4746	4	12:58:51:938:135:880	44.276
4	3	13.467	2.766	8.91144	
4	9	10.695	1.618	9.91279	
4	11	13.075	-0.208	14.1672	
4	13	15.847	0.94	11.2846	
4747	15	12:58:51:956:762:540	365.836
5	14	-15.033	-14.663	12.2174	
5	16	-14.641	-11.689	40.2418	
5	18	-14.25	-8.715	21.4049	
5	26	-12.261	-13.515	66.9296	
5	28	-11.87	-10.541	23.0336	
6	2	-8.676	-26.091	9.30994	
6	3	-10.273	-18.316	34.3005	
6	4	-8.284	-23.116	23.0396	
6	5	-9.881	-15.341	16.5217	
6	7	-12.653	-16.49	39.499	
6	9	-13.044	-19.464	24.2148	
6	10	-9.067	-29.065	9.04538	
6	11	-10.664	-21.29	17.4233	
6	12	-6.296	-27.917	14.7465	
6	13	-7.893	-20.142	13.9085	
4758	7	12:58:52:092:236:240	118.294
7	3	-16.66	12.784	10.9513	
7	5	-16.269	15.758	17.6858	
7	13	-14.28	10.958	8.94921	
7	15	-13.889	13.932	37.0047	
7	17	-13.497	16.906	7.0322	
7	18	-11.509	12.106	28.5973	
7	20	-8.737	13.254	8.0739	
4759	4	12:58:52:102:178:170	54.6566
3	10	5.543	2.296	14.1739	
3	12	8.315	3.444	15.8642	
3	14	8.706	6.418	16.7863	
3	16	9.098	9.393	7.83223	
4772	7	12:58:52:244:853:610	207.416
2	5	1.988	-4.801	37.3196	
2	15	4.369	-6.627	9.00819	
2	17	4.76	-3.653	62.8312	
2	23	10.303	-1.356	22.6068	
2	25	9.912	-4.331	13.1105	
2	27	7.14	-5.479	24.6695	
2	29	7.532	-2.505	37.8699	
4784	11	12:58:52:345:524:070	295.091
9	3	-28.53	2.243	20.5387	
9	5	-28.139	5.217	106.942	
9	7	-30.91	4.069	11.3078	
9	9	-31.302	1.095	10.4825	
9	15	-25.758	3.391	15.9725	
9	17	-25.367	6.366	14.4305	
20	14	-33.29	5.896	7.23426	
20	16	-32.899	8.87	9.56567	
20	24	-27.747	8.192	39.7986	
20	26	-30.519	7.044	25.8607	
20	28	-30.127	10.018	32.9578	
4791	10	12:58:52:430:165:470	265.825
5	21	-13.075	0.208	11.8745	
7	2	-15.064	5.009	81.9295	
7	3	-16.66	12.784	10.8001	
7	4	-14.672	7.983	41.0315	
7	6	-17.444	6.835	26.0899	
7	7	-19.04	14.61	8.62506	
7	9	-19.432	11.636	17.2903	
7	10	-15.455	2.035	14.2077	
7	11	-17.052	9.81	27.5071	
7	12	-12.683	3.183	26.469	
4798	11	12:58:52:511:964:120	173.516
7	19	-13.106	19.881	23.2604	
7	21	-10.334	21.029	20.962	
7	23	-7.954	19.202	13.5596	
7	29	-10.726	18.054	30.3103	
15	20	-17.866	23.533	8.4479	
15	22	-15.486	21.707	13.2321	
15	24	-15.877	18.733	15.6876	
19	2	-12.322	25.829	14.6616	
19	8	-15.094	24.681	14.9593	
19	10	-12.714	22.855	7.21983	
19	14	-9.551	26.977	11.2152	
4815	21	12:58:52:654:375:470	429.754
1	2	-5.935	-5.27	12.0812	
1	6	-8.315	-3.444	12.2579	
1	8	-8.706	-6.418	37.6872	
1	10	-6.326	-8.245	25.4405	
1	12	-3.555	-7.097	19.8926	
2	7	-0.783	-5.949	7.3646	
2	9	-1.175	-8.923	15.1357	
2	11	1.205	-10.749	10.1019	
5	17	-16.238	-3.914	69.0073	
5	20	-11.478	-7.567	7.7206	
5	22	-9.098	-9.393	11.2124	
5	25	-11.087	-4.592	42.792	
5	27	-13.858	-5.74	50.2503	
5	29	-13.467	-2.766	13.5236	
6	19	-6.718	-11.219	18.9827	
6	21	-3.946	-10.071	10.8441	
9	16	-23.77	-1.409	15.9458	
9	22	-18.227	0.887	10.7914	
9	24	-18.618	-2.088	24.2598	
9	26	-21.39	-3.236	7.15327	
9	28	-20.998	-0.261	7.30906	
4822	4	12:58:52:764:242:820	46.6242
8	5	-4.399	26.299	9.16479	
8	17	-1.627	27.447	18.0031	
8	27	0.753	25.621	9.04552	
8	29	1.144	28.595	10.4107	
4829	20	12:58:52:836:259:010	358.657
8	17	-1.627	27.447	25.211	
8	23	3.916	29.743	8.89602	
8	25	3.524	26.769	13.3412	
8	27	0.753	25.621	8.41517	
8	29	1.144	28.595	26.7923	
14	19	19.762	30.683	8.63506	
14	21	22.534	31.831	19.961	
14	23	24.914	30.005	27.3425	
14	25	24.523	27.03	9.01871	
14	29	22.143	28.857	23.5484	
16	4	9.067	29.065	43.6578	
16	6	6.296	27.917	10.4374	
16	11	6.687	30.891	23.7756	
16	12	11.056	24.264	10.3038	
16	13	9.459	32.039	8.24595	
16	14	11.448	27.239	21.5705	
16	16	11.839	30.213	23.6989	
16	24	16.991	29.535	17.6069	
16	26	14.219	28.387	14.3501	
16	28	14.611	31.361	13.8483	
4831	10	12:58:52:851:851:710	179.958
19	2	-12.322	25.829	10.9962	
19	4	-11.931	28.804	12.998	
19	10	-12.714	22.855	21.0371	
19	12	-9.942	24.003	14.9134	
19	14	-9.551	26.977	31.1868	
19	16	-9.159	29.952	31.4198	
19	18	-8.768	32.926	8.46635	
19	20	-5.996	34.074	21.4526	
19	26	-6.779	28.125	12.0368	
19	28	-6.388	31.1	15.4513	
4832	18	12:58:52:859:771:280	390.79
1	19	-3.977	9.601	9.04109	
1	21	-1.205	10.749	9.11592	
3	3	4.338	13.045	24.2837	
3	7	1.958	14.872	17.2692	
3	9	1.566	11.897	10.1373	
7	23	-7.954	19.202	14.4981	
7	29	-10.726	18.054	7.15839	
8	2	-3.194	15.55	53.6895	
8	6	-5.574	17.376	48.7921	
8	8	-5.965	14.402	10.6798	
8	9	-7.562	22.177	8.71983	
8	10	-3.585	12.576	26.7884	
8	11	-5.182	20.351	42.8567	
8	12	-0.814	13.724	38.1417	
8	13	-2.411	21.499	13.8438	
8	14	-0.422	16.698	27.8754	
8	16	-0.031	19.672	16.7488	
8	26	2.349	17.846	11.1503	
4833	4	12:58:52:899:537:310	57.6452
9	4	-26.542	-2.557	8.71583	
9	14	-24.162	-4.384	8.55664	
9	16	-23.77	-1.409	18.5103	
9	28	-20.998	-0.261	21.8625	
4834	9	12:58:52:906:128:560	199.244
8	2	-3.194	15.55	9.47462	
8	11	-5.182	20.351	12.5044	
8	13	-2.411	21.499	24.6856	
8	14	-0.422	16.698	23.4019	
8	16	-0.031	19.672	55.4968	
8	18	0.361	22.647	9.00773	
8	24	5.121	18.994	11.9018	
8	26	2.349	17.846	42.9784	
8	28	2.741	20.82	9.79283	
4842	9	12:58:52:955:990:340	201.511
10	13	19.04	-14.61	12.9869	
10	15	19.432	-11.636	15.4206	
10	16	21.421	-16.437	11.1338	
10	18	21.812	-13.462	65.255	
10	20	24.584	-12.314	21.9384	
10	22	26.964	-14.14	24.4362	
10	25	24.975	-9.34	7.99888	
10	27	22.204	-10.488	19.4069	
10	28	24.192	-15.289	22.9347	
4844	12	12:58:52:969:066:230	241.055
11	5	5.182	-20.351	9.60944	
11	15	7.562	-22.177	18.4095	
11	18	9.942	-24.003	20.6074	
11	24	14.703	-27.656	33.4842	
11	27	10.334	-21.029	9.58141	
11	28	12.322	-25.829	23.5183	
22	3	19.854	-28.334	19.9046	
22	7	17.474	-26.508	11.6906	
22	9	17.083	-29.482	33.8841	
22	11	19.463	-31.308	32.0143	
22	13	22.234	-30.16	17.3719	
22	15	22.626	-27.186	10.9795	
4853	22	12:58:53:049:139:490	943.528
2	24	11.509	-12.106	22.2976	
2	26	8.737	-13.254	14.5768	
10	2	18.257	-20.559	13.5108	
10	3	16.66	-12.784	71.0233	
10	4	18.649	-17.585	35.4654	
10	5	17.052	-9.81	10.5578	
10	6	15.877	-18.733	30.7136	
10	7	14.28	-10.958	39.9742	
10	8	15.486	-21.707	11.266	
10	9	13.889	-13.932	301.889	
10	10	17.866	-23.533	15.3258	
10	11	16.269	-15.758	189.828	
10	12	20.637	-22.385	21.0241	
10	13	19.04	-14.61	30.6993	
10	14	21.029	-19.411	18.0946	
10	15	19.432	-11.636	9.39666	
10	16	21.421	-16.437	7.61088	
11	21	11.117	-15.08	14.222	
11	22	15.094	-24.681	9.05326	
11	23	13.497	-16.906	52.1234	
11	25	13.106	-19.881	8.90762	
11	27	10.334	-21.029	15.969	
4859	17	12:58:53:095:853:370	892.997
13	3	25.336	13.307	86.3837	
13	4	27.325	8.506	84.8801	
13	5	25.728	16.281	67.6676	
13	6	24.553	7.358	7.52249	
13	9	22.565	12.159	9.73723	
13	11	24.945	10.332	88.7414	
13	13	27.716	11.481	193.591	
13	15	28.108	14.455	124.999	
13	16	30.096	9.654	10.9216	
13	17	28.5	17.429	71.8236	
13	18	30.488	12.629	11.6881	
13	19	28.891	20.404	34.6078	
13	27	30.88	15.603	26.6425	
13	29	31.271	18.577	14.3134	
14	24	26.119	19.255	33.8363	
14	26	23.348	18.107	14.8642	
14	28	23.739	21.082	10.7775	
4863	7	12:58:53:125:200:140	143.369
4	14	17.835	-3.861	11.0091	
4	15	16.238	3.914	14.5753	
4	16	18.227	-0.887	22.1924	
4	18	18.618	2.088	34.0616	
4	26	20.607	-2.713	25.5049	
4	27	19.01	5.062	28.4566	
4	28	20.998	0.261	7.56934	
4867	15	12:58:53:173:739:970	282.847
15	2	-24.192	15.289	12.231	
15	6	-26.572	17.115	18.2502	
15	8	-26.964	14.14	15.4691	
15	11	-26.181	20.089	8.72444	
20	16	-32.899	8.87	12.6774	
20	17	-34.496	16.645	21.2215	
20	18	-32.507	11.844	35.4113	
20	19	-34.104	19.619	8.20921	
20	20	-29.735	12.992	22.27	
20	21	-31.332	20.767	8.59545	
20	23	-28.952	18.941	7.63839	
20	25	-29.344	15.967	21.3653	
20	27	-32.116	14.819	61.2163	
20	28	-30.127	10.018	8.44631	
20	29	-31.724	17.793	21.1213	
4872	7	12:58:53:282:745:490	180.498
9	3	-28.53	2.243	9.76321	
9	4	-26.542	-2.557	10.4718	
9	6	-29.313	-3.706	9.7937	
9	11	-28.922	-0.731	89.6947	
9	13	-26.15	0.417	42.3659	
9	15	-25.758	3.391	7.72297	
9	16	-23.77	-1.409	10.6853	
4888	11	12:58:53:449:755:360	306.796
9	5	-28.139	5.217	8.78109	
9	15	-25.758	3.391	45.3549	
9	17	-25.367	6.366	79.3836	
9	18	-23.378	1.565	16.8005	
9	19	-24.975	9.34	21.3824	
9	20	-20.607	2.713	8.98935	
9	25	-20.215	5.687	15.6319	
9	27	-22.987	4.539	56.3498	
9	29	-22.595	7.514	23.2818	
20	22	-27.355	11.166	8.86458	
20	24	-27.747	8.192	21.9762	
4909	21	12:58:53:566:119:940	532.112
7	21	-10.334	21.029	9.05102	
7	23	-7.954	19.202	27.6371	
7	25	-8.346	16.228	8.96218	
7	29	-10.726	18.054	9.83473	
8	2	-3.194	15.55	10.1694	
8	6	-5.574	17.376	17.8861	
8	7	-7.171	25.151	22.5216	
8	8	-5.965	14.402	12.5975	
8	9	-7.562	22.177	32.7679	
8	10	-3.585	12.576	15.0582	
19	3	-13.919	33.604	31.8524	
19	4	-11.931	28.804	35.7057	
19	5	-13.528	36.579	11.0909	
19	11	-14.311	30.63	7.33491	
19	12	-9.942	24.003	44.6141	
19	13	-11.539	31.778	103.016	
19	14	-9.551	26.977	60.6912	
19	15	-11.148	34.752	19.6841	
19	16	-9.159	29.952	31.1647	
19	18	-8.768	32.926	12.8373	
19	26	-6.779	28.125	7.63497	
4911	27	12:58:53:568:996:910	891.728
2	2	3.194	-15.55	164.19	
2	4	3.585	-12.576	32.4754	
2	6	0.814	-13.724	15.1258	
2	8	0.422	-16.698	90.7551	
2	10	2.802	-18.524	65.286	
2	12	5.574	-17.376	22.9186	
2	13	3.977	-9.601	10.512	
2	14	5.965	-14.402	44.8446	
2	16	6.357	-11.428	29.7687	
2	18	6.749	-8.453	9.32465	
2	20	9.52	-7.305	15.385	
2	25	9.912	-4.331	9.39312	
2	26	8.737	-13.254	19.1546	
4	6	12.683	-3.183	24.1467	
4	11	13.075	-0.208	10.1675	
6	15	-7.501	-17.168	24.9068	
6	16	-5.513	-21.968	11.3363	
6	18	-5.121	-18.994	19.8618	
6	20	-2.349	-17.846	16.2581	
6	22	0.031	-19.672	95.8459	
6	23	-1.566	-11.897	10.6678	
6	24	-0.361	-22.647	33.0936	
6	28	-2.741	-20.82	21.2662	
11	3	4.791	-23.325	15.8128	
11	5	5.182	-20.351	28.6626	
11	7	2.411	-21.499	35.5573	
11	17	7.954	-19.202	15.0102	
4914	5	12:58:53:595:190:230	62.4414
6	17	-7.11	-14.193	13.0778	
6	18	-5.121	-18.994	9.26071	
6	20	-2.349	-17.846	7.06322	
6	27	-4.73	-16.02	23.7624	
6	29	-4.338	-13.045	9.27722	
4924	4	12:58:53:672:129:700	52.1145
2	18	6.749	-8.453	15.2525	
2	20	9.52	-7.305	15.0238	
2	22	11.9	-9.131	9.00225	
2	28	9.129	-10.279	12.8359	
4929	5	12:58:53:731:435:440	84.3165
10	2	18.257	-20.559	28.2086	
10	6	15.877	-18.733	16.2778	
10	8	15.486	-21.707	13.711	
10	12	20.637	-22.385	14.2172	
22	5	20.246	-25.36	11.9018	
4931	30	12:58:53:747:576:480	1224.95
7	17	-13.497	16.906	12.985	
7	19	-13.106	19.881	21.4698	
7	21	-10.334	21.029	171.803	
7	23	-7.954	19.202	104.205	
7	25	-8.346	16.228	40.1919	
7	29	-10.726	18.054	42.6279	
8	6	-5.574	17.376	17.5639	
8	8	-5.965	14.402	13.0604	
8	9	-7.562	22.177	31.7259	
8	11	-5.182	20.351	11.5102	
15	19	-22.234	30.16	8.71838	
15	20	-17.866	23.533	7.00081	
15	21	-19.463	31.308	15.2376	
15	22	-15.486	21.707	14.2334	
15	23	-17.083	29.482	62.1112	
15	24	-15.877	18.733	12.3409	
15	25	-17.474	26.508	12.7302	
19	2	-12.322	25.829	165.135	
19	3	-13.919	33.604	9.32794	
19	4	-11.931	28.804	33.5781	
19	6	-14.703	27.656	90.1951	
19	7	-16.299	35.431	12.7526	
19	8	-15.094	24.681	40.7943	
19	9	-16.691	32.456	45.0803	
19	10	-12.714	22.855	110.165	
19	11	-14.311	30.63	32.1488	
19	12	-9.942	24.003	52.0498	
19	13	-11.539	31.778	13.1455	
19	14	-9.551	26.977	12.768	
19	16	-9.159	29.952	8.29073	
4936	42	12:58:53:764:557:800	2380.66
3	17	7.501	17.168	9.26404	
3	19	7.893	20.142	16.9812	
3	21	10.664	21.29	30.7346	
3	23	13.044	19.464	14.5624	
3	27	9.881	15.341	8.82338	
3	29	10.273	18.316	20.08	
8	20	3.133	23.795	17.8839	
8	22	5.513	21.968	10.1529	
8	23	3.916	29.743	11.5116	
8	25	3.524	26.769	23.6199	
8	29	1.144	28.595	13.289	
14	3	16.208	23.586	80.9976	
14	5	16.599	26.561	91.0461	
14	7	13.828	25.413	208.986	
14	9	13.436	22.438	76.7052	
14	11	15.816	20.612	25.3929	
14	13	18.588	21.76	23.171	
14	15	18.979	24.734	58.5675	
14	16	20.968	19.934	7.57009	
14	17	19.371	27.709	15.9711	
14	18	21.359	22.908	24.866	
14	20	24.131	24.056	21.1744	
14	22	26.511	22.23	9.65435	
14	23	24.914	30.005	7.75852	
14	25	24.523	27.03	8.92277	
14	27	21.751	25.882	24.1948	
14	29	22.143	28.857	14.6593	
16	2	8.676	26.091	374.296	
16	4	9.067	29.065	50.5934	
16	6	6.296	27.917	44.3413	
16	8	5.904	24.943	210.057	
16	9	4.307	32.718	10.2104	
16	10	8.284	23.116	159.884	
16	11	6.687	30.891	14.5235	
16	12	11.056	24.264	370.64	
16	13	9.459	32.039	17.7957	
16	14	11.448	27.239	170.233	
16	16	11.839	30.213	13.0657	
16	18	12.231	33.187	9.46408	
16	24	16.991	29.535	12.8493	
16	26	14.219	28.387	34.7129	
16	28	14.611	31.361	11.4552	
4938	11	12:58:53:772:342:060	154.698
1	5	-7.14	5.479	7.22574	
1	7	-9.912	4.331	19.0439	
7	2	-15.064	5.009	19.9396	
7	6	-17.444	6.835	9.55133	
7	8	-17.835	3.861	8.92677	
7	12	-12.683	3.183	7.9155	
7	14	-12.292	6.157	23.2573	
9	23	-19.824	8.662	10.6828	
9	25	-20.215	5.687	20.6507	
9	27	-22.987	4.539	7.82133	
9	29	-22.595	7.514	19.6828	
4946	5	12:58:53:843:059:430	130.355
2	20	9.52	-7.305	13.5431	
2	22	11.9	-9.131	55.2319	
2	28	9.129	-10.279	21.9048	
4	8	12.292	-6.157	28.0834	
4	10	14.672	-7.983	11.592	
4965	8	12:58:54:044:891:570	137.017
6	13	-7.893	-20.142	12.9306	
6	16	-5.513	-21.968	24.5109	
6	24	-0.361	-22.647	20.679	
6	26	-3.133	-23.795	25.0089	
6	28	-2.741	-20.82	13.969	
11	7	2.411	-21.499	11.0545	
11	9	2.019	-24.473	14.4523	
18	21	-0.753	-25.621	14.4115	
4967	13	12:58:54:061:573:030	332.039
6	4	-8.284	-23.116	16.8876	
6	9	-13.044	-19.464	17.2565	
6	11	-10.664	-21.29	15.4874	
6	14	-5.904	-24.943	7.23294	
6	16	-5.513	-21.968	44.6559	
6	22	0.031	-19.672	20.0778	
6	24	-0.361	-22.647	62.1802	
6	26	-3.133	-23.795	61.0232	
6	28	-2.741	-20.82	32.0036	
11	9	2.019	-24.473	17.7736	
18	19	-3.524	-26.769	7.36538	
18	21	-0.753	-25.621	13.0293	
18	23	1.627	-27.447	17.0651	
4972	4	12:58:54:115:837:110	85.9099
6	9	-13.044	-19.464	46.68	
6	11	-10.664	-21.29	12.4955	
6	13	-7.893	-20.142	18.6534	
6	16	-5.513	-21.968	8.08095	
4977	8	12:58:54:153:390:180	112.887
4	21	19.793	11.011	18.0066	
4	23	22.173	9.184	21.6842	
4	25	21.782	6.21	13.4848	
13	6	24.553	7.358	8.53549	
13	8	24.162	4.384	15.4369	
14	2	17.805	15.811	11.7129	
14	10	17.413	12.837	16.6103	
14	12	20.185	13.985	7.41546	
4982	7	12:58:54:180:277:780	187.462
3	24	14.25	8.715	24.2408	
4	5	13.858	5.74	10.3362	
4	13	15.847	0.94	7.05744	
4	15	16.238	3.914	69.8812	
4	17	16.63	6.888	44.3982	
4	18	18.618	2.088	15.8233	
4	19	17.021	9.863	15.7251	
4983	8	12:58:54:180:698:470	162.084
1	2	-5.935	-5.27	7.84727	
1	14	-3.163	-4.122	31.5533	
2	3	1.597	-7.775	19.4691	
2	4	3.585	-12.576	33.5197	
2	7	-0.783	-5.949	16.7696	
2	9	-1.175	-8.923	15.6025	
2	11	1.205	-10.749	29.5189	
2	14	5.965	-14.402	7.80403	
5003	4	12:58:54:330:617:930	51.0099
11	16	9.551	-26.977	9.86479	
11	18	9.942	-24.003	17.6259	
11	20	12.714	-22.855	13.3023	
11	28	12.322	-25.829	10.217	
5006	5	12:58:54:351:621:670	127.602
5	2	-17.805	-15.811	13.4279	
5	12	-15.425	-17.638	22.0422	
6	3	-10.273	-18.316	17.3569	
6	9	-13.044	-19.464	58.0121	
6	11	-10.664	-21.29	16.7633	
5013	14	12:58:54:427:781:620	394.625
13	3	25.336	13.307	14.9919	
13	5	25.728	16.281	55.6469	
13	11	24.945	10.332	9.60844	
13	13	27.716	11.481	13.8082	
13	15	28.108	14.455	12.0181	
13	17	28.5	17.429	21.653	
13	19	28.891	20.404	19.3498	
14	20	24.131	24.056	38.2412	
14	22	26.511	22.23	66.5078	
14	23	24.914	30.005	19.5214	
14	24	26.119	19.255	61.2306	
14	25	24.523	27.03	32.4929	
14	26	23.348	18.107	13.8909	
14	28	23.739	21.082	15.6637	
5031	13	12:58:54:583:803:850	453.421
8	19	-1.236	30.422	107.674	
8	21	1.536	31.57	112.698	
8	23	3.916	29.743	40.3134	
8	29	1.144	28.595	11.1762	
16	3	7.079	33.866	18.7734	
16	7	4.699	35.692	24.1774	
16	9	4.307	32.718	49.0512	
16	11	6.687	30.891	20.1537	
16	13	9.459	32.039	12.3689	
16	18	12.231	33.187	17.999	
16	20	15.002	34.336	10.4638	
19	22	-3.616	32.248	18.1602	
19	24	-4.008	29.274	10.4112	
5059	5	12:58:54:881:637:020	73.2751
3	14	8.706	6.418	11.6273	
3	26	11.478	7.567	15.1741	
4	3	13.467	2.766	17.8863	
4	5	13.858	5.74	12.9061	
4	7	11.087	4.592	15.6813	
5062	13	12:58:54:909:729:620	430.361
3	12	8.315	3.444	7.6413	
3	14	8.706	6.418	15.3793	
3	16	9.098	9.393	13.1032	
3	24	14.25	8.715	34.9068	
3	26	11.478	7.567	71.6475	
3	28	11.87	10.541	15.0356	
4	3	13.467	2.766	7.57948	
4	5	13.858	5.74	62.3279	
4	7	11.087	4.592	152.778	
4	9	10.695	1.618	8.45083	
4	17	16.63	6.888	15.4677	
4	19	17.021	9.863	17.9889	
4	21	19.793	11.011	8.05471	
5069	11	12:58:54:978:794:310	294.136
2	24	11.509	-12.106	11.3986	
10	3	16.66	-12.784	53.9201	
10	4	18.649	-17.585	7.15499	
10	6	15.877	-18.733	11.2027	
10	7	14.28	-10.958	7.38937	
10	9	13.889	-13.932	39.9229	
10	11	16.269	-15.758	59.0203	
10	13	19.04	-14.61	19.1003	
11	21	11.117	-15.08	21.1586	
11	23	13.497	-16.906	53.1653	
11	29	10.726	-18.054	10.7027	
5077	59	12:58:55:048:653:480	4505.07
7	3	-16.66	12.784	32.975	
7	5	-16.269	15.758	33.1948	
7	7	-19.04	14.61	57.3651	
7	9	-19.432	11.636	33.7095	
7	11	-17.052	9.81	31.9501	
7	13	-14.28	10.958	12.5746	
7	15	-13.889	13.932	23.8909	
7	16	-11.9	9.131	16.2381	
7	17	-13.497	16.906	43.4688	
7	18	-11.509	12.106	8.57592	
7	19	-13.106	19.881	28.6996	
7	21	-10.334	21.029	18.9769	
7	27	-11.117	15.08	39.3585	
7	29	-10.726	18.054	29.4719	
9	19	-24.975	9.34	44.3221	
9	21	-22.204	10.488	34.6318	
9	23	-19.824	8.662	33.0471	
9	29	-22.595	7.514	37.4866	
15	2	-24.192	15.289	103.5	
15	3	-25.789	23.063	55.5217	
15	4	-23.801	18.263	400.541	
15	5	-25.398	26.038	74.1899	
15	6	-26.572	17.115	44.2335	
15	7	-28.169	24.89	54.0878	
15	8	-26.964	14.14	29.9143	
15	9	-28.561	21.915	20.7637	
15	10	-24.584	12.314	40.8494	
15	11	-26.181	20.089	73.6079	
15	12	-21.812	13.462	42.8435	
15	13	-23.409	21.237	261.323	
15	14	-21.421	16.437	396.762	
15	15	-23.017	24.212	73.0755	
15	16	-21.029	19.411	1051.62	
15	17	-22.626	27.186	45.1511	
15	18	-20.637	22.385	130.197	
15	19	-22.234	30.16	19.2242	
15	20	-17.866	23.533	50.0616	
15	21	-19.463	31.308	9.81346	
15	22	-15.486	21.707	46.6699	
15	23	-17.083	29.482	31.48	
15	24	-15.877	18.733	65.4695	
15	25	-17.474	26.508	48.5364	
15	26	-18.649	17.585	233.676	
15	27	-20.246	25.36	33.4246	
15	28	-18.257	20.559	128.304	
15	29	-19.854	28.334	45.4678	
19	6	-14.703	27.656	31.8178	
19	8	-15.094	24.681	25.0849	
19	10	-12.714	22.855	37.2609	
19	12	-9.942	24.003	12.0987	
20	17	-34.496	16.645	11.3133	
20	20	-29.735	12.992	46.0585	
20	21	-31.332	20.767	13.438	
20	22	-27.355	11.166	54.7931	
20	23	-28.952	18.941	32.0473	
20	25	-29.344	15.967	32.0837	
20	27	-32.116	14.819	14.308	
20	28	-30.127	10.018	11.5835	
20	29	-31.724	17.793	12.9368	
5100	5	12:58:55:235:353:080	78.0698
7	23	-7.954	19.202	16.5369	
8	6	-5.574	17.376	7.02555	
8	9	-7.562	22.177	25.6659	
8	11	-5.182	20.351	20.9856	
19	12	-9.942	24.003	7.85578	
5112	7	12:58:55:331:833:610	197.771
7	6	-17.444	6.835	18.1411	
9	17	-25.367	6.366	10.0919	
9	21	-22.204	10.488	12.5143	
9	23	-19.824	8.662	8.65518	
9	25	-20.215	5.687	77.1364	
9	27	-22.987	4.539	55.0211	
9	29	-22.595	7.514	16.2113	
5113	14	12:58:55:343:271:830	620.668
4	13	15.847	0.94	8.67477	
4	14	17.835	-3.861	9.23122	
4	16	18.227	-0.887	38.3414	
4	18	18.618	2.088	74.6471	
4	19	17.021	9.863	7.64485	
4	20	21.39	3.236	65.9481	
4	21	19.793	11.011	10.4179	
4	22	23.77	1.409	10.6049	
4	23	22.173	9.184	13.9009	
4	25	21.782	6.21	44.3683	
4	26	20.607	-2.713	108.914	
4	27	19.01	5.062	39.9295	
4	28	20.998	0.261	173.091	
4	29	19.401	8.036	14.9542	
5116	9	12:58:55:395:358:380	144.744
7	16	-11.9	9.131	8.67698	
7	18	-11.509	12.106	19.0105	
7	20	-8.737	13.254	14.9536	
7	23	-7.954	19.202	25.307	
7	25	-8.346	16.228	27.0933	
7	27	-11.117	15.08	12.0778	
8	3	-4.791	23.325	10.911	
8	6	-5.574	17.376	9.82932	
8	11	-5.182	20.351	16.8848	
5142	12	12:58:55:672:106:630	305.923
11	8	3.616	-32.248	10.5537	
11	10	5.996	-34.074	7.60334	
18	18	-1.927	-34.544	14.9108	
18	19	-3.524	-26.769	10.063	
18	20	0.844	-33.396	99.1917	
18	21	-0.753	-25.621	13.9058	
18	22	3.224	-35.222	58.0241	
18	24	2.833	-38.197	9.14832	
18	25	1.236	-30.422	34.6191	
18	27	-1.536	-31.57	8.72777	
18	28	0.453	-36.37	14.8897	
18	29	-1.144	-28.595	24.286	
5147	12	12:58:55:748:569:470	177.655
1	7	-9.912	4.331	7.00251	
1	17	-4.369	6.627	8.95684	
1	19	-3.977	9.601	12.1758	
7	2	-15.064	5.009	7.71533	
7	4	-14.672	7.983	23.2331	
7	6	-17.444	6.835	21.9552	
7	8	-17.835	3.861	13.1932	
7	14	-12.292	6.157	7.508	
7	16	-11.9	9.131	31.6601	
7	24	-6.749	8.453	14.3079	
7	26	-9.52	7.305	18.8881	
7	28	-9.129	10.279	11.0591	
5150	7	12:58:55:769:369:590	138.78
9	2	-26.933	-5.532	25.2459	
9	4	-26.542	-2.557	11.2699	
9	8	-29.705	-6.68	11.5403	
9	10	-27.325	-8.506	46.4372	
9	12	-24.553	-7.358	23.1471	
9	14	-24.162	-4.384	11.4088	
21	21	-24.945	-10.332	9.73124	
5158	13	12:58:55:857:484:440	256.233
7	16	-11.9	9.131	7.37793	
7	18	-11.509	12.106	12.0324	
7	20	-8.737	13.254	46.8571	
7	22	-6.357	11.428	7.55002	
7	23	-7.954	19.202	19.5142	
7	25	-8.346	16.228	54.428	
7	27	-11.117	15.08	13.738	
7	28	-9.129	10.279	22.8328	
7	29	-10.726	18.054	14.0588	
8	6	-5.574	17.376	13.89	
8	7	-7.171	25.151	18.52	
8	9	-7.562	22.177	12.6959	
19	26	-6.779	28.125	12.7379	
5162	17	12:58:55:907:452:890	393.808
3	14	8.706	6.418	12.878	
3	16	9.098	9.393	12.9176	
3	24	14.25	8.715	14.3207	
3	26	11.478	7.567	14.1362	
3	28	11.87	10.541	9.22232	
4	3	13.467	2.766	16.3324	
4	5	13.858	5.74	22.0845	
4	15	16.238	3.914	23.7349	
4	17	16.63	6.888	26.4957	
4	18	18.618	2.088	13.0479	
4	20	21.39	3.236	81.3625	
4	22	23.77	1.409	50.1919	
4	27	19.01	5.062	53.5938	
12	7	26.15	-0.417	8.10399	
13	2	26.933	5.532	10.706	
13	8	24.162	4.384	15.9804	
13	10	26.542	2.558	8.6988	
5165	5	12:58:55:930:567:440	83.2369
6	8	-11.448	-27.239	16.174	
6	10	-9.067	-29.065	15.941	
18	5	-6.687	-30.891	22.0126	
18	15	-4.307	-32.718	18.7342	
18	17	-3.916	-29.743	10.3751	
5171	5	12:58:55:963:797:690	93.6665
7	4	-14.672	7.983	11.6165	
7	13	-14.28	10.958	18.2904	
7	16	-11.9	9.131	43.8512	
7	26	-9.52	7.305	9.12159	
7	28	-9.129	10.279	10.7869	
5176	4	12:58:55:998:891:350	74.4808
8	14	-0.422	16.698	9.88156	
8	16	-0.031	19.672	31.8857	
8	24	5.121	18.994	12.0959	
8	26	2.349	17.846	20.6176	
5191	22	12:58:56:127:267:010	417.867
6	3	-10.273	-18.316	15.1779	
6	4	-8.284	-23.116	7.67985	
6	6	-11.056	-24.264	10.5396	
6	7	-12.653	-16.49	9.52845	
6	9	-13.044	-19.464	28.35	
6	11	-10.664	-21.29	20.8992	
6	13	-7.893	-20.142	11.5542	
6	15	-7.501	-17.168	8.74652	
17	3	-22.143	-28.857	35.8091	
17	5	-21.751	-25.882	12.7024	
17	7	-24.523	-27.03	8.34795	
17	9	-24.914	-30.005	37.1434	
17	11	-22.534	-31.831	33.0362	
17	13	-19.762	-30.683	27.4518	
17	14	-13.828	-25.413	16.0653	
17	15	-19.371	-27.709	39.334	
17	17	-18.979	-24.734	23.9593	
17	18	-16.991	-29.535	12.4191	
17	20	-14.219	-28.387	10.8115	
17	21	-15.816	-20.612	10.026	
17	23	-13.436	-22.438	21.9061	
17	27	-16.599	-26.561	16.3789	
5198	4	12:58:56:189:525:250	61.0921
2	17	4.76	-3.653	17.6975	
2	19	5.152	-0.678	7.97066	
2	20	9.52	-7.305	13.7959	
2	27	7.14	-5.479	21.628	
5210	4	12:58:56:267:773:090	60.4145
8	2	-3.194	15.55	14.7804	
8	8	-5.965	14.402	16.3007	
8	10	-3.585	12.576	13.6413	
8	12	-0.814	13.724	15.692	
5212	9	12:58:56:307:071:910	218.851
1	2	-5.935	-5.27	64.5666	
1	4	-5.543	-2.296	26.0949	
1	6	-8.315	-3.444	13.7902	
1	8	-8.706	-6.418	16.7325	
1	10	-6.326	-8.245	7.66227	
1	11	-7.923	-0.47	14.0866	
1	12	-3.555	-7.097	16.2059	
1	14	-3.163	-4.122	31.8197	
1	16	-2.772	-1.148	27.8918	
5231	13	12:58:56:472:668:030	308.364
8	3	-4.791	23.325	32.1103	
8	5	-4.399	26.299	7.23228	
8	7	-7.171	25.151	31.3517	
8	9	-7.562	22.177	13.0797	
8	13	-2.411	21.499	26.5383	
8	16	-0.031	19.672	7.1693	
19	2	-12.322	25.829	11.4224	
19	4	-11.931	28.804	43.4426	
19	9	-16.691	32.456	15.5854	
19	11	-14.311	30.63	31.4075	
19	12	-9.942	24.003	17.896	
19	14	-9.551	26.977	56.2483	
19	26	-6.779	28.125	14.8804	
5241	27	12:58:56:545:570:880	710.773
3	14	8.706	6.418	9.90762	
3	15	7.11	14.193	16.9911	
3	18	9.49	12.367	13.635	
3	20	12.261	13.515	30.3673	
3	22	14.641	11.689	15.8259	
3	23	13.044	19.464	35.3605	
3	25	12.653	16.49	34.4119	
3	26	11.478	7.567	15.3888	
3	27	9.881	15.341	9.2732	
3	28	11.87	10.541	8.86348	
3	29	10.273	18.316	8.6109	
13	7	22.956	15.133	12.5757	
13	9	22.565	12.159	8.07572	
13	11	24.945	10.332	19.2169	
14	2	17.805	15.811	39.3525	
14	3	16.208	23.586	13.3267	
14	4	18.196	18.786	31.0957	
14	6	15.425	17.638	95.5573	
14	7	13.828	25.413	7.66977	
14	8	15.033	14.663	155.762	
14	9	13.436	22.438	16.0074	
14	10	17.413	12.837	15.0644	
14	11	15.816	20.612	37.8386	
14	13	18.588	21.76	17.9724	
14	14	20.576	16.959	17.687	
14	15	18.979	24.734	9.53579	
14	16	20.968	19.934	15.399	
5254	4	12:58:56:699:519:750	67.0371
4	22	23.77	1.409	13.8324	
4	24	23.378	-1.565	35.9356	
4	26	20.607	-2.713	8.91908	
4	28	20.998	0.261	8.35004	
5257	7	12:58:56:729:642:500	135.586
7	4	-14.672	7.983	10.3598	
7	9	-19.432	11.636	10.1866	
7	11	-17.052	9.81	21.2347	
9	17	-25.367	6.366	12.5127	
9	19	-24.975	9.34	9.31219	
9	23	-19.824	8.662	37.0418	
9	29	-22.595	7.514	34.9386	
5277	19	12:58:56:868:642:950	510.311
4	17	16.63	6.888	14.2862	
4	18	18.618	2.088	9.22726	
4	19	17.021	9.863	9.24696	
4	20	21.39	3.236	20.4042	
4	21	19.793	11.011	54.3859	
4	22	23.77	1.409	13.6019	
4	23	22.173	9.184	50.7673	
4	25	21.782	6.21	77.4222	
4	27	19.01	5.062	9.4748	
4	28	20.998	0.261	11.7783	
4	29	19.401	8.036	32.7206	
13	2	26.933	5.532	11.7556	
13	6	24.553	7.358	38.0627	
13	8	24.162	4.384	47.1441	
14	2	17.805	15.811	29.3537	
14	6	15.425	17.638	12.6548	
14	8	15.033	14.663	15.1871	
14	10	17.413	12.837	27.0978	
14	12	20.185	13.985	25.7399	
5286	5	12:58:56:948:433:950	82.1415
1	22	2.772	1.148	16.5755	
1	24	2.38	-1.826	10.4242	
1	28	0	0	9.55852	
3	8	3.163	4.122	33.7167	
3	10	5.543	2.296	11.8665	
5293	8	12:58:57:002:386:550	170.051
11	3	4.791	-23.325	7.03651	
11	6	4.008	-29.274	10.6776	
11	9	2.019	-24.473	14.6318	
11	11	4.399	-26.299	35.4342	
18	17	-3.916	-29.743	7.37787	
18	19	-3.524	-26.769	11.6088	
18	23	1.627	-27.447	48.1128	
18	29	-1.144	-28.595	35.1716	
5306	14	12:58:57:130:932:270	353.315
1	8	-8.706	-6.418	13.8004	
5	4	-17.413	-12.837	13.2436	
5	13	-17.021	-9.863	30.2493	
5	14	-15.033	-14.663	19.6602	
5	16	-14.641	-11.689	17.3253	
5	18	-14.25	-8.715	11.9941	
5	20	-11.478	-7.567	20.015	
5	24	-9.49	-12.367	12.0583	
5	26	-12.261	-13.515	41.7762	
5	28	-11.87	-10.541	9.76348	
6	3	-10.273	-18.316	51.5823	
6	5	-9.881	-15.341	53.108	
6	7	-12.653	-16.49	49.9509	
6	15	-7.501	-17.168	8.78817	
5324	4	12:58:57:289:033:070	44.6659
15	13	-23.409	21.237	8.94748	
15	15	-23.017	24.212	14.5864	
15	18	-20.637	22.385	13.8961	
15	27	-20.246	25.36	7.23587	
5366	10	12:58:57:722:032:730	371.23
6	3	-10.273	-18.316	70.8552	
6	7	-12.653	-16.49	9.31857	
6	8	-11.448	-27.239	9.62148	
6	9	-13.044	-19.464	133.011	
6	11	-10.664	-21.29	33.5267	
17	12	-16.208	-23.586	13.4041	
17	14	-13.828	-25.413	29.7691	
17	20	-14.219	-28.387	13.7365	
17	23	-13.436	-22.438	46.337	
17	27	-16.599	-26.561	11.6502	
5380	7	12:58:57:888:354:020	204.971
19	2	-12.322	25.829	12.147	
19	4	-11.931	28.804	36.9436	
19	13	-11.539	31.778	9.40806	
19	14	-9.551	26.977	47.0605	
19	16	-9.159	29.952	49.9145	
19	24	-4.008	29.274	13.5431	
19	26	-6.779	28.125	35.9545	
5383	11	12:58:57:913:175:500	161.859
11	4	6.779	-28.125	7.64082	
11	11	4.399	-26.299	31.0187	
11	13	7.171	-25.151	18.6098	
11	18	9.942	-24.003	8.35986	
18	5	-6.687	-30.891	10.7276	
18	7	-9.459	-32.039	14.193	
18	15	-4.307	-32.718	11.4521	
18	17	-3.916	-29.743	19.9268	
18	19	-3.524	-26.769	8.33531	
18	23	1.627	-27.447	14.5546	
18	29	-1.144	-28.595	17.0399	
5384	18	12:58:57:929:078:450	590.388
1	20	0.392	2.974	65.5081	
1	22	2.772	1.148	39.3369	
1	25	0.783	5.949	19.2693	
1	27	-1.988	4.801	8.16225	
1	28	0	0	9.81988	
2	19	5.152	-0.678	25.0801	
2	21	7.923	0.47	47.7852	
2	23	10.303	-1.356	31.0522	
2	29	7.532	-2.505	15.1892	
3	2	5.935	5.27	23.0014	
3	8	3.163	4.122	115.887	
3	10	5.543	2.296	110.504	
3	12	8.315	3.444	17.8698	
3	14	8.706	6.418	10.9238	
4	4	15.455	-2.035	7.66754	
4	6	12.683	-3.183	20.3941	
4	9	10.695	1.618	11.1251	
4	11	13.075	-0.208	11.8122	
5395	21	12:58:58:069:746:190	1459.24
13	3	25.336	13.307	19.3187	
13	5	25.728	16.281	29.1716	
13	7	22.956	15.133	9.33963	
13	15	28.108	14.455	23.8864	
13	16	30.096	9.654	14.4135	
13	17	28.5	17.429	24.8662	
13	18	30.488	12.629	15.9902	
13	19	28.891	20.404	30.0954	
13	20	33.26	13.777	134.436	
13	21	31.663	21.552	63.6404	
13	22	35.64	11.95	37.592	
13	23	34.043	19.725	381.114	
13	24	35.248	8.976	14.3215	
13	25	33.651	16.751	485.708	
13	27	30.88	15.603	46.0257	
13	28	32.868	10.802	17.1713	
13	29	31.271	18.577	58.2787	
14	20	24.131	24.056	11.2399	
14	22	26.511	22.23	17.6823	
14	24	26.119	19.255	12.8528	
14	26	23.348	18.107	12.0919	
5396	4	12:58:58:086:185:680	49.2149
3	15	7.11	14.193	11.5731	
3	17	7.501	17.168	14.1418	
3	20	12.261	13.515	9.34797	
3	27	9.881	15.341	14.152	
5398	9	12:58:58:094:996:050	206.937
1	3	-7.532	2.505	53.7665	
1	5	-7.14	5.479	20.3337	
1	7	-9.912	4.331	12.7453	
1	9	-10.303	1.356	55.7266	
1	15	-4.76	3.653	8.8298	
1	17	-4.369	6.627	21.5716	
1	27	-1.988	4.801	12.6968	
5	21	-13.075	0.208	11.7344	
5	23	-10.695	-1.618	9.532	
5410	8	12:58:58:206:996:830	183.698
9	5	-28.139	5.217	13.9699	
9	7	-30.91	4.069	10.8231	
20	14	-33.29	5.896	7.53569	
20	16	-32.899	8.87	34.4595	
20	18	-32.507	11.844	8.28987	
20	24	-27.747	8.192	7.10056	
20	26	-30.519	7.044	76.4221	
20	28	-30.127	10.018	25.0976	
5414	14	12:58:58:309:475:010	331.323
5	7	-21.782	-6.21	12.5076	
5	9	-22.173	-9.184	39.8138	
9	10	-27.325	-8.506	7.55264	
9	12	-24.553	-7.358	52.5528	
21	3	-31.271	-18.577	23.163	
21	9	-34.043	-19.725	7.28136	
21	11	-31.663	-21.552	8.17147	
21	15	-28.5	-17.429	25.949	
21	17	-28.108	-14.455	27.5526	
21	18	-26.119	-19.255	8.88101	
21	19	-27.716	-11.481	28.3119	
21	21	-24.945	-10.332	66.1905	
21	23	-22.565	-12.159	10.8861	
21	29	-25.336	-13.307	12.5094	
5417	38	12:58:58:318:560:320	946.036
4	16	18.227	-0.887	7.48699	
4	20	21.39	3.236	18.8151	
4	22	23.77	1.409	32.1768	
4	23	22.173	9.184	33.8235	
4	24	23.378	-1.565	18.7564	
4	25	21.782	6.21	27.2899	
4	26	20.607	-2.713	7.39184	
4	27	19.01	5.062	9.79707	
4	28	20.998	0.261	19.0422	
4	29	19.401	8.036	15.8806	
10	19	20.215	-5.687	12.8879	
10	21	22.987	-4.539	20.0694	
10	23	25.367	-6.366	9.14512	
10	29	22.595	-7.514	14.0932	
12	2	30.127	-10.018	15.6933	
12	3	28.53	-2.243	28.4361	
12	4	30.519	-7.044	12.5001	
12	5	28.922	0.731	93.5028	
12	7	26.15	-0.417	73.5523	
12	9	25.758	-3.391	24.87	
12	11	28.139	-5.217	12.5419	
12	13	30.91	-4.069	7.81697	
12	15	31.302	-1.095	21.259	
12	17	31.693	1.879	24.7301	
12	19	32.085	4.854	13.5118	
12	27	34.073	0.053	11.2964	
12	29	34.465	3.027	9.01399	
13	2	26.933	5.532	50.8011	
13	4	27.325	8.506	30.4825	
13	6	24.553	7.358	27.8576	
13	8	24.162	4.384	41.3462	
13	9	22.565	12.159	14.6445	
13	10	26.542	2.558	73.2395	
13	11	24.945	10.332	27.7707	
13	12	29.313	3.706	35.2559	
13	13	27.716	11.481	13.7279	
13	14	29.705	6.68	9.41429	
13	16	30.096	9.654	26.1152	
5421	4	12:58:58:420:922:620	59.9444
5	3	-19.401	-8.036	25.1096	
5	5	-19.01	-5.062	15.9904	
5	11	-19.793	-11.011	10.3425	
5	13	-17.021	-9.863	8.50192	
5443	5	12:58:58:642:049:540	67.2862
7	19	-13.106	19.881	10.6251	
7	21	-10.334	21.029	15.6795	
7	29	-10.726	18.054	8.67391	
19	2	-12.322	25.829	8.82256	
19	10	-12.714	22.855	23.4852	
5445	4	12:58:58:656:082:980	114.229
2	14	5.965	-14.402	16.5079	
11	19	8.346	-16.228	41.5132	
11	25	13.106	-19.881	21.3743	
11	29	10.726	-18.054	34.8332	
5446	35	12:58:58:656:783:170	883.876
4	16	18.227	-0.887	8.72922	
4	18	18.618	2.088	9.87605	
4	19	17.021	9.863	14.6105	
4	20	21.39	3.236	65.1217	
4	21	19.793	11.011	62.8067	
4	22	23.77	1.409	10.1438	
4	23	22.173	9.184	40.5818	
4	24	23.378	-1.565	10.8698	
4	25	21.782	6.21	51.4843	
4	26	20.607	-2.713	30.2699	
4	27	19.01	5.062	30.358	
4	28	20.998	0.261	39.0008	
4	29	19.401	8.036	53.9278	
13	3	25.336	13.307	12.9803	
13	6	24.553	7.358	10.1488	
13	7	22.956	15.133	9.38059	
13	9	22.565	12.159	14.1422	
14	2	17.805	15.811	34.2459	
14	3	16.208	23.586	21.4664	
14	4	18.196	18.786	52.5235	
14	5	16.599	26.561	19.3328	
14	8	15.033	14.663	8.7258	
14	10	17.413	12.837	19.6716	
14	11	15.816	20.612	13.3931	
14	12	20.185	13.985	58.9612	
14	13	18.588	21.76	27.8944	
14	14	20.576	16.959	20.226	
14	15	18.979	24.734	22.0943	
14	16	20.968	19.934	18.2459	
14	18	21.359	22.908	16.5983	
14	19	19.762	30.683	17.1792	
16	22	17.382	32.509	10.9327	
16	24	16.991	29.535	18.1626	
16	26	14.219	28.387	11.2507	
16	28	14.611	31.361	18.5389	
5449	9	12:58:58:679:195:960	297.907
2	24	11.509	-12.106	42.1593	
10	3	16.66	-12.784	12.5512	
10	5	17.052	-9.81	29.6038	
10	7	14.28	-10.958	98.3145	
10	9	13.889	-13.932	47.2503	
11	19	8.346	-16.228	8.45106	
11	21	11.117	-15.08	31.5829	
11	23	13.497	-16.906	14.3901	
11	29	10.726	-18.054	13.6036	
5461	5	12:58:58:740:785:110	81.5571
7	3	-16.66	12.784	23.6573	
7	7	-19.04	14.61	10.9251	
7	13	-14.28	10.958	22.0137	
7	15	-13.889	13.932	11.0212	
7	16	-11.9	9.131	13.9398	
5470	8	12:58:58:806:572:070	140.236
5	8	-20.576	-16.959	27.2877	
5	10	-18.196	-18.786	16.1404	
17	12	-16.208	-23.586	10.4918	
17	17	-18.979	-24.734	15.1489	
17	19	-18.588	-21.76	32.7248	
17	21	-15.816	-20.612	9.91166	
21	22	-20.968	-19.934	15.3339	
21	24	-21.359	-22.908	13.1968	
5475	5	12:58:58:823:691:430	80.8781
1	4	-5.543	-2.296	9.77548	
1	7	-9.912	4.331	8.41042	
1	9	-10.303	1.356	37.7319	
1	11	-7.923	-0.47	15.2298	
7	12	-12.683	3.183	9.73052	
5480	14	12:58:58:872:569:480	299.5
5	2	-17.805	-15.811	57.3161	
5	8	-20.576	-16.959	49.4835	
5	10	-18.196	-18.786	11.3439	
5	14	-15.033	-14.663	11.1291	
21	16	-26.511	-22.23	7.97035	
21	18	-26.119	-19.255	7.66848	
21	20	-23.348	-18.107	10.7637	
21	22	-20.968	-19.934	47.4866	
21	24	-21.359	-22.908	10.8715	
21	25	-22.956	-15.133	11.8215	
21	26	-24.131	-24.056	12.6107	
21	27	-25.728	-16.281	7.14974	
21	28	-23.739	-21.082	33.9953	
21	29	-25.336	-13.307	19.8898	
5482	26	12:58:58:902:330:200	947.346
7	5	-16.269	15.758	19.8285	
7	17	-13.497	16.906	71.8266	
7	18	-11.509	12.106	12.1302	
7	19	-13.106	19.881	41.2336	
7	20	-8.737	13.254	26.9665	
7	22	-6.357	11.428	7.55002	
7	25	-8.346	16.228	14.5463	
7	27	-11.117	15.08	32.9127	
7	29	-10.726	18.054	30.923	
15	4	-23.801	18.263	13.364	
15	13	-23.409	21.237	24.4022	
15	15	-23.017	24.212	13.9413	
15	16	-21.029	19.411	20.3196	
15	17	-22.626	27.186	11.7589	
15	18	-20.637	22.385	44.0102	
15	20	-17.866	23.533	119.085	
15	22	-15.486	21.707	143.958	
15	24	-15.877	18.733	71.9537	
15	25	-17.474	26.508	26.6324	
15	26	-18.649	17.585	10.4465	
15	27	-20.246	25.36	58.6583	
15	28	-18.257	20.559	75.6544	
15	29	-19.854	28.334	11.3175	
19	6	-14.703	27.656	11.1407	
19	8	-15.094	24.681	21.2514	
19	10	-12.714	22.855	11.5351	
5486	4	12:58:58:930:132:360	48.5885
18	18	-1.927	-34.544	7.95038	
18	20	0.844	-33.396	9.49527	
18	27	-1.536	-31.57	17.6432	
18	29	-1.144	-28.595	13.4996	
5487	4	12:58:58:931:127:450	81.4802
5	13	-17.021	-9.863	17.0768	
5	16	-14.641	-11.689	29.7583	
5	18	-14.25	-8.715	20.8882	
5	26	-12.261	-13.515	13.7568	
5495	13	12:58:59:034:669:110	429.094
8	5	-4.399	26.299	101.022	
8	7	-7.171	25.151	51.2606	
8	15	-2.019	24.473	15.8753	
8	17	-1.627	27.447	45.2547	
8	19	-1.236	30.422	16.8348	
8	29	1.144	28.595	10.7782	
19	2	-12.322	25.829	21.2679	
19	4	-11.931	28.804	16.9051	
19	12	-9.942	24.003	17.77	
19	14	-9.551	26.977	44.5155	
19	24	-4.008	29.274	26.5783	
19	26	-6.779	28.125	52.7047	
19	28	-6.388	31.1	8.3263	
5504	18	12:58:59:096:711:830	812.263
12	19	32.085	4.854	24.2844	
12	21	34.857	6.002	7.37379	
12	29	34.465	3.027	12.6703	
13	3	25.336	13.307	228.315	
13	4	27.325	8.506	41.7181	
13	5	25.728	16.281	57.8938	
13	6	24.553	7.358	9.92368	
13	7	22.956	15.133	61.322	
13	11	24.945	10.332	21.5214	
13	12	29.313	3.706	9.2403	
13	13	27.716	11.481	128.96	
13	14	29.705	6.68	49.341	
13	15	28.108	14.455	24.5977	
13	16	30.096	9.654	60.5144	
13	18	30.488	12.629	24.7849	
13	22	35.64	11.95	8.41812	
13	26	32.477	7.828	24.6357	
13	28	32.868	10.802	16.7487	
5511	22	12:58:59:167:490:500	1386.67
1	25	0.783	5.949	16.3704	
3	2	5.935	5.27	38.4562	
3	4	6.326	8.245	415.517	
3	6	3.555	7.097	370.093	
3	8	3.163	4.122	12.9983	
3	11	3.946	10.071	30.2556	
3	13	6.718	11.219	21.7396	
3	14	8.706	6.418	76.7401	
3	16	9.098	9.393	106.151	
3	18	9.49	12.367	13.7814	
3	22	14.641	11.689	16.4245	
3	24	14.25	8.715	56.276	
3	26	11.478	7.567	64.5972	
3	28	11.87	10.541	36.9611	
4	3	13.467	2.766	9.00658	
4	5	13.858	5.74	14.3464	
4	7	11.087	4.592	15.54	
4	19	17.021	9.863	25.7208	
4	21	19.793	11.011	15.943	
4	23	22.173	9.184	10.2495	
4	29	19.401	8.036	10.19	
13	9	22.565	12.159	9.3122	
5518	6	12:58:59:225:480:230	70.2957
3	5	4.73	16.02	7.66087	
3	15	7.11	14.193	9.26246	
3	17	7.501	17.168	14.9359	
3	19	7.893	20.142	10.9719	
3	21	10.664	21.29	10.6046	
3	29	10.273	18.316	16.86	
5526	5	12:58:59:294:927:310	89.2012
14	3	16.208	23.586	15.4654	
14	5	16.599	26.561	9.29973	
14	7	13.828	25.413	28.2103	
14	9	13.436	22.438	23.4272	
14	11	15.816	20.612	12.7986	
5532	8	12:58:59:347:252:030	194.526
15	20	-17.866	23.533	8.05679	
15	23	-17.083	29.482	12.1911	
15	25	-17.474	26.508	20.0046	
15	27	-20.246	25.36	10.8354	
19	2	-12.322	25.829	74.2885	
19	4	-11.931	28.804	7.4661	
19	6	-14.703	27.656	28.4311	
19	8	-15.094	24.681	33.2521	
5548	9	12:58:59:569:407:800	232.39
12	5	28.922	0.731	64.9896	
12	15	31.302	-1.095	36.0525	
12	17	31.693	1.879	15.4862	
13	2	26.933	5.532	12.7213	
13	4	27.325	8.506	10.7015	
13	6	24.553	7.358	14.2008	
13	10	26.542	2.558	37.3003	
13	12	29.313	3.706	33.7092	
13	14	29.705	6.68	7.22883	
5550	12	12:58:59:573:417:830	202.068
11	18	9.942	-24.003	9.06139	
11	20	12.714	-22.855	24.1536	
11	22	15.094	-24.681	30.1332	
11	24	14.703	-27.656	8.03098	
11	27	10.334	-21.029	8.44989	
11	28	12.322	-25.829	7.35749	
22	3	19.854	-28.334	34.3559	
22	5	20.246	-25.36	8.60641	
22	7	17.474	-26.508	34.9067	
22	9	17.083	-29.482	12.8106	
22	13	22.234	-30.16	13.4414	
22	15	22.626	-27.186	10.7605	
5551	15	12:58:59:576:785:250	728.33
3	3	4.338	13.045	13.2362	
3	5	4.73	16.02	35.7872	
3	7	1.958	14.872	103.127	
3	13	6.718	11.219	9.32718	
3	15	7.11	14.193	18.6245	
3	18	9.49	12.367	9.71834	
3	27	9.881	15.341	11.6261	
8	2	-3.194	15.55	220.538	
8	6	-5.574	17.376	94.1615	
8	8	-5.965	14.402	11.2088	
8	10	-3.585	12.576	9.75323	
8	12	-0.814	13.724	39.3112	
8	14	-0.422	16.698	127.878	
8	16	-0.031	19.672	10.1475	
8	26	2.349	17.846	13.8853	
5557	18	12:58:59:626:913:890	438.378
9	19	-24.975	9.34	11.7781	
9	21	-22.204	10.488	15.9942	
9	23	-19.824	8.662	8.74597	
9	29	-22.595	7.514	12.8034	
15	2	-24.192	15.289	17.4777	
15	6	-26.572	17.115	30.2366	
15	8	-26.964	14.14	36.314	
15	9	-28.561	21.915	19.8871	
15	10	-24.584	12.314	31.2835	
15	11	-26.181	20.089	17.4489	
15	12	-21.812	13.462	7.74792	
20	17	-34.496	16.645	9.04347	
20	19	-34.104	19.619	14.0681	
20	21	-31.332	20.767	71.133	
20	22	-27.355	11.166	13.9157	
20	23	-28.952	18.941	52.9256	
20	25	-29.344	15.967	32.0837	
20	29	-31.724	17.793	35.4914	
5563	22	12:58:59:727:394:830	1452.49
5	19	-15.847	-0.94	14.0842	
5	21	-13.075	0.208	14.5016	
5	29	-13.467	-2.766	7.60244	
7	2	-15.064	5.009	327.033	
7	4	-14.672	7.983	49.8967	
7	6	-17.444	6.835	32.0514	
7	8	-17.835	3.861	226.502	
7	10	-15.455	2.035	157.089	
7	12	-12.683	3.183	83.306	
7	13	-14.28	10.958	23.6468	
7	14	-12.292	6.157	198.892	
7	16	-11.9	9.131	30.8274	
7	20	-8.737	13.254	8.92941	
7	22	-6.357	11.428	9.46545	
7	24	-6.749	8.453	15.0433	
7	26	-9.52	7.305	88.6465	
7	28	-9.129	10.279	21.9821	
9	20	-20.607	2.713	27.6693	
9	22	-18.227	0.887	79.2598	
9	23	-19.824	8.662	7.89861	
9	25	-20.215	5.687	14.7048	
9	28	-20.998	-0.261	13.4538	
5580	13	12:58:59:880:748:590	191.418
1	3	-7.532	2.505	13.2206	
1	5	-7.14	5.479	18.9176	
1	7	-9.912	4.331	17.3395	
1	15	-4.76	3.653	20.9392	
1	17	-4.369	6.627	12.4439	
1	23	1.175	8.923	14.4075	
1	25	0.783	5.949	19.815	
1	27	-1.988	4.801	7.25533	
1	29	-1.597	7.775	9.65793	
3	6	3.555	7.097	34.8344	
3	11	3.946	10.071	12.9614	
7	12	-12.683	3.183	12.8228	
7	26	-9.52	7.305	11.21	
5608	4	12:59:00:187:404:580	43.2382
10	3	16.66	-12.784	7.93238	
10	9	13.889	-13.932	8.70747	
10	11	16.269	-15.758	15.5941	
10	13	19.04	-14.61	11.0042	
5609	5	12:59:00:220:176:880	65.0482
5	2	-17.805	-15.811	11.7097	
5	3	-19.401	-8.036	9.82551	
5	4	-17.413	-12.837	19.7569	
5	13	-17.021	-9.863	16.3835	
5	14	-15.033	-14.663	7.37257	
5619	7	12:59:00:299:304:530	120.426
5	21	-13.075	0.208	14.5016	
7	2	-15.064	5.009	27.3544	
7	4	-14.672	7.983	8.32178	
7	6	-17.444	6.835	12.4039	
7	10	-15.455	2.035	27.9741	
7	12	-12.683	3.183	19.8476	
7	14	-12.292	6.157	10.0223	
5621	5	12:59:00:305:946:100	75.9142
8	2	-3.194	15.55	33.856	
8	8	-5.965	14.402	11.5064	
8	10	-3.585	12.576	11.7302	
8	12	-0.814	13.724	9.94152	
8	14	-0.422	16.698	8.88005	
5662	4	12:59:00:683:761:640	51.7624
2	3	1.597	-7.775	10.0634	
2	9	-1.175	-8.923	16.3026	
2	11	1.205	-10.749	10.7455	
6	23	-1.566	-11.897	14.6509	
5674	38	12:59:00:787:148:890	1154.61
7	4	-14.672	7.983	20.7535	
7	6	-17.444	6.835	12.3398	
7	11	-17.052	9.81	9.40861	
7	13	-14.28	10.958	7.51211	
7	15	-13.889	13.932	9.1727	
7	16	-11.9	9.131	8.24396	
7	18	-11.509	12.106	26.5429	
7	20	-8.737	13.254	13.5991	
7	23	-7.954	19.202	21.2294	
7	25	-8.346	16.228	29.7131	
7	27	-11.117	15.08	25.36	
7	29	-10.726	18.054	9.15758	
8	2	-3.194	15.55	9.47462	
8	3	-4.791	23.325	71.5144	
8	5	-4.399	26.299	37.9475	
8	6	-5.574	17.376	18.7563	
8	7	-7.171	25.151	14.8821	
8	8	-5.965	14.402	12.333	
8	9	-7.562	22.177	17.851	
8	11	-5.182	20.351	49.6292	
8	13	-2.411	21.499	14.2898	
8	15	-2.019	24.473	60.7989	
8	17	-1.627	27.447	124.189	
8	18	0.361	22.647	7.97087	
8	19	-1.236	30.422	99.8504	
8	21	1.536	31.57	109.801	
8	23	3.916	29.743	14.1576	
8	25	3.524	26.769	10.7033	
8	27	0.753	25.621	27.9875	
8	29	1.144	28.595	44.5824	
16	5	7.471	36.84	9.64861	
16	7	4.699	35.692	111.129	
16	9	4.307	32.718	50.224	
16	11	6.687	30.891	7.81761	
19	12	-9.942	24.003	7.39367	
19	22	-3.616	32.248	8.57508	
19	24	-4.008	29.274	12.8659	
19	26	-6.779	28.125	7.20648	
5679	21	12:59:00:865:352:790	477.129
3	5	4.73	16.02	10.7617	
8	3	-4.791	23.325	54.3474	
8	5	-4.399	26.299	10.0725	
8	7	-7.171	25.151	47.8543	
8	9	-7.562	22.177	17.3574	
8	11	-5.182	20.351	15.6421	
8	13	-2.411	21.499	59.0635	
8	14	-0.422	16.698	15.8239	
8	16	-0.031	19.672	40.452	
8	18	0.361	22.647	13.3172	
8	22	5.513	21.968	8.01716	
8	24	5.121	18.994	37.0638	
8	26	2.349	17.846	44.8118	
8	28	2.741	20.82	22.5815	
15	23	-17.083	29.482	9.80703	
19	2	-12.322	25.829	11.9765	
19	4	-11.931	28.804	13.3848	
19	6	-14.703	27.656	14.3938	
19	11	-14.311	30.63	8.27128	
19	12	-9.942	24.003	8.02381	
19	14	-9.551	26.977	14.1052	
5681	5	12:59:00:881:161:030	63.1646
11	20	12.714	-22.855	16.5387	
11	22	15.094	-24.681	10.9172	
11	25	13.106	-19.881	10.1945	
11	26	11.931	-28.804	10.5744	
11	28	12.322	-25.829	14.9399	
5684	24	12:59:00:888:567:040	902.35
2	16	6.357	-11.428	7.68005	
2	18	6.749	-8.453	20.3144	
2	20	9.52	-7.305	14.0487	
2	22	11.9	-9.131	36.5505	
2	27	7.14	-5.479	8.98915	
2	28	9.129	-10.279	20.4399	
4	2	15.064	-5.009	37.8514	
4	4	15.455	-2.035	11.8529	
4	6	12.683	-3.183	10.4418	
4	8	12.292	-6.157	35.5843	
4	10	14.672	-7.983	97.261	
4	12	17.444	-6.835	215.001	
4	14	17.835	-3.861	27.044	
4	26	20.607	-2.713	13.7757	
10	3	16.66	-12.784	15.2288	
10	5	17.052	-9.81	41.5358	
10	7	14.28	-10.958	21.7449	
10	9	13.889	-13.932	9.43035	
10	15	19.432	-11.636	7.73381	
10	17	19.824	-8.662	86.6557	
10	19	20.215	-5.687	103.101	
10	21	22.987	-4.539	10.3853	
10	27	22.204	-10.488	9.89842	
10	29	22.595	-7.514	39.8009	
5703	15	12:59:01:009:699:640	197.325
7	3	-16.66	12.784	11.0723	
7	5	-16.269	15.758	16.3593	
7	7	-19.04	14.61	14.3413	
7	9	-19.432	11.636	14.4421	
7	15	-13.889	13.932	8.75418	
7	17	-13.497	16.906	17.7604	
7	29	-10.726	18.054	9.15758	
9	19	-24.975	9.34	16.9372	
9	21	-22.204	10.488	20.0095	
9	29	-22.595	7.514	8.88594	
15	10	-24.584	12.314	14.0784	
15	12	-21.812	13.462	8.56163	
15	24	-15.877	18.733	9.69144	
20	24	-27.747	8.192	16.9703	
20	26	-30.519	7.044	10.3033	
5704	5	12:59:01:018:490:990	119.364
7	5	-16.269	15.758	17.3797	
7	15	-13.889	13.932	26.123	
7	18	-11.509	12.106	9.03243	
7	20	-8.737	13.254	22.2611	
7	27	-11.117	15.08	44.5673	
5732	6	12:59:01:326:049:700	85.0621
1	2	-5.935	-5.27	20.9504	
1	4	-5.543	-2.296	22.7017	
1	6	-8.315	-3.444	7.49992	
1	10	-6.326	-8.245	8.43711	
1	12	-3.555	-7.097	13.9402	
1	14	-3.163	-4.122	11.5327	
5734	5	12:59:01:352:369:290	70.3254
1	2	-5.935	-5.27	15.5486	
1	6	-8.315	-3.444	11.3305	
1	8	-8.706	-6.418	19.2737	
1	12	-3.555	-7.097	11.5592	
5	25	-11.087	-4.592	12.6135	
5736	9	12:59:01:357:361:210	215.334
9	3	-28.53	2.243	32.0978	
9	5	-28.139	5.217	21.5229	
9	7	-30.91	4.069	43.9064	
9	9	-31.302	1.095	8.32328	
9	11	-28.922	-0.731	18.3435	
20	12	-33.682	2.921	11.8502	
20	14	-33.29	5.896	10.5876	
20	16	-32.899	8.87	21.177	
20	26	-30.519	7.044	47.525	
5752	4	12:59:01:436:259:940	59.1854
3	14	8.706	6.418	12.9952	
4	7	11.087	4.592	17.1647	
4	9	10.695	1.618	15.8676	
4	11	13.075	-0.208	13.1579	
5756	5	12:59:01:488:742:700	64.8347
8	13	-2.411	21.499	20.4312	
8	15	-2.019	24.473	9.45761	
8	17	-1.627	27.447	9.01803	
8	25	3.524	26.769	11.4613	
8	27	0.753	25.621	14.4665	
5761	19	12:59:01:514:573:100	538.43
14	2	17.805	15.811	9.2489	
14	3	16.208	23.586	9.17707	
14	4	18.196	18.786	62.2547	
14	5	16.599	26.561	8.86641	
14	9	13.436	22.438	11.5075	
14	11	15.816	20.612	14.6191	
14	12	20.185	13.985	15.8526	
14	13	18.588	21.76	67.2554	
14	14	20.576	16.959	18.5448	
14	15	18.979	24.734	18.1865	
14	16	20.968	19.934	92.9358	
14	18	21.359	22.908	67.179	
14	20	24.131	24.056	9.42498	
14	22	26.511	22.23	21.3503	
14	24	26.119	19.255	11.0077	
14	25	24.523	27.03	11.5132	
14	26	23.348	18.107	7.84499	
14	27	21.751	25.882	31.5774	
14	28	23.739	21.082	50.0837	
5770	54	12:59:01:581:034:660	4546.17
2	17	4.76	-3.653	15.011	
2	18	6.749	-8.453	11.6558	
2	19	5.152	-0.678	11.7842	
2	23	10.303	-1.356	41.8418	
2	25	9.912	-4.331	22.6364	
2	27	7.14	-5.479	20.648	
2	29	7.532	-2.505	14.7424	
3	22	14.641	11.689	17.4721	
3	24	14.25	8.715	18.6841	
4	2	15.064	-5.009	9.35233	
4	3	13.467	2.766	66.1857	
4	4	15.455	-2.035	14.9333	
4	5	13.858	5.74	59.4756	
4	6	12.683	-3.183	34.719	
4	7	11.087	4.592	23.416	
4	8	12.292	-6.157	9.6363	
4	9	10.695	1.618	28.1338	
4	11	13.075	-0.208	33.1939	
4	13	15.847	0.94	19.1139	
4	15	16.238	3.914	106.752	
4	16	18.227	-0.887	7.35269	
4	17	16.63	6.888	170.271	
4	18	18.618	2.088	25.3389	
4	19	17.021	9.863	116.844	
4	20	21.39	3.236	7.34169	
4	21	19.793	11.011	496.372	
4	22	23.77	1.409	9.84737	
4	23	22.173	9.184	117.633	
4	25	21.782	6.21	14.3743	
4	27	19.01	5.062	70.352	
4	29	19.401	8.036	222.251	
13	3	25.336	13.307	120.077	
13	4	27.325	8.506	18.5348	
13	5	25.728	16.281	577.425	
13	6	24.553	7.358	18.8906	
13	7	22.956	15.133	758.091	
13	8	24.162	4.384	16.379	
13	9	22.565	12.159	634.227	
13	10	26.542	2.558	11.8548	
13	11	24.945	10.332	16.6	
13	13	27.716	11.481	10.2357	
13	15	28.108	14.455	11.6437	
13	17	28.5	17.429	15.6646	
13	19	28.891	20.404	11.9311	
14	2	17.805	15.811	16.2838	
14	4	18.196	18.786	8.93881	
14	10	17.413	12.837	37.3731	
14	12	20.185	13.985	196.842	
14	14	20.576	16.959	35.2539	
14	16	20.968	19.934	13.1344	
14	22	26.511	22.23	9.1353	
14	24	26.119	19.255	53.3501	
14	26	23.348	18.107	98.7653	
14	28	23.739	21.082	18.1687	
5772	4	12:59:01:627:886:720	84.186
7	19	-13.106	19.881	11.6049	
7	25	-8.346	16.228	26.8865	
7	27	-11.117	15.08	24.0904	
7	29	-10.726	18.054	21.6042	
5776	4	12:59:01:663:211:700	52.2593
7	17	-13.497	16.906	7.22845	
7	23	-7.954	19.202	15.9544	
7	25	-8.346	16.228	10.858	
7	29	-10.726	18.054	18.2184	
5780	6	12:59:01:690:740:570	71.4833
1	3	-7.532	2.505	7.03307	
1	5	-7.14	5.479	21.6046	
1	7	-9.912	4.331	9.33668	
1	15	-4.76	3.653	7.24404	
1	17	-4.369	6.627	17.1958	
1	27	-1.988	4.801	9.06917	
5794	4	12:59:01:830:580:640	101.602
5	17	-16.238	-3.914	45.4057	
5	18	-14.25	-8.715	8.74648	
5	20	-11.478	-7.567	10.0624	
5	27	-13.858	-5.74	37.3879	
5802	5	12:59:01:940:440:430	50.2427
15	16	-21.029	19.411	9.18665	
15	20	-17.866	23.533	8.7999	
15	22	-15.486	21.707	9.36974	
15	24	-15.877	18.733	7.1117	
15	28	-18.257	20.559	15.7747	
5812	232	12:59:02:045:072:460	22486.3
1	3	-7.532	2.505	24.3275	
1	4	-5.543	-2.296	11.0681	
1	5	-7.14	5.479	14.9961	
1	7	-9.912	4.331	8.33632	
1	9	-10.303	1.356	23.5424	
1	11	-7.923	-0.47	9.99337	
1	13	-5.152	0.678	22.5585	
1	15	-4.76	3.653	21.1915	
1	16	-2.772	-1.148	9.56712	
1	17	-4.369	6.627	49.6728	
1	18	-2.38	1.826	17.5389	
1	19	-3.977	9.601	63.7166	
1	20	0.392	2.974	43.7174	
1	21	-1.205	10.749	72.4189	
1	22	2.772	1.148	38.1066	
1	23	1.175	8.923	50.5122	
1	24	2.38	-1.826	26.8778	
1	25	0.783	5.949	61.7983	
1	27	-1.988	4.801	44.0901	
1	28	0	0	14.4124	
1	29	-1.597	7.775	65.5335	
2	5	1.988	-4.801	8.60953	
2	15	4.369	-6.627	27.1621	
2	16	6.357	-11.428	12.3357	
2	17	4.76	-3.653	22.8019	
2	18	6.749	-8.453	27.974	
2	19	5.152	-0.678	18.9303	
2	20	9.52	-7.305	11.3401	
2	21	7.923	0.47	25.7883	
2	22	11.9	-9.131	10.4237	
2	23	10.303	-1.356	33.3001	
2	24	11.509	-12.106	12.4916	
2	25	9.912	-4.331	22.57	
2	26	8.737	-13.254	9.37939	
2	27	7.14	-5.479	11.3209	
2	28	9.129	-10.279	24.9743	
2	29	7.532	-2.505	17.8353	
3	2	5.935	5.27	69.2753	
3	3	4.338	13.045	43.4953	
3	4	6.326	8.245	150.492	
3	5	4.73	16.02	43.0833	
3	6	3.555	7.097	102.925	
3	7	1.958	14.872	40.049	
3	8	3.163	4.122	40.5703	
3	9	1.566	11.897	65.788	
3	10	5.543	2.296	28.9246	
3	11	3.946	10.071	81.5458	
3	12	8.315	3.444	65.3221	
3	13	6.718	11.219	55.1249	
3	14	8.706	6.418	133.99	
3	15	7.11	14.193	28.3451	
3	16	9.098	9.393	96.418	
3	17	7.501	17.168	11.6084	
3	18	9.49	12.367	58.8408	
3	19	7.893	20.142	16.6711	
3	20	12.261	13.515	41.1492	
3	22	14.641	11.689	76.6975	
3	24	14.25	8.715	186.536	
3	25	12.653	16.49	24.8473	
3	26	11.478	7.567	180.415	
3	27	9.881	15.341	12.2835	
3	28	11.87	10.541	96.2299	
3	29	10.273	18.316	16.2449	
4	2	15.064	-5.009	24.3501	
4	3	13.467	2.766	76.4925	
4	4	15.455	-2.035	49.5544	
4	5	13.858	5.74	255.091	
4	6	12.683	-3.183	29.5307	
4	7	11.087	4.592	140.474	
4	8	12.292	-6.157	25.2841	
4	9	10.695	1.618	48.7082	
4	10	14.672	-7.983	26.3999	
4	11	13.075	-0.208	46.1649	
4	12	17.444	-6.835	24.6631	
4	13	15.847	0.94	67.4868	
4	14	17.835	-3.861	25.6765	
4	15	16.238	3.914	193.128	
4	16	18.227	-0.887	75.9778	
4	17	16.63	6.888	272.24	
4	18	18.618	2.088	135.339	
4	19	17.021	9.863	133.493	
4	20	21.39	3.236	265.717	
4	21	19.793	11.011	102.365	
4	22	23.77	1.409	202.597	
4	23	22.173	9.184	171.502	
4	24	23.378	-1.565	72.5226	
4	25	21.782	6.21	517.167	
4	26	20.607	-2.713	47.9859	
4	27	19.01	5.062	389.61	
4	28	20.998	0.261	120.982	
4	29	19.401	8.036	209.482	
5	21	-13.075	0.208	13.0304	
7	2	-15.064	5.009	8.81752	
7	3	-16.66	12.784	31.5229	
7	5	-16.269	15.758	12.8222	
7	6	-17.444	6.835	10.3206	
7	7	-19.04	14.61	18.9413	
7	9	-19.432	11.636	16.151	
7	11	-17.052	9.81	21.8227	
7	12	-12.683	3.183	10.3355	
7	13	-14.28	10.958	26.3904	
7	14	-12.292	6.157	26.3653	
7	15	-13.889	13.932	24.3443	
7	16	-11.9	9.131	30.5609	
7	18	-11.509	12.106	22.4343	
7	19	-13.106	19.881	13.5643	
7	20	-8.737	13.254	18.6609	
7	21	-10.334	21.029	10.6997	
7	22	-6.357	11.428	45.2841	
7	23	-7.954	19.202	14.2392	
7	24	-6.749	8.453	45.5646	
7	25	-8.346	16.228	13.8914	
7	26	-9.52	7.305	31.3881	
7	27	-11.117	15.08	24.416	
7	28	-9.129	10.279	29.6043	
7	29	-10.726	18.054	14.349	
8	2	-3.194	15.55	14.6857	
8	6	-5.574	17.376	20.0454	
8	8	-5.965	14.402	31.5764	
8	10	-3.585	12.576	53.7086	
8	11	-5.182	20.351	14.7101	
8	12	-0.814	13.724	32.5536	
8	13	-2.411	21.499	21.632	
8	14	-0.422	16.698	19.1622	
8	15	-2.019	24.473	14.9848	
8	16	-0.031	19.672	23.4115	
8	18	0.361	22.647	17.2054	
8	22	5.513	21.968	8.97002	
8	24	5.121	18.994	11.255	
8	26	2.349	17.846	13.7952	
8	27	0.753	25.621	7.91089	
8	28	2.741	20.82	10.0183	
9	19	-24.975	9.34	11.9404	
9	21	-22.204	10.488	12.7151	
9	23	-19.824	8.662	8.32229	
10	3	16.66	-12.784	14.2247	
10	7	14.28	-10.958	17.09	
10	13	19.04	-14.61	12.4251	
10	17	19.824	-8.662	11.4318	
10	19	20.215	-5.687	27.7097	
10	20	24.584	-12.314	11.3034	
10	21	22.987	-4.539	34.3617	
10	22	26.964	-14.14	8.23184	
10	23	25.367	-6.366	23.5625	
10	25	24.975	-9.34	7.35897	
10	27	22.204	-10.488	7.76876	
10	29	22.595	-7.514	17.3344	
12	2	30.127	-10.018	24.7671	
12	3	28.53	-2.243	80.1579	
12	4	30.519	-7.044	27.1445	
12	5	28.922	0.731	234.278	
12	6	27.747	-8.192	24.8263	
12	7	26.15	-0.417	121.939	
12	8	27.355	-11.166	16.6409	
12	9	25.758	-3.391	47.0853	
12	10	29.735	-12.992	12.9776	
12	11	28.139	-5.217	36.6953	
12	12	32.507	-11.844	18.4484	
12	13	30.91	-4.069	76.3463	
12	14	32.899	-8.87	29.2255	
12	15	31.302	-1.095	154.501	
12	16	33.29	-5.896	55.0734	
12	17	31.693	1.879	712.228	
12	18	33.682	-2.921	143.759	
12	19	32.085	4.854	1322.74	
12	20	36.453	-1.773	270.143	
12	21	34.857	6.002	731.22	
12	22	38.834	-3.6	253.714	
12	23	37.237	4.175	998.031	
12	24	38.442	-6.574	158.574	
12	25	36.845	1.201	1071.6	
12	26	35.67	-7.722	74.872	
12	27	34.073	0.053	430.852	
12	28	36.062	-4.748	113.195	
12	29	34.465	3.027	1293.33	
13	2	26.933	5.532	935.065	
13	3	25.336	13.307	53.1738	
13	4	27.325	8.506	242.32	
13	5	25.728	16.281	29.7333	
13	6	24.553	7.358	392.16	
13	7	22.956	15.133	48.9921	
13	8	24.162	4.384	787.275	
13	9	22.565	12.159	66.731	
13	10	26.542	2.558	481.094	
13	11	24.945	10.332	114.837	
13	12	29.313	3.706	1051.76	
13	13	27.716	11.481	97.7412	
13	14	29.705	6.68	554.08	
13	15	28.108	14.455	55.2232	
13	16	30.096	9.654	174.493	
13	17	28.5	17.429	22.8945	
13	18	30.488	12.629	72.3748	
13	19	28.891	20.404	21.3001	
13	20	33.26	13.777	23.7003	
13	22	35.64	11.95	47.9699	
13	23	34.043	19.725	8.06995	
13	24	35.248	8.976	172.159	
13	25	33.651	16.751	26.3505	
13	26	32.477	7.828	296.149	
13	27	30.88	15.603	16.8761	
13	28	32.868	10.802	94.0001	
13	29	31.271	18.577	12.6429	
14	2	17.805	15.811	17.7479	
14	3	16.208	23.586	13.6778	
14	4	18.196	18.786	23.71	
14	6	15.425	17.638	13.9188	
14	8	15.033	14.663	40.3078	
14	10	17.413	12.837	53.6802	
14	11	15.816	20.612	12.0185	
14	12	20.185	13.985	42.1528	
14	13	18.588	21.76	14.9423	
14	14	20.576	16.959	19.9858	
14	16	20.968	19.934	12.4874	
14	22	26.511	22.23	9.03149	
14	24	26.119	19.255	11.7895	
14	26	23.348	18.107	12.4753	
15	2	-24.192	15.289	11.8221	
15	8	-26.964	14.14	9.25221	
15	10	-24.584	12.314	27.7681	
15	12	-21.812	13.462	17.9016	
15	14	-21.421	16.437	10.5092	
15	24	-15.877	18.733	13.7353	
15	26	-18.649	17.585	16.3999	
15	28	-18.257	20.559	10.445	
20	18	-32.507	11.844	11.7259	
20	22	-27.355	11.166	14.9862	
20	23	-28.952	18.941	11.6443	
20	25	-29.344	15.967	8.11025	
20	26	-30.519	7.044	13.2374	
20	27	-32.116	14.819	8.25877	
20	28	-30.127	10.018	16.8581	
20	29	-31.724	17.793	17.6514	
5828	4	12:59:02:187:274:600	69.6362
11	17	7.954	-19.202	34.266	
11	19	8.346	-16.228	16.325	
11	27	10.334	-21.029	9.83692	
11	29	10.726	-18.054	9.20828	
5842	16	12:59:02:293:867:330	641.826
9	3	-28.53	2.243	18.3836	
9	5	-28.139	5.217	67.7003	
9	7	-30.91	4.069	142.54	
9	9	-31.302	1.095	45.4472	
9	17	-25.367	6.366	14.6506	
9	27	-22.987	4.539	12.6228	
9	29	-22.595	7.514	8.85409	
20	4	-35.67	7.722	10.4978	
20	10	-36.453	1.773	8.91337	
20	12	-33.682	2.921	35.1013	
20	14	-33.29	5.896	32.3658	
20	16	-32.899	8.87	12.9943	
20	22	-27.355	11.166	10.4702	
20	24	-27.747	8.192	87.3724	
20	26	-30.519	7.044	106.126	
20	28	-30.127	10.018	27.7866	
5852	23	12:59:02:395:840:180	637.294
3	3	4.338	13.045	11.9855	
3	5	4.73	16.02	13.7166	
3	7	1.958	14.872	98.4547	
3	9	1.566	11.897	25.0485	
8	2	-3.194	15.55	15.2226	
8	3	-4.791	23.325	41.0941	
8	5	-4.399	26.299	17.4219	
8	7	-7.171	25.151	17.2963	
8	9	-7.562	22.177	8.00689	
8	11	-5.182	20.351	17.5993	
8	12	-0.814	13.724	15.9519	
8	13	-2.411	21.499	32.8855	
8	14	-0.422	16.698	60.6581	
8	15	-2.019	24.473	28.8948	
8	16	-0.031	19.672	90.5867	
8	17	-1.627	27.447	11.3548	
8	18	0.361	22.647	23.8802	
8	20	3.133	23.795	8.54519	
8	26	2.349	17.846	40.6642	
8	28	2.741	20.82	30.4737	
19	12	-9.942	24.003	8.06582	
19	14	-9.551	26.977	7.33298	
19	26	-6.779	28.125	12.1536	
5855	32	12:59:02:416:018:860	2478.23
1	21	-1.205	10.749	7.66318	
3	3	4.338	13.045	16.0849	
3	5	4.73	16.02	16.0149	
3	7	1.958	14.872	33.4906	
3	9	1.566	11.897	26.8744	
3	11	3.946	10.071	9.59144	
8	2	-3.194	15.55	10.9906	
8	10	-3.585	12.576	7.87507	
8	12	-0.814	13.724	21.345	
8	13	-2.411	21.499	28.288	
8	14	-0.422	16.698	21.3655	
8	15	-2.019	24.473	32.119	
8	16	-0.031	19.672	54.7599	
8	17	-1.627	27.447	64.5414	
8	18	0.361	22.647	147.565	
8	19	-1.236	30.422	116.244	
8	20	3.133	23.795	93.6235	
8	21	1.536	31.57	537.733	
8	22	5.513	21.968	19.4186	
8	23	3.916	29.743	67.8378	
8	24	5.121	18.994	15.1684	
8	25	3.524	26.769	77.5445	
8	26	2.349	17.846	70.5988	
8	27	0.753	25.621	280.591	
8	28	2.741	20.82	68.4854	
8	29	1.144	28.595	530.244	
16	3	7.079	33.866	7.1339	
16	7	4.699	35.692	13.8207	
16	8	5.904	24.943	17.7409	
16	9	4.307	32.718	38.4614	
16	11	6.687	30.891	9.10859	
19	22	-3.616	32.248	15.9025	
5870	13	12:59:02:511:049:420	356.186
7	3	-16.66	12.784	109.482	
7	5	-16.269	15.758	10.6115	
7	7	-19.04	14.61	27.0252	
7	9	-19.432	11.636	43.1923	
7	11	-17.052	9.81	13.3942	
7	13	-14.28	10.958	42.4924	
7	15	-13.889	13.932	40.3529	
7	16	-11.9	9.131	7.31131	
7	17	-13.497	16.906	8.14427	
7	18	-11.509	12.106	23.38	
7	27	-11.117	15.08	11.915	
15	12	-21.812	13.462	9.37534	
15	26	-18.649	17.585	9.51045	
5872	16	12:59:02:558:825:210	968.515
5	3	-19.401	-8.036	9.09769	
5	5	-19.01	-5.062	9.74383	
5	7	-21.782	-6.21	87.2049	
5	9	-22.173	-9.184	36.5969	
5	11	-19.793	-11.011	12.2133	
9	2	-26.933	-5.532	63.522	
9	4	-26.542	-2.557	11.9723	
9	6	-29.313	-3.706	17.6476	
9	8	-29.705	-6.68	47.7551	
9	9	-31.302	1.095	15.95	
9	10	-27.325	-8.506	300.677	
9	11	-28.922	-0.731	16.4577	
9	12	-24.553	-7.358	265.811	
9	14	-24.162	-4.384	45.6706	
9	26	-21.39	-3.236	19.7226	
9	28	-20.998	-0.261	8.47334	
5881	13	12:59:02:653:091:980	385.2
10	4	18.649	-17.585	54.8664	
10	11	16.269	-15.758	44.5944	
10	14	21.029	-19.411	25.0046	
10	16	21.421	-16.437	41.6438	
10	20	24.584	-12.314	9.9072	
10	24	26.572	-17.115	22.7104	
10	26	23.801	-18.263	74.5751	
10	28	24.192	-15.289	14.5302	
11	23	13.497	-16.906	7.35784	
22	19	23.409	-21.237	10.4528	
22	21	26.181	-20.089	30.4889	
22	23	28.561	-21.915	37.1769	
22	29	25.789	-23.063	11.8917	
5889	20	12:59:02:733:397:620	436.402
7	21	-10.334	21.029	14.7373	
7	23	-7.954	19.202	9.70857	
8	7	-7.171	25.151	15.3451	
15	22	-15.486	21.707	11.6585	
15	23	-17.083	29.482	8.43441	
15	25	-17.474	26.508	16.4482	
15	27	-20.246	25.36	13.0025	
19	2	-12.322	25.829	74.1607	
19	4	-11.931	28.804	25.7638	
19	6	-14.703	27.656	15.9535	
19	8	-15.094	24.681	20.668	
19	9	-16.691	32.456	11.7728	
19	10	-12.714	22.855	48.2981	
19	11	-14.311	30.63	21.0684	
19	12	-9.942	24.003	38.7748	
19	13	-11.539	31.778	11.0835	
19	14	-9.551	26.977	34.2493	
19	16	-9.159	29.952	14.5407	
19	18	-8.768	32.926	14.3337	
19	26	-6.779	28.125	16.3996	
5890	10	12:59:02:734:767:330	239.403
2	4	3.585	-12.576	9.938	
2	13	3.977	-9.601	10.9845	
2	14	5.965	-14.402	15.1336	
2	16	6.357	-11.428	49.6824	
2	18	6.749	-8.453	59.6112	
2	20	9.52	-7.305	10.4734	
2	24	11.509	-12.106	18.6125	
2	26	8.737	-13.254	25.66	
2	27	7.14	-5.479	9.83399	
2	28	9.129	-10.279	29.4738	
5894	7	12:59:02:761:361:310	95.397
2	3	1.597	-7.775	12.0695	
2	9	-1.175	-8.923	7.1678	
2	11	1.205	-10.749	8.06361	
2	15	4.369	-6.627	17.9476	
2	17	4.76	-3.653	10.3096	
6	23	-1.566	-11.897	16.6944	
6	29	-4.338	-13.045	23.1446	
5898	7	12:59:02:774:701:410	227.46
5	2	-17.805	-15.811	43.7575	
5	8	-20.576	-16.959	28.3322	
5	12	-15.425	-17.638	19.3592	
5	14	-15.033	-14.663	90.6475	
5	26	-12.261	-13.515	24.243	
21	20	-23.348	-18.107	9.65469	
21	22	-20.968	-19.934	11.4659	
5914	5	12:59:02:939:482:510	89.9389
1	19	-3.977	9.601	28.8391	
1	21	-1.205	10.749	20.4473	
1	29	-1.597	7.775	17.4545	
7	22	-6.357	11.428	14.8287	
8	10	-3.585	12.576	8.36932	
5916	6	12:59:02:951:780:960	122.797
1	2	-5.935	-5.27	32.3016	
1	4	-5.543	-2.296	23.7116	
1	8	-8.706	-6.418	13.1358	
1	16	-2.772	-1.148	32.0498	
1	18	-2.38	1.826	7.52159	
1	28	0	0	14.0764	
5918	11	12:59:02:984:970:140	288.68
1	14	-3.163	-4.122	8.9826	
1	16	-2.772	-1.148	20.8269	
2	3	1.597	-7.775	16.8053	
2	5	1.988	-4.801	57.2812	
2	7	-0.783	-5.949	11.5411	
2	13	3.977	-9.601	13.8586	
2	15	4.369	-6.627	71.3091	
2	16	6.357	-11.428	10.2627	
2	18	6.749	-8.453	49.9202	
2	20	9.52	-7.305	8.84818	
2	28	9.129	-10.279	19.0446	
5923	16	12:59:03:033:096:570	292.567
12	3	28.53	-2.243	14.3723	
12	5	28.922	0.731	10.4218	
12	11	28.139	-5.217	12.8769	
12	13	30.91	-4.069	9.33342	
12	15	31.302	-1.095	9.34694	
12	17	31.693	1.879	20.5345	
12	19	32.085	4.854	31.2333	
12	21	34.857	6.002	13.4038	
12	29	34.465	3.027	11.8376	
13	12	29.313	3.706	18.3616	
13	13	27.716	11.481	7.7069	
13	14	29.705	6.68	25.6792	
13	16	30.096	9.654	17.051	
13	24	35.248	8.976	7.85129	
13	26	32.477	7.828	47.983	
13	28	32.868	10.802	34.573	
5925	6	12:59:03:065:608:300	115.268
3	10	5.543	2.296	32.5092	
3	12	8.315	3.444	24.6888	
3	24	14.25	8.715	15.626	
3	26	11.478	7.567	10.0922	
4	7	11.087	4.592	21.085	
4	19	17.021	9.863	11.267	
5929	21	12:59:03:084:522:310	661.017
1	3	-7.532	2.505	18.1784	
1	5	-7.14	5.479	8.27874	
1	7	-9.912	4.331	21.2298	
1	9	-10.303	1.356	10.7755	
7	2	-15.064	5.009	77.8213	
7	4	-14.672	7.983	17.3569	
7	6	-17.444	6.835	41.6669	
7	8	-17.835	3.861	75.2212	
7	10	-15.455	2.035	32.9443	
7	11	-17.052	9.81	9.11459	
7	12	-12.683	3.183	48.619	
7	14	-12.292	6.157	27.7621	
7	16	-11.9	9.131	7.94418	
9	17	-25.367	6.366	21.5672	
9	19	-24.975	9.34	9.47443	
9	20	-20.607	2.713	20.752	
9	21	-22.204	10.488	10.4063	
9	23	-19.824	8.662	10.4104	
9	25	-20.215	5.687	125.86	
9	27	-22.987	4.539	34.5165	
9	29	-22.595	7.514	31.1167	
5933	16	12:59:03:106:934:060	263.219
2	2	3.194	-15.55	7.78086	
2	8	0.422	-16.698	22.6392	
6	20	-2.349	-17.846	11.5493	
6	22	0.031	-19.672	10.5683	
6	24	-0.361	-22.647	9.1231	
6	25	-1.958	-14.872	7.7855	
11	2	6.388	-31.1	7.37018	
11	6	4.008	-29.274	30.0599	
11	7	2.411	-21.499	25.0686	
11	8	3.616	-32.248	25.6905	
11	9	2.019	-24.473	16.6516	
11	11	4.399	-26.299	7.47871	
18	22	3.224	-35.222	35.6623	
18	23	1.627	-27.447	27.0118	
18	24	2.833	-38.197	10.2438	
18	25	1.236	-30.422	8.53578	
5949	18	12:59:03:219:352:150	440.129
5	2	-17.805	-15.811	82.0429	
5	8	-20.576	-16.959	84.6485	
5	10	-18.196	-18.786	24.7435	
5	12	-15.425	-17.638	17.9145	
5	14	-15.033	-14.663	24.9263	
5	16	-14.641	-11.689	7.83501	
21	3	-31.271	-18.577	13.8215	
21	9	-34.043	-19.725	19.7765	
21	11	-31.663	-21.552	9.28	
21	13	-28.891	-20.404	9.65228	
21	15	-28.5	-17.429	9.38644	
21	16	-26.511	-22.23	9.65514	
21	18	-26.119	-19.255	22.2845	
21	20	-23.348	-18.107	49.8717	
21	22	-20.968	-19.934	20.7214	
21	25	-22.956	-15.133	17.4538	
21	27	-25.728	-16.281	8.47712	
21	28	-23.739	-21.082	7.63824	
5954	7	12:59:03:302:599:970	134.198
5	5	-19.01	-5.062	8.50949	
5	17	-16.238	-3.914	39.5053	
5	20	-11.478	-7.567	9.36717	
5	25	-11.087	-4.592	11.5293	
5	27	-13.858	-5.74	34.0223	
5	29	-13.467	-2.766	12.6829	
9	24	-18.618	-2.088	18.582	
5979	20	12:59:03:472:708:990	547.453
12	3	28.53	-2.243	16.963	
12	5	28.922	0.731	87.5213	
12	7	26.15	-0.417	12.2376	
12	15	31.302	-1.095	26.1785	
12	17	31.693	1.879	38.7154	
12	19	32.085	4.854	25.8286	
13	2	26.933	5.532	21.412	
13	4	27.325	8.506	21.9767	
13	10	26.542	2.558	7.19968	
13	11	24.945	10.332	10.4677	
13	12	29.313	3.706	96.6067	
13	13	27.716	11.481	8.67027	
13	14	29.705	6.68	46.357	
13	15	28.108	14.455	23.7366	
13	16	30.096	9.654	43.7606	
13	17	28.5	17.429	14.8248	
13	18	30.488	12.629	16.1425	
13	27	30.88	15.603	11.2258	
13	28	32.868	10.802	7.49082	
13	29	31.271	18.577	10.1371	
5980	4	12:59:03:476:548:060	127.58
7	20	-8.737	13.254	11.995	
7	21	-10.334	21.029	7.50326	
7	23	-7.954	19.202	30.938	
7	25	-8.346	16.228	77.1437	
5985	7	12:59:03:500:714:870	122.914
2	3	1.597	-7.775	17.4301	
2	11	1.205	-10.749	22.1526	
2	13	3.977	-9.601	11.8113	
2	15	4.369	-6.627	13.7873	
6	23	-1.566	-11.897	30.4793	
6	25	-1.958	-14.872	11.8669	
6	27	-4.73	-16.02	15.3863	
5991	8	12:59:03:546:732:670	144.004
8	5	-4.399	26.299	17.4219	
8	17	-1.627	27.447	26.5604	
8	25	3.524	26.769	22.2858	
8	27	0.753	25.621	17.177	
16	2	8.676	26.091	15.8078	
16	6	6.296	27.917	8.37834	
16	8	5.904	24.943	19.1489	
16	12	11.056	24.264	17.2237	
5999	11	12:59:03:637:181:280	261.445
5	2	-17.805	-15.811	71.8833	
5	4	-17.413	-12.837	11.0363	
5	6	-20.185	-13.985	20.9337	
5	8	-20.576	-16.959	12.9258	
5	12	-15.425	-17.638	17.3366	
5	14	-15.033	-14.663	30.052	
6	3	-10.273	-18.316	11.6088	
6	5	-9.881	-15.341	21.7483	
6	7	-12.653	-16.49	38.8274	
6	15	-7.501	-17.168	17.0765	
6	27	-4.73	-16.02	8.01667	
6008	4	12:59:03:704:402:610	53.0749
4	22	23.77	1.409	7.60783	
4	24	23.378	-1.565	20.6767	
4	26	20.607	-2.713	12.7066	
4	28	20.998	0.261	12.0838	
6009	6	12:59:03:705:699:340	142.731
1	24	2.38	-1.826	17.5432	
2	5	1.988	-4.801	20.1005	
2	17	4.76	-3.653	54.738	
2	19	5.152	-0.678	9.24185	
2	23	10.303	-1.356	19.9736	
2	29	7.532	-2.505	21.1343	
6014	10	12:59:03:753:745:650	250.821
3	24	14.25	8.715	19.8029	
3	26	11.478	7.567	13.7426	
3	28	11.87	10.541	10.5501	
4	5	13.858	5.74	45.581	
4	7	11.087	4.592	7.9466	
4	15	16.238	3.914	31.5014	
4	17	16.63	6.888	58.5053	
4	19	17.021	9.863	12.2422	
4	27	19.01	5.062	39.8328	
4	29	19.401	8.036	11.1164	
6026	6	12:59:03:873:136:580	82.613
4	20	21.39	3.236	15.033	
4	22	23.77	1.409	19.4313	
4	27	19.01	5.062	9.66816	
12	5	28.922	0.731	10.4585	
12	7	26.15	-0.417	20.0333	
13	10	26.542	2.558	7.98869	
6043	19	12:59:04:036:050:170	937.481
1	12	-3.555	-7.097	12.4041	
1	22	2.772	1.148	20.4374	
1	24	2.38	-1.826	58.2957	
2	3	1.597	-7.775	33.183	
2	4	3.585	-12.576	10.2412	
2	5	1.988	-4.801	135.271	
2	6	0.814	-13.724	10.2107	
2	7	-0.783	-5.949	24.8994	
2	9	-1.175	-8.923	22.837	
2	11	1.205	-10.749	19.7567	
2	15	4.369	-6.627	27.2653	
2	17	4.76	-3.653	158.573	
2	19	5.152	-0.678	284.593	
2	21	7.923	0.47	28.1451	
2	23	10.303	-1.356	12.2989	
2	27	7.14	-5.479	8.1781	
2	29	7.532	-2.505	12.0964	
3	10	5.543	2.296	35.2699	
3	12	8.315	3.444	23.5256	
6048	4	12:59:04:079:874:630	48.2132
4	20	21.39	3.236	9.21684	
4	24	23.378	-1.565	9.46395	
4	26	20.607	-2.713	11.5765	
4	28	20.998	0.261	17.956	
6056	5	12:59:04:142:991:810	65.8731
12	3	28.53	-2.243	21.4659	
12	5	28.922	0.731	10.6053	
12	9	25.758	-3.391	14.3212	
12	11	28.139	-5.217	8.52254	
12	13	30.91	-4.069	10.9582	
6060	14	12:59:04:253:165:350	437.952
9	17	-25.367	6.366	13.4874	
9	19	-24.975	9.34	7.46273	
15	10	-24.584	12.314	14.7207	
20	16	-32.899	8.87	13.7146	
20	17	-34.496	16.645	9.72804	
20	18	-32.507	11.844	26.7378	
20	19	-34.104	19.619	25.1726	
20	20	-29.735	12.992	27.2591	
20	22	-27.355	11.166	32.8491	
20	24	-27.747	8.192	113.67	
20	25	-29.344	15.967	11.1829	
20	26	-30.519	7.044	22.5855	
20	27	-32.116	14.819	16.8435	
20	28	-30.127	10.018	102.538	
6083	32	12:59:04:438:695:130	1778.74
7	21	-10.334	21.029	16.7225	
8	3	-4.791	23.325	47.1723	
8	5	-4.399	26.299	9.604	
8	7	-7.171	25.151	47.5566	
8	9	-7.562	22.177	43.6266	
8	11	-5.182	20.351	16.6052	
8	13	-2.411	21.499	19.9509	
8	14	-0.422	16.698	13.921	
8	15	-2.019	24.473	12.6818	
8	16	-0.031	19.672	14.3846	
8	18	0.361	22.647	15.7149	
8	27	0.753	25.621	8.41517	
8	28	2.741	20.82	10.5982	
15	19	-22.234	30.16	48.5894	
15	21	-19.463	31.308	359.83	
15	22	-15.486	21.707	8.69026	
15	23	-17.083	29.482	308.648	
15	25	-17.474	26.508	20.1663	
15	29	-19.854	28.334	37.371	
19	2	-12.322	25.829	99.3071	
19	3	-13.919	33.604	9.07485	
19	4	-11.931	28.804	78.6455	
19	6	-14.703	27.656	162.278	
19	7	-16.299	35.431	16.3183	
19	8	-15.094	24.681	17.0844	
19	9	-16.691	32.456	103.232	
19	10	-12.714	22.855	19.6678	
19	11	-14.311	30.63	91.8034	
19	12	-9.942	24.003	55.4105	
19	13	-11.539	31.778	11.4701	
19	14	-9.551	26.977	43.6528	
19	16	-9.159	29.952	10.5441	
6087	4	12:59:04:473:803:760	73.4063
2	21	7.923	0.47	19.7426	
2	23	10.303	-1.356	29.3503	
2	27	7.14	-5.479	7.09669	
2	29	7.532	-2.505	17.2167	
6118	6	12:59:04:764:874:470	138.961
3	5	4.73	16.02	50.8171	
3	13	6.718	11.219	8.47115	
3	15	7.11	14.193	25.5166	
3	17	7.501	17.168	20.5699	
8	24	5.121	18.994	23.1568	
8	26	2.349	17.846	10.429	
6127	24	12:59:04:845:901:750	801.714
4	17	16.63	6.888	12.2811	
4	20	21.39	3.236	68.6496	
4	22	23.77	1.409	82.1712	
4	23	22.173	9.184	13.9009	
4	24	23.378	-1.565	47.8684	
4	25	21.782	6.21	38.5332	
4	27	19.01	5.062	30.1969	
4	28	20.998	0.261	32.0424	
4	29	19.401	8.036	9.52835	
12	7	26.15	-0.417	8.46658	
13	2	26.933	5.532	23.1334	
13	3	25.336	13.307	25.1257	
13	4	27.325	8.506	39.3443	
13	5	25.728	16.281	17.488	
13	6	24.553	7.358	119.934	
13	7	22.956	15.133	12.0432	
13	8	24.162	4.384	108.084	
13	10	26.542	2.558	19.4687	
13	11	24.945	10.332	35.3872	
13	12	29.313	3.706	8.40748	
13	13	27.716	11.481	14.5307	
13	14	29.705	6.68	13.9954	
13	15	28.108	14.455	9.99634	
13	17	28.5	17.429	11.1369	
6128	5	12:59:04:852:236:980	55.2363
9	16	-23.77	-1.409	9.86337	
9	22	-18.227	0.887	7.30755	
9	24	-18.618	-2.088	9.93619	
9	26	-21.39	-3.236	13.2846	
9	28	-20.998	-0.261	14.8445	
6132	6	12:59:04:901:474:380	198.035
3	5	4.73	16.02	7.98919	
3	7	1.958	14.872	46.1029	
3	9	1.566	11.897	38.0577	
8	2	-3.194	15.55	13.4855	
8	12	-0.814	13.724	48.7005	
8	14	-0.422	16.698	43.6992	
6135	4	12:59:04:926:715:600	100.729
1	7	-9.912	4.331	16.4133	
7	4	-14.672	7.983	9.98614	
7	14	-12.292	6.157	60.6227	
7	16	-11.9	9.131	13.7066	
6144	18	12:59:05:011:832:250	264.199
1	2	-5.935	-5.27	10.9862	
1	6	-8.315	-3.444	20.5643	
1	8	-8.706	-6.418	13.0185	
5	2	-17.805	-15.811	17.3125	
5	4	-17.413	-12.837	23.9543	
5	6	-20.185	-13.985	14.4586	
5	8	-20.576	-16.959	19.5845	
5	10	-18.196	-18.786	12.3717	
5	13	-17.021	-9.863	9.63308	
5	14	-15.033	-14.663	10.8833	
5	16	-14.641	-11.689	27.257	
5	18	-14.25	-8.715	9.41077	
5	20	-11.478	-7.567	14.3435	
5	25	-11.087	-4.592	10.8787	
5	28	-11.87	-10.541	10.7261	
21	20	-23.348	-18.107	19.2441	
21	22	-20.968	-19.934	8.56486	
21	28	-23.739	-21.082	11.0067	
6149	11	12:59:05:041:320:210	364.823
1	2	-5.935	-5.27	7.0443	
1	8	-8.706	-6.418	15.7942	
1	10	-6.326	-8.245	50.0631	
1	12	-3.555	-7.097	11.828	
2	6	0.814	-13.724	9.72617	
2	7	-0.783	-5.949	9.7557	
2	9	-1.175	-8.923	24.4039	
6	21	-3.946	-10.071	108.989	
6	23	-1.566	-11.897	92.858	
6	25	-1.958	-14.872	24.1454	
6	29	-4.338	-13.045	10.2146	
6155	9	12:59:05:134:066:130	186.918
1	2	-5.935	-5.27	26.1332	
1	4	-5.543	-2.296	10.8661	
1	6	-8.315	-3.444	35.7657	
1	8	-8.706	-6.418	13.7222	
5	17	-16.238	-3.914	8.94828	
5	19	-15.847	-0.94	19.6754	
5	23	-10.695	-1.618	19.6331	
5	25	-11.087	-4.592	37.3707	
5	29	-13.467	-2.766	14.8028	
6156	13	12:59:05:134:646:440	699.901
9	3	-28.53	2.243	12.2122	
9	5	-28.139	5.217	12.4348	
9	7	-30.91	4.069	211.444	
9	9	-31.302	1.095	11.7013	
20	2	-36.062	4.748	84.1677	
20	4	-35.67	7.722	37.1345	
20	6	-38.442	6.574	51.9466	
20	8	-38.834	3.6	21.2088	
20	10	-36.453	1.773	11.8239	
20	12	-33.682	2.921	83.4002	
20	14	-33.29	5.896	135.146	
20	16	-32.899	8.87	13.2248	
20	26	-30.519	7.044	14.0562	
6166	8	12:59:05:236:316:240	178.554
10	3	16.66	-12.784	8.50137	
10	11	16.269	-15.758	10.5135	
10	13	19.04	-14.61	16.5558	
10	16	21.421	-16.437	22.9656	
10	18	21.812	-13.462	20.5624	
10	22	26.964	-14.14	15.0053	
10	24	26.572	-17.115	35.8877	
10	28	24.192	-15.289	48.5623	
6167	7	12:59:05:239:289:810	151.687
9	2	-26.933	-5.532	40.6867	
9	4	-26.542	-2.557	13.5048	
9	6	-29.313	-3.706	9.73062	
9	10	-27.325	-8.506	12.8956	
9	12	-24.553	-7.358	34.8034	
9	14	-24.162	-4.384	31.0574	
21	21	-24.945	-10.332	9.00817	
6189	7	12:59:05:483:247:260	136.601
6	2	-8.676	-26.091	7.20203	
6	8	-11.448	-27.239	20.6945	
6	10	-9.067	-29.065	44.7401	
6	12	-6.296	-27.917	15.8284	
17	22	-11.839	-30.213	14.9546	
18	3	-7.079	-33.866	11.9576	
18	7	-9.459	-32.039	21.2241	
6192	11	12:59:05:520:266:640	385.489
1	9	-10.303	1.356	7.29034	
5	5	-19.01	-5.062	47.9711	
5	7	-21.782	-6.21	16.3025	
5	15	-16.63	-6.888	7.5059	
5	17	-16.238	-3.914	89.9517	
5	19	-15.847	-0.94	41.2617	
5	21	-13.075	0.208	19.8609	
5	27	-13.858	-5.74	7.49756	
5	29	-13.467	-2.766	88.7073	
9	24	-18.618	-2.088	37.6801	
9	26	-21.39	-3.236	21.4598	
6198	12	12:59:05:578:692:750	274.484
1	3	-7.532	2.505	12.9132	
1	4	-5.543	-2.296	31.3866	
1	6	-8.315	-3.444	8.30636	
1	11	-7.923	-0.47	45.6893	
1	13	-5.152	0.678	64.1447	
1	15	-4.76	3.653	22.5971	
1	16	-2.772	-1.148	7.35932	
1	17	-4.369	6.627	7.69194	
1	18	-2.38	1.826	15.4391	
1	25	0.783	5.949	10.5726	
1	27	-1.988	4.801	37.637	
1	29	-1.597	7.775	10.7466	
6200	7	12:59:05:610:582:550	104.204
3	23	13.044	19.464	16.9198	
3	25	12.653	16.49	10.9508	
4	21	19.793	11.011	8.85352	
14	2	17.805	15.811	11.1772	
14	6	15.425	17.638	20.1151	
14	8	15.033	14.663	16.4552	
14	10	17.413	12.837	19.7323	
6202	30	12:59:05:629:256:670	1319.41
10	2	18.257	-20.559	69.3695	
10	4	18.649	-17.585	181.952	
10	6	15.877	-18.733	17.0297	
10	8	15.486	-21.707	29.0207	
10	9	13.889	-13.932	7.09741	
10	10	17.866	-23.533	41.1358	
10	11	16.269	-15.758	24.9766	
10	12	20.637	-22.385	25.0813	
10	13	19.04	-14.61	134.677	
10	14	21.029	-19.411	72.1856	
10	15	19.432	-11.636	28.2841	
10	16	21.421	-16.437	153.521	
10	18	21.812	-13.462	198.567	
10	20	24.584	-12.314	30.286	
10	22	26.964	-14.14	11.6024	
10	24	26.572	-17.115	12.8194	
10	26	23.801	-18.263	19.057	
10	27	22.204	-10.488	90.7307	
10	28	24.192	-15.289	15.7435	
10	29	22.595	-7.514	8.24617	
11	20	12.714	-22.855	9.30448	
11	22	15.094	-24.681	25.5622	
11	23	13.497	-16.906	8.10664	
11	24	14.703	-27.656	12.0931	
11	28	12.322	-25.829	12.6266	
22	5	20.246	-25.36	13.3735	
22	7	17.474	-26.508	8.02491	
22	9	17.083	-29.482	29.2176	
22	17	23.017	-24.212	10.2002	
22	19	23.409	-21.237	19.5199	
6203	9	12:59:05:634:933:360	183.823
1	3	-7.532	2.505	13.9124	
1	5	-7.14	5.479	9.44067	
1	9	-10.303	1.356	14.3673	
1	13	-5.152	0.678	7.76798	
1	15	-4.76	3.653	34.0218	
1	17	-4.369	6.627	41.1604	
1	19	-3.977	9.601	35.1415	
1	21	-1.205	10.749	20.8468	
1	29	-1.597	7.775	7.16443	
6208	8	12:59:05:687:591:230	109.907
11	3	4.791	-23.325	7.19116	
11	6	4.008	-29.274	27.2744	
11	8	3.616	-32.248	10.5537	
11	9	2.019	-24.473	14.1381	
11	10	5.996	-34.074	10.1245	
11	11	4.399	-26.299	14.6815	
18	22	3.224	-35.222	16.5691	
18	23	1.627	-27.447	9.37468	
6219	4	12:59:05:773:255:350	59.7191
3	24	14.25	8.715	13.8732	
4	5	13.858	5.74	12.2848	
4	17	16.63	6.888	20.7669	
4	27	19.01	5.062	12.7942	
6225	14	12:59:05:844:895:020	375.111
11	2	6.388	-31.1	45.5178	
11	4	6.779	-28.125	47.9772	
11	6	4.008	-29.274	37.894	
11	8	3.616	-32.248	31.8714	
11	13	7.171	-25.151	8.92612	
11	14	9.159	-29.952	64.1435	
11	16	9.551	-26.977	24.6764	
11	18	9.942	-24.003	11.3706	
11	24	14.703	-27.656	31.3227	
11	26	11.931	-28.804	25.5833	
18	22	3.224	-35.222	8.67287	
18	25	1.236	-30.422	17.0398	
22	7	17.474	-26.508	10.0394	
22	9	17.083	-29.482	10.0761	
6246	4	12:59:06:033:351:080	58.7991
10	4	18.649	-17.585	14.138	
10	14	21.029	-19.411	14.495	
10	16	21.421	-16.437	21.8688	
10	26	23.801	-18.263	8.29737	
6247	4	12:59:06:056:140:510	52.3546
4	12	17.444	-6.835	7.15047	
10	3	16.66	-12.784	7.93238	
10	5	17.052	-9.81	20.582	
10	17	19.824	-8.662	16.6897	
6248	4	12:59:06:066:810:490	126.5
1	4	-5.543	-2.296	9.08877	
1	16	-2.772	-1.148	21.0477	
1	18	-2.38	1.826	30.7232	
1	28	0	0	65.6401	
6255	4	12:59:06:174:381:760	57.0945
7	3	-16.66	12.784	18.5144	
7	13	-14.28	10.958	8.13267	
7	15	-13.889	13.932	14.4043	
7	18	-11.509	12.106	16.0432	
6256	4	12:59:06:178:989:350	94.7002
7	21	-10.334	21.029	10.296	
7	23	-7.954	19.202	40.8407	
8	7	-7.171	25.151	14.7168	
8	9	-7.562	22.177	28.8467	
6264	7	12:59:06:260:389:610	150.144
7	21	-10.334	21.029	34.2189	
15	20	-17.866	23.533	15.1358	
15	22	-15.486	21.707	12.4453	
15	27	-20.246	25.36	7.82356	
19	8	-15.094	24.681	14.1676	
19	10	-12.714	22.855	59.1694	
19	12	-9.942	24.003	7.18362	
6270	11	12:59:06:314:863:790	218.486
5	2	-17.805	-15.811	26.501	
5	6	-20.185	-13.985	12.4719	
5	12	-15.425	-17.638	20.969	
5	14	-15.033	-14.663	13.4813	
5	24	-9.49	-12.367	7.94753	
5	26	-12.261	-13.515	8.36199	
6	3	-10.273	-18.316	20.5503	
6	5	-9.881	-15.341	18.9772	
6	7	-12.653	-16.49	44.2422	
6	9	-13.044	-19.464	30.6561	
6	15	-7.501	-17.168	14.3276	
6271	16	12:59:06:333:708:090	361.999
1	2	-5.935	-5.27	9.19774	
1	6	-8.315	-3.444	49.8785	
1	7	-9.912	4.331	7.59531	
1	8	-8.706	-6.418	13.4095	
1	9	-10.303	1.356	47.9384	
1	11	-7.923	-0.47	12.6116	
5	21	-13.075	0.208	16.253	
5	23	-10.695	-1.618	44.5657	
5	25	-11.087	-4.592	11.1678	
5	29	-13.467	-2.766	13.7063	
7	2	-15.064	5.009	19.6056	
7	4	-14.672	7.983	18.5797	
7	6	-17.444	6.835	7.94876	
7	11	-17.052	9.81	11.6628	
7	12	-12.683	3.183	55.9127	
7	14	-12.292	6.157	21.9653	
6275	13	12:59:06:355:460:310	332.481
10	22	26.964	-14.14	11.0838	
12	2	30.127	-10.018	7.54914	
12	4	30.519	-7.044	8.87383	
12	8	27.355	-11.166	8.52589	
12	10	29.735	-12.992	22.344	
12	12	32.507	-11.844	11.4817	
12	14	32.899	-8.87	28.5246	
12	16	33.29	-5.896	28.4318	
12	20	36.453	-1.773	20.8821	
12	22	38.834	-3.6	76.0821	
12	24	38.442	-6.574	20.3402	
12	26	35.67	-7.722	20.9261	
12	28	36.062	-4.748	67.436	
6281	22	12:59:06:408:550:110	576.768
5	3	-19.401	-8.036	9.02491	
5	4	-17.413	-12.837	30.938	
5	6	-20.185	-13.985	18.3216	
5	8	-20.576	-16.959	7.35507	
5	9	-22.173	-9.184	33.0016	
5	11	-19.793	-11.011	17.8258	
5	12	-15.425	-17.638	9.45257	
5	13	-17.021	-9.863	9.08574	
5	14	-15.033	-14.663	12.9898	
5	16	-14.641	-11.689	7.57752	
5	26	-12.261	-13.515	10.4188	
6	7	-12.653	-16.49	15.0272	
9	2	-26.933	-5.532	18.6983	
9	6	-29.313	-3.706	23.7982	
9	8	-29.705	-6.68	120.103	
9	10	-27.325	-8.506	105.012	
9	11	-28.922	-0.731	10.0461	
9	12	-24.553	-7.358	29.7037	
21	19	-27.716	-11.481	15.3833	
21	21	-24.945	-10.332	33.8635	
21	23	-22.565	-12.159	32.0836	
21	29	-25.336	-13.307	7.05877	
6294	5	12:59:06:485:640:190	58.5169
8	18	0.361	22.647	12.2155	
8	20	3.133	23.795	8.57571	
8	22	5.513	21.968	14.1615	
8	26	2.349	17.846	8.29513	
8	28	2.741	20.82	15.2691	
6301	5	12:59:06:537:486:680	69.8905
3	12	8.315	3.444	12.8558	
3	14	8.706	6.418	11.4319	
3	26	11.478	7.567	13.7426	
4	5	13.858	5.74	8.16165	
4	7	11.087	4.592	23.6985	
6309	4	12:59:06:624:345:270	61.5367
4	2	15.064	-5.009	15.7799	
4	4	15.455	-2.035	22.7683	
4	10	14.672	-7.983	7.36655	
4	13	15.847	0.94	15.6219	
6311	19	12:59:06:645:155:390	581.868
7	21	-10.334	21.029	13.1559	
8	3	-4.791	23.325	17.0484	
8	5	-4.399	26.299	86.113	
8	7	-7.171	25.151	146.629	
8	9	-7.562	22.177	23.3077	
8	17	-1.627	27.447	40.2849	
8	19	-1.236	30.422	34.5179	
8	21	1.536	31.57	25.7504	
8	23	3.916	29.743	8.43981	
8	27	0.753	25.621	10.6214	
8	29	1.144	28.595	32.7938	
19	10	-12.714	22.855	11.1202	
19	12	-9.942	24.003	31.9692	
19	14	-9.551	26.977	11.0857	
19	16	-9.159	29.952	11.7346	
19	22	-3.616	32.248	9.28802	
19	24	-4.008	29.274	32.2071	
19	26	-6.779	28.125	28.5922	
19	28	-6.388	31.1	7.20785	
6314	11	12:59:06:697:896:350	249.569
2	24	11.509	-12.106	16.4577	
4	10	14.672	-7.983	13.3495	
10	3	16.66	-12.784	20.3497	
10	5	17.052	-9.81	11.0428	
10	6	15.877	-18.733	11.1276	
10	7	14.28	-10.958	65.007	
10	9	13.889	-13.932	54.4792	
10	11	16.269	-15.758	9.54932	
11	21	11.117	-15.08	21.9724	
11	23	13.497	-16.906	18.4923	
11	25	13.106	-19.881	7.74138	
6316	5	12:59:06:717:410:700	70.0061
2	18	6.749	-8.453	14.4532	
2	20	9.52	-7.305	24.7749	
2	25	9.912	-4.331	11.6501	
2	28	9.129	-10.279	11.8244	
4	8	12.292	-6.157	7.30349	
6336	8	12:59:06:848:516:460	192.538
5	2	-17.805	-15.811	22.3923	
5	4	-17.413	-12.837	34.1222	
5	6	-20.185	-13.985	40.3222	
5	8	-20.576	-16.959	15.0148	
5	10	-18.196	-18.786	16.9778	
5	11	-19.793	-11.011	33.4984	
5	13	-17.021	-9.863	18.0985	
5	14	-15.033	-14.663	12.1121	
6342	7	12:59:06:888:891:510	90.6271
1	2	-5.935	-5.27	12.3366	
1	4	-5.543	-2.296	7.19023	
1	12	-3.555	-7.097	19.2013	
1	13	-5.152	0.678	8.1603	
1	14	-3.163	-4.122	15.5673	
1	16	-2.772	-1.148	18.7663	
2	7	-0.783	-5.949	9.40501	
6348	5	12:59:06:967:956:770	88.893
4	23	22.173	9.184	24.8551	
4	25	21.782	6.21	29.6382	
13	6	24.553	7.358	11.0117	
13	9	22.565	12.159	7.9598	
13	11	24.945	10.332	15.4282	
6358	10	12:59:07:098:960:960	199.176
1	15	-4.76	3.653	9.04604	
1	17	-4.369	6.627	15.8625	
7	3	-16.66	12.784	27.1666	
7	9	-19.432	11.636	11.3258	
7	11	-17.052	9.81	13.1002	
7	13	-14.28	10.958	35.3069	
7	16	-11.9	9.131	36.823	
7	24	-6.749	8.453	11.0318	
7	26	-9.52	7.305	22.6351	
7	28	-9.129	10.279	16.8779	
6361	4	12:59:07:130:883:870	53.0773
9	13	-26.15	0.417	21.4672	
9	15	-25.758	3.391	9.61861	
9	16	-23.77	-1.409	11.3429	
9	18	-23.378	1.565	10.6486	
6363	11	12:59:07:132:455:650	271.111
10	16	21.421	-16.437	12.7291	
10	18	21.812	-13.462	45.3456	
10	20	24.584	-12.314	14.482	
10	24	26.572	-17.115	53.0019	
10	26	23.801	-18.263	18.1463	
10	27	22.204	-10.488	11.9381	
10	28	24.192	-15.289	53.2676	
22	21	26.181	-20.089	26.1807	
22	23	28.561	-21.915	14.2245	
22	25	28.169	-24.89	11.1026	
22	29	25.789	-23.063	10.6928	
6369	8	12:59:07:184:804:130	123.253
2	12	5.574	-17.376	16.2483	
2	13	3.977	-9.601	9.44902	
2	14	5.965	-14.402	13.8575	
2	16	6.357	-11.428	16.2097	
2	26	8.737	-13.254	13.1656	
11	17	7.954	-19.202	14.7099	
11	19	8.346	-16.228	28.5687	
11	21	11.117	-15.08	11.0443	
6370	6	12:59:07:196:030:590	134.314
3	21	10.664	21.29	12.3162	
3	23	13.044	19.464	7.18617	
14	3	16.208	23.586	47.4814	
14	5	16.599	26.561	17.1328	
14	7	13.828	25.413	13.957	
14	9	13.436	22.438	36.24	
6375	5	12:59:07:293:060:380	102.418
8	17	-1.627	27.447	18.7601	
8	19	-1.236	30.422	27.9928	
19	20	-5.996	34.074	11.3782	
19	22	-3.616	32.248	26.5966	
19	24	-4.008	29.274	17.6906	
6392	8	12:59:07:428:895:510	177.575
9	5	-28.139	5.217	8.50476	
9	15	-25.758	3.391	10.8122	
9	17	-25.367	6.366	80.201	
9	18	-23.378	1.565	7.27604	
9	27	-22.987	4.539	28.6279	
9	29	-22.595	7.514	13.1537	
20	22	-27.355	11.166	11.1058	
20	24	-27.747	8.192	17.8934	
6400	5	12:59:07:500:527:730	64.3495
2	20	9.52	-7.305	7.33135	
2	22	11.9	-9.131	15.9739	
2	24	11.509	-12.106	17.4571	
2	28	9.129	-10.279	9.034	
4	8	12.292	-6.157	14.5531	
6401	42	12:59:07:507:812:860	3247.87
1	22	2.772	1.148	13.3971	
1	24	2.38	-1.826	13.5115	
1	25	0.783	5.949	8.21931	
2	3	1.597	-7.775	44.8579	
2	4	3.585	-12.576	7.47877	
2	5	1.988	-4.801	35.6879	
2	7	-0.783	-5.949	12.9757	
2	9	-1.175	-8.923	11.9686	
2	11	1.205	-10.749	23.4757	
2	13	3.977	-9.601	22.717	
2	15	4.369	-6.627	136.674	
2	17	4.76	-3.653	151.82	
2	18	6.749	-8.453	42.8601	
2	19	5.152	-0.678	37.1048	
2	20	9.52	-7.305	36.5123	
2	21	7.923	0.47	88.739	
2	22	11.9	-9.131	11.8789	
2	23	10.303	-1.356	806.512	
2	25	9.912	-4.331	126.56	
2	27	7.14	-5.479	223.171	
2	28	9.129	-10.279	10.9524	
2	29	7.532	-2.505	297.615	
3	2	5.935	5.27	7.77257	
3	6	3.555	7.097	7.40097	
3	8	3.163	4.122	14.0618	
3	10	5.543	2.296	14.0091	
3	12	8.315	3.444	18.8325	
3	14	8.706	6.418	10.7675	
3	26	11.478	7.567	10.1996	
4	2	15.064	-5.009	13.6714	
4	3	13.467	2.766	66.5662	
4	4	15.455	-2.035	41.1838	
4	5	13.858	5.74	12.3131	
4	6	12.683	-3.183	91.8848	
4	7	11.087	4.592	39.5564	
4	8	12.292	-6.157	37.7018	
4	9	10.695	1.618	219.562	
4	10	14.672	-7.983	8.264	
4	11	13.075	-0.208	411.739	
4	13	15.847	0.94	24.5173	
4	16	18.227	-0.887	15.5447	
6	23	-1.566	-11.897	17.6295	
6407	5	12:59:07:634:884:500	51.8892
1	22	2.772	1.148	7.62132	
2	21	7.923	0.47	9.01736	
3	2	5.935	5.27	7.04954	
3	8	3.163	4.122	12.1317	
3	10	5.543	2.296	16.0692	
6418	8	12:59:07:755:274:670	126.027
1	5	-7.14	5.479	14.3789	
1	17	-4.369	6.627	17.3325	
1	18	-2.38	1.826	10.482	
1	19	-3.977	9.601	16.5313	
1	20	0.392	2.974	10.7591	
1	27	-1.988	4.801	26.3703	
7	20	-8.737	13.254	13.4921	
7	22	-6.357	11.428	16.6803	
6423	4	12:59:07:805:494:750	63.679
9	2	-26.933	-5.532	14.887	
9	8	-29.705	-6.68	7.5235	
9	10	-27.325	-8.506	22.592	
9	12	-24.553	-7.358	18.6766	
6429	5	12:59:07:870:163:070	73.1495
6	2	-8.676	-26.091	12.9402	
6	8	-11.448	-27.239	29.4451	
17	18	-16.991	-29.535	7.13141	
17	20	-14.219	-28.387	14.7362	
17	22	-11.839	-30.213	8.89661	
6431	15	12:59:07:875:566:780	906.907
10	13	19.04	-14.61	7.89789	
10	15	19.432	-11.636	23.3269	
10	16	21.421	-16.437	18.3126	
10	17	19.824	-8.662	36.7717	
10	18	21.812	-13.462	106.501	
10	20	24.584	-12.314	149.422	
10	22	26.964	-14.14	123.645	
10	24	26.572	-17.115	103.799	
10	25	24.975	-9.34	11.3264	
10	26	23.801	-18.263	32.0089	
10	27	22.204	-10.488	126.462	
10	28	24.192	-15.289	127.259	
12	8	27.355	-11.166	18.4556	
12	10	29.735	-12.992	14.6327	
12	12	32.507	-11.844	7.08515	
6435	11	12:59:07:902:433:590	253.801
2	2	3.194	-15.55	18.4754	
2	12	5.574	-17.376	78.0602	
2	14	5.965	-14.402	27.2405	
2	26	8.737	-13.254	10.171	
11	5	5.182	-20.351	19.0863	
11	7	2.411	-21.499	13.1871	
11	15	7.562	-22.177	24.0559	
11	17	7.954	-19.202	24.9597	
11	18	9.942	-24.003	13.0075	
11	19	8.346	-16.228	15.8303	
11	27	10.334	-21.029	9.72741	
6438	9	12:59:07:925:781:260	146.15
5	14	-15.033	-14.663	9.02262	
5	15	-16.63	-6.888	9.36342	
5	18	-14.25	-8.715	9.44768	
5	20	-11.478	-7.567	11.1235	
5	22	-9.098	-9.393	8.66801	
5	26	-12.261	-13.515	23.5012	
5	27	-13.858	-5.74	20.8266	
5	28	-11.87	-10.541	38.2976	
5	29	-13.467	-2.766	15.8993	
6462	4	12:59:08:162:201:870	86.119
3	4	6.326	8.245	13.709	
3	16	9.098	9.393	26.0579	
3	24	14.25	8.715	13.463	
3	26	11.478	7.567	32.8891	
6468	4	12:59:08:239:357:270	73.1537
2	5	1.988	-4.801	12.463	
2	15	4.369	-6.627	26.0275	
2	18	6.749	-8.453	17.6169	
2	20	9.52	-7.305	17.0463	
6475	11	12:59:08:260:653:960	327.652
3	2	5.935	5.27	73.7943	
3	3	4.338	13.045	46.3441	
3	4	6.326	8.245	83.9046	
3	5	4.73	16.02	19.0792	
3	7	1.958	14.872	8.03308	
3	8	3.163	4.122	11.6984	
3	11	3.946	10.071	23.1824	
3	12	8.315	3.444	9.76722	
3	13	6.718	11.219	31.2987	
3	15	7.11	14.193	12.5691	
3	16	9.098	9.393	7.98071	
6504	14	12:59:08:550:919:890	679.294
17	3	-22.143	-28.857	18.2513	
17	5	-21.751	-25.882	46.046	
17	7	-24.523	-27.03	187.387	
17	9	-24.914	-30.005	24.9375	
17	13	-19.762	-30.683	7.54652	
17	17	-18.979	-24.734	8.97778	
21	18	-26.119	-19.255	7.70125	
21	20	-23.348	-18.107	52.2854	
21	22	-20.968	-19.934	12.0184	
21	23	-22.565	-12.159	13.5358	
21	24	-21.359	-22.908	19.2969	
21	25	-22.956	-15.133	36.2073	
21	26	-24.131	-24.056	162.176	
21	28	-23.739	-21.082	82.9279	
6519	6	12:59:08:725:308:800	129.882
7	8	-17.835	3.861	8.17193	
9	20	-20.607	2.713	12.1452	
9	23	-19.824	8.662	26.0866	
9	25	-20.215	5.687	44.1465	
9	27	-22.987	4.539	32.0705	
9	29	-22.595	7.514	7.26163	
6531	10	12:59:08:841:629:050	135.88
2	12	5.574	-17.376	7.11504	
11	5	5.182	-20.351	7.12424	
11	14	9.159	-29.952	19.7269	
11	15	7.562	-22.177	15.1158	
11	16	9.551	-26.977	11.022	
11	17	7.954	-19.202	18.7841	
11	18	9.942	-24.003	13.0659	
11	24	14.703	-27.656	7.02478	
11	26	11.931	-28.804	26.3305	
11	28	12.322	-25.829	10.5704	
6537	6	12:59:08:868:428:560	91.0533
9	13	-26.15	0.417	8.25918	
9	18	-23.378	1.565	16.3008	
9	23	-19.824	8.662	22.3037	
9	25	-20.215	5.687	7.41635	
9	27	-22.987	4.539	27.0274	
9	29	-22.595	7.514	9.74587	
6551	7	12:59:09:051:593:080	126.106
17	12	-16.208	-23.586	10.6411	
17	17	-18.979	-24.734	11.4313	
17	19	-18.588	-21.76	25.3924	
21	20	-23.348	-18.107	18.6244	
21	22	-20.968	-19.934	30.3914	
21	24	-21.359	-22.908	8.36502	
21	25	-22.956	-15.133	21.2602	
6565	5	12:59:09:161:479:340	66.808
1	3	-7.532	2.505	11.5296	
1	4	-5.543	-2.296	15.5923	
1	9	-10.303	1.356	11.3089	
1	11	-7.923	-0.47	20.3555	
1	16	-2.772	-1.148	8.02166	
6568	35	12:59:09:173:372:810	1350.03
6	16	-5.513	-21.968	10.5703	
6	18	-5.121	-18.994	16.0844	
6	20	-2.349	-17.846	7.73137	
6	22	0.031	-19.672	10.2603	
6	24	-0.361	-22.647	59.9262	
6	26	-3.133	-23.795	16.4898	
6	28	-2.741	-20.82	42.5672	
11	2	6.388	-31.1	11.8678	
11	3	4.791	-23.325	56.5241	
11	4	6.779	-28.125	102.04	
11	5	5.182	-20.351	10.0071	
11	6	4.008	-29.274	13.8113	
11	7	2.411	-21.499	35.5138	
11	8	3.616	-32.248	9.16617	
11	9	2.019	-24.473	85.5917	
11	11	4.399	-26.299	119.216	
11	12	8.768	-32.926	12.5239	
11	13	7.171	-25.151	111.338	
11	14	9.159	-29.952	66.9558	
11	15	7.562	-22.177	13.763	
11	16	9.551	-26.977	140.682	
11	18	9.942	-24.003	8.82755	
11	24	14.703	-27.656	12.6148	
11	26	11.931	-28.804	139.332	
11	28	12.322	-25.829	12.98	
18	21	-0.753	-25.621	7.50072	
18	23	1.627	-27.447	15.5715	
18	25	1.236	-30.422	14.8503	
22	3	19.854	-28.334	12.6449	
22	5	20.246	-25.36	9.59823	
22	7	17.474	-26.508	17.1727	
22	9	17.083	-29.482	50.1723	
22	11	19.463	-31.308	62.5409	
22	13	22.234	-30.16	25.8328	
22	15	22.626	-27.186	7.75756	
6574	8	12:59:09:239:616:780	167.505
11	2	6.388	-31.1	36.0958	
11	4	6.779	-28.125	22.9225	
11	6	4.008	-29.274	18.3957	
11	8	3.616	-32.248	11.6469	
11	12	8.768	-32.926	27.2636	
11	14	9.159	-29.952	26.1785	
11	24	14.703	-27.656	7.24838	
11	26	11.931	-28.804	17.754	
6590	14	12:59:09:416:004:890	295.547
3	2	5.935	5.27	9.48977	
3	8	3.163	4.122	12.0923	
3	10	5.543	2.296	27.7297	
3	12	8.315	3.444	19.8353	
3	14	8.706	6.418	33.983	
3	22	14.641	11.689	19.3053	
3	24	14.25	8.715	25.9936	
3	26	11.478	7.567	39.7246	
3	28	11.87	10.541	14.8562	
4	5	13.858	5.74	11.2117	
4	7	11.087	4.592	44.8895	
4	17	16.63	6.888	10.8847	
4	19	17.021	9.863	17.3968	
4	21	19.793	11.011	8.15456	
6591	18	12:59:09:418:157:730	470.652
8	17	-1.627	27.447	7.899	
8	18	0.361	22.647	8.4569	
8	19	-1.236	30.422	38.433	
8	21	1.536	31.57	91.7688	
8	23	3.916	29.743	64.6444	
8	25	3.524	26.769	22.0736	
8	27	0.753	25.621	16.8303	
8	29	1.144	28.595	52.6967	
16	2	8.676	26.091	26.3345	
16	6	6.296	27.917	34.2944	
16	7	4.699	35.692	14.4923	
16	8	5.904	24.943	10.9473	
16	9	4.307	32.718	26.6988	
16	10	8.284	23.116	11.354	
16	11	6.687	30.891	7.38728	
16	12	11.056	24.264	8.55481	
16	14	11.448	27.239	13.2304	
19	22	-3.616	32.248	14.5558	
6612	4	12:59:09:647:144:630	40.4041
4	20	21.39	3.236	15.5415	
4	22	23.77	1.409	7.11382	
4	27	19.01	5.062	9.37812	
13	8	24.162	4.384	8.3707	
6629	17	12:59:09:785:692:950	504.368
8	3	-4.791	23.325	21.3476	
8	5	-4.399	26.299	15.87	
8	7	-7.171	25.151	7.01113	
8	11	-5.182	20.351	10.485	
8	13	-2.411	21.499	26.95	
8	15	-2.019	24.473	107.479	
8	17	-1.627	27.447	50.5865	
8	18	0.361	22.647	10.6278	
8	21	1.536	31.57	13.0188	
8	23	3.916	29.743	43.9022	
8	25	3.524	26.769	16.5855	
8	27	0.753	25.621	62.2155	
8	29	1.144	28.595	48.4405	
16	3	7.079	33.866	29.2524	
16	5	7.471	36.84	8.52231	
16	7	4.699	35.692	9.72043	
16	9	4.307	32.718	22.3525	
6630	27	12:59:09:808:649:610	664.627
5	2	-17.805	-15.811	8.08664	
5	8	-20.576	-16.959	15.537	
5	10	-18.196	-18.786	13.7802	
6	2	-8.676	-26.091	52.2099	
6	4	-8.284	-23.116	29.0306	
6	6	-11.056	-24.264	68.6316	
6	8	-11.448	-27.239	14.6396	
6	9	-13.044	-19.464	24.6521	
6	10	-9.067	-29.065	11.4791	
6	11	-10.664	-21.29	10.2076	
6	12	-6.296	-27.917	34.2215	
6	14	-5.904	-24.943	53.4318	
6	26	-3.133	-23.795	8.33631	
17	12	-16.208	-23.586	9.44632	
17	14	-13.828	-25.413	11.4497	
17	21	-15.816	-20.612	26.4946	
17	23	-13.436	-22.438	37.5533	
18	5	-6.687	-30.891	13.7579	
18	15	-4.307	-32.718	8.18453	
18	17	-3.916	-29.743	28.8198	
18	19	-3.524	-26.769	55.5586	
18	21	-0.753	-25.621	22.6033	
18	23	1.627	-27.447	10.4552	
18	25	1.236	-30.422	12.2801	
18	27	-1.536	-31.57	14.6089	
18	29	-1.144	-28.595	60.0532	
21	22	-20.968	-19.934	9.11743	
6639	15	12:59:09:967:265:040	311.71
1	4	-5.543	-2.296	11.9972	
1	11	-7.923	-0.47	18.9911	
1	13	-5.152	0.678	28.718	
1	18	-2.38	1.826	30.8609	
1	20	0.392	2.974	16.2408	
1	25	0.783	5.949	8.86731	
3	2	5.935	5.27	13.4212	
3	4	6.326	8.245	28.5304	
3	6	3.555	7.097	25.7611	
3	8	3.163	4.122	26.351	
3	14	8.706	6.418	17.0208	
3	16	9.098	9.393	28.4707	
3	22	14.641	11.689	18.8564	
3	26	11.478	7.567	20.6139	
3	28	11.87	10.541	17.0093	
6641	10	12:59:10:002:266:830	152.907
14	3	16.208	23.586	30.6275	
14	4	18.196	18.786	7.44901	
14	9	13.436	22.438	15.4235	
14	11	15.816	20.612	12.0185	
14	13	18.588	21.76	22.0125	
14	15	18.979	24.734	13.1096	
14	18	21.359	22.908	22.1625	
14	20	24.131	24.056	9.13841	
14	27	21.751	25.882	8.05376	
14	28	23.739	21.082	12.9114	
6643	6	12:59:10:034:719:670	95.131
5	19	-15.847	-0.94	15.6412	
5	21	-13.075	0.208	23.1886	
7	8	-17.835	3.861	14.867	
7	10	-15.455	2.035	17.7719	
9	20	-20.607	2.713	11.7945	
9	22	-18.227	0.887	11.8677	
6648	37	12:59:10:057:885:160	1458.22
6	2	-8.676	-26.091	40.187	
6	4	-8.284	-23.116	32.2473	
6	6	-11.056	-24.264	56.1833	
6	8	-11.448	-27.239	35.9976	
6	10	-9.067	-29.065	8.15301	
6	11	-10.664	-21.29	9.76762	
6	12	-6.296	-27.917	9.13642	
6	14	-5.904	-24.943	37.2517	
6	16	-5.513	-21.968	21.9067	
6	24	-0.361	-22.647	22.5752	
6	26	-3.133	-23.795	33.784	
6	28	-2.741	-20.82	14.8029	
11	3	4.791	-23.325	18.7511	
11	5	5.182	-20.351	12.2935	
11	9	2.019	-24.473	18.7611	
11	11	4.399	-26.299	8.22383	
11	15	7.562	-22.177	13.2631	
17	3	-22.143	-28.857	39.3133	
17	5	-21.751	-25.882	161.171	
17	7	-24.523	-27.03	215.902	
17	9	-24.914	-30.005	48.523	
17	11	-22.534	-31.831	7.89179	
17	12	-16.208	-23.586	53.7283	
17	13	-19.762	-30.683	20.7803	
17	14	-13.828	-25.413	90.0945	
17	15	-19.371	-27.709	36.8525	
17	17	-18.979	-24.734	109.287	
17	18	-16.991	-29.535	8.73163	
17	19	-18.588	-21.76	9.35511	
17	20	-14.219	-28.387	17.1799	
17	21	-15.816	-20.612	7.16689	
17	23	-13.436	-22.438	36.7709	
17	27	-16.599	-26.561	85.5264	
21	16	-26.511	-22.23	15.5843	
21	24	-21.359	-22.908	39.4394	
21	26	-24.131	-24.056	52.611	
21	28	-23.739	-21.082	9.02701	
6656	14	12:59:10:148:436:540	230.654
1	22	2.772	1.148	19.002	
2	19	5.152	-0.678	19.8236	
2	21	7.923	0.47	8.74411	
3	2	5.935	5.27	15.6355	
3	4	6.326	8.245	9.68958	
3	8	3.163	4.122	9.96534	
3	10	5.543	2.296	19.2831	
3	12	8.315	3.444	17.5088	
3	14	8.706	6.418	26.5571	
3	16	9.098	9.393	8.64886	
3	22	14.641	11.689	18.6693	
3	24	14.25	8.715	15.2531	
3	26	11.478	7.567	28.0935	
3	28	11.87	10.541	13.7797	
6658	8	12:59:10:157:125:760	129.741
11	4	6.779	-28.125	19.9017	
11	11	4.399	-26.299	22.4913	
11	13	7.171	-25.151	20.3555	
11	16	9.551	-26.977	11.832	
11	18	9.942	-24.003	12.569	
11	22	15.094	-24.681	11.3166	
11	26	11.931	-28.804	8.49528	
11	28	12.322	-25.829	22.7793	
6664	5	12:59:10:218:776:160	67.1601
7	23	-7.954	19.202	11.4885	
8	3	-4.791	23.325	8.83553	
8	7	-7.171	25.151	18.4869	
8	9	-7.562	22.177	18.9204	
8	11	-5.182	20.351	9.42877	
6673	7	12:59:10:345:578:020	93.6034
10	2	18.257	-20.559	18.0493	
10	4	18.649	-17.585	13.8284	
10	10	17.866	-23.533	12.5211	
10	12	20.637	-22.385	18.0063	
10	14	21.029	-19.411	16.0698	
10	16	21.421	-16.437	7.87676	
10	26	23.801	-18.263	7.25176	
6677	5	12:59:10:398:108:860	82.5506
9	4	-26.542	-2.557	13.7602	
9	14	-24.162	-4.384	18.0992	
9	16	-23.77	-1.409	17.3595	
9	18	-23.378	1.565	24.826	
9	28	-20.998	-0.261	8.50568	
6679	22	12:59:10:435:547:150	495.453
10	20	24.584	-12.314	7.11477	
10	22	26.964	-14.14	11.181	
10	23	25.367	-6.366	11.944	
10	25	24.975	-9.34	23.2927	
10	27	22.204	-10.488	8.1587	
10	29	22.595	-7.514	11.4239	
12	2	30.127	-10.018	28.2256	
12	4	30.519	-7.044	27.7373	
12	6	27.747	-8.192	16.6391	
12	8	27.355	-11.166	18.3529	
12	10	29.735	-12.992	21.1027	
12	11	28.139	-5.217	10.9788	
12	12	32.507	-11.844	54.5336	
12	13	30.91	-4.069	16.2297	
12	14	32.899	-8.87	74.7808	
12	16	33.29	-5.896	12.3555	
12	18	33.682	-2.921	10.7796	
12	20	36.453	-1.773	9.87088	
12	22	38.834	-3.6	18.5161	
12	24	38.442	-6.574	34.2222	
12	26	35.67	-7.722	46.4723	
12	28	36.062	-4.748	21.5411	
6683	29	12:59:10:455:770:230	570.407
7	3	-16.66	12.784	37.6641	
7	5	-16.269	15.758	40.6433	
7	7	-19.04	14.61	18.806	
7	9	-19.432	11.636	34.4131	
7	11	-17.052	9.81	7.02379	
7	17	-13.497	16.906	11.7421	
7	19	-13.106	19.881	23.5307	
7	21	-10.334	21.029	11.7091	
8	7	-7.171	25.151	7.87098	
9	3	-28.53	2.243	8.5224	
9	11	-28.922	-0.731	7.23455	
9	13	-26.15	0.417	28.4891	
9	15	-25.758	3.391	28.259	
9	17	-25.367	6.366	15.0593	
9	18	-23.378	1.565	8.86865	
9	19	-24.975	9.34	15.2824	
9	20	-20.607	2.713	12.1771	
9	21	-22.204	10.488	11.5105	
9	23	-19.824	8.662	37.2233	
9	27	-22.987	4.539	20.1724	
9	29	-22.595	7.514	43.4105	
15	22	-15.486	21.707	12.2307	
15	24	-15.877	18.733	24.8212	
19	2	-12.322	25.829	11.7208	
19	10	-12.714	22.855	29.3772	
19	12	-9.942	24.003	13.0229	
19	14	-9.551	26.977	13.9758	
19	26	-6.779	28.125	27.1119	
19	28	-6.388	31.1	8.53343	
6692	5	12:59:10:542:450:960	147.085
6	4	-8.284	-23.116	17.3299	
6	6	-11.056	-24.264	18.133	
6	9	-13.044	-19.464	51.1333	
6	11	-10.664	-21.29	51.434	
6	13	-7.893	-20.142	9.05504	
6699	19	12:59:10:610:035:010	473.218
5	4	-17.413	-12.837	12.5199	
5	14	-15.033	-14.663	16.1494	
5	16	-14.641	-11.689	22.8429	
5	26	-12.261	-13.515	26.873	
6	3	-10.273	-18.316	33.8873	
6	5	-9.881	-15.341	29.0446	
6	7	-12.653	-16.49	30.3903	
6	13	-7.893	-20.142	38.0312	
6	14	-5.904	-24.943	10.2014	
6	15	-7.501	-17.168	39.1511	
6	16	-5.513	-21.968	34.0089	
6	17	-7.11	-14.193	9.02606	
6	18	-5.121	-18.994	36.2711	
6	20	-2.349	-17.846	8.43132	
6	24	-0.361	-22.647	15.706	
6	26	-3.133	-23.795	47.6778	
6	27	-4.73	-16.02	13.2652	
6	28	-2.741	-20.82	38.3626	
18	21	-0.753	-25.621	11.3775	
6700	4	12:59:10:642:640:910	49.7824
5	5	-19.01	-5.062	10.866	
5	17	-16.238	-3.914	17.8575	
5	29	-13.467	-2.766	8.73549	
9	24	-18.618	-2.088	12.3235	
6710	4	12:59:10:725:077:860	79.9804
3	2	5.935	5.27	11.7944	
3	12	8.315	3.444	11.7327	
3	14	8.706	6.418	23.7431	
3	26	11.478	7.567	32.7102	
6734	4	12:59:10:938:328:360	52.0316
11	18	9.942	-24.003	7.36603	
11	20	12.714	-22.855	19.6798	
11	27	10.334	-21.029	9.43541	
11	28	12.322	-25.829	15.5503	
6743	18	12:59:11:028:804:350	740.419
7	3	-16.66	12.784	90.7132	
7	5	-16.269	15.758	19.0462	
7	11	-17.052	9.81	38.9085	
7	13	-14.28	10.958	98.0681	
7	15	-13.889	13.932	162.301	
7	16	-11.9	9.131	24.5986	
7	17	-13.497	16.906	26.2644	
7	18	-11.509	12.106	59.2488	
7	19	-13.106	19.881	14.1725	
7	20	-8.737	13.254	20.3362	
7	21	-10.334	21.029	7.50326	
7	22	-6.357	11.428	7.19885	
7	23	-7.954	19.202	11.9739	
7	25	-8.346	16.228	33.0222	
7	26	-9.52	7.305	9.8894	
7	27	-11.117	15.08	84.8699	
7	29	-10.726	18.054	21.6364	
8	6	-5.574	17.376	10.6672	
6746	6	12:59:11:051:294:760	180.283
19	16	-9.159	29.952	14.5832	
19	18	-8.768	32.926	23.942	
19	22	-3.616	32.248	8.45626	
19	24	-4.008	29.274	26.6629	
19	26	-6.779	28.125	27.891	
19	28	-6.388	31.1	78.7478	
6748	10	12:59:11:058:908:740	229.987
9	5	-28.139	5.217	9.02671	
9	15	-25.758	3.391	9.5835	
9	17	-25.367	6.366	35.9348	
9	19	-24.975	9.34	40.753	
9	21	-22.204	10.488	37.6767	
9	27	-22.987	4.539	10.5694	
9	29	-22.595	7.514	19.8739	
15	10	-24.584	12.314	14.146	
15	12	-21.812	13.462	44.7894	
20	24	-27.747	8.192	7.6331	
6749	15	12:59:11:093:255:120	412.452
2	19	5.152	-0.678	7.93631	
2	21	7.923	0.47	59.091	
3	10	5.543	2.296	8.19942	
3	12	8.315	3.444	26.4938	
4	3	13.467	2.766	68.1519	
4	5	13.858	5.74	43.8583	
4	7	11.087	4.592	46.1256	
4	9	10.695	1.618	54.0925	
4	11	13.075	-0.208	8.67227	
4	15	16.238	3.914	20.4611	
4	17	16.63	6.888	18.6902	
4	23	22.173	9.184	7.6231	
4	25	21.782	6.21	9.67777	
4	27	19.01	5.062	11.3117	
4	29	19.401	8.036	22.0674	
6752	4	12:59:11:132:825:920	45.8652
2	5	1.988	-4.801	9.72044	
2	17	4.76	-3.653	17.3617	
2	27	7.14	-5.479	8.98915	
2	29	7.532	-2.505	9.79393	
6753	5	12:59:11:149:775:430	79.1744
5	2	-17.805	-15.811	25.3058	
5	6	-20.185	-13.985	8.49856	
5	8	-20.576	-16.959	13.8832	
5	10	-18.196	-18.786	18.6908	
5	12	-15.425	-17.638	12.7961	
6764	4	12:59:11:236:843:470	98.9032
7	17	-13.497	16.906	8.14427	
7	21	-10.334	21.029	20.5583	
7	23	-7.954	19.202	27.7018	
7	29	-10.726	18.054	42.4989	
6768	6	12:59:11:284:347:740	84.6924
4	2	15.064	-5.009	19.895	
4	4	15.455	-2.035	19.1186	
4	10	14.672	-7.983	16.6028	
4	12	17.444	-6.835	12.1194	
4	14	17.835	-3.861	7.55592	
4	16	18.227	-0.887	9.4007	
6776	10	12:59:11:324:932:140	139.811
6	2	-8.676	-26.091	15.7118	
6	6	-11.056	-24.264	21.992	
6	8	-11.448	-27.239	8.21144	
6	9	-13.044	-19.464	15.9841	
17	12	-16.208	-23.586	19.6394	
17	14	-13.828	-25.413	11.4854	
17	17	-18.979	-24.734	12.6209	
17	19	-18.588	-21.76	8.88555	
17	23	-13.436	-22.438	14.8293	
17	27	-16.599	-26.561	10.4509	
6779	6	12:59:11:337:993:780	89.0023
1	7	-9.912	4.331	17.4877	
1	9	-10.303	1.356	14.3317	
7	14	-12.292	6.157	13.2001	
7	16	-11.9	9.131	16.2048	
7	18	-11.509	12.106	15.0323	
7	26	-9.52	7.305	12.7457	
6781	4	12:59:11:347:384:480	58.2628
13	5	25.728	16.281	9.99847	
13	15	28.108	14.455	11.2693	
13	17	28.5	17.429	25.487	
14	24	26.119	19.255	11.5081	
6784	4	12:59:11:385:781:370	66.4244
8	19	-1.236	30.422	14.9099	
8	21	1.536	31.57	9.63644	
8	23	3.916	29.743	12.7586	
8	29	1.144	28.595	29.1194	
6786	15	12:59:11:405:324:910	694.85
3	18	9.49	12.367	9.16928	
3	20	12.261	13.515	15.0112	
3	22	14.641	11.689	286.401	
3	24	14.25	8.715	16.8194	
3	28	11.87	10.541	57.6664	
14	2	17.805	15.811	81.9903	
14	4	18.196	18.786	12.3939	
14	8	15.033	14.663	76.7508	
14	10	17.413	12.837	57.7722	
14	12	20.185	13.985	13.0512	
14	13	18.588	21.76	7.75338	
14	14	20.576	16.959	21.3925	
14	16	20.968	19.934	16.3048	
14	26	23.348	18.107	12.7407	
14	28	23.739	21.082	9.63326	
6804	7	12:59:11:626:766:180	175.982
5	3	-19.401	-8.036	21.8709	
5	5	-19.01	-5.062	36.3383	
5	7	-21.782	-6.21	22.5757	
5	9	-22.173	-9.184	7.22855	
5	17	-16.238	-3.914	17.3886	
9	24	-18.618	-2.088	43.2611	
9	26	-21.39	-3.236	27.3187	
6806	10	12:59:11:640:605:130	158.378
8	17	-1.627	27.447	19.1222	
8	20	3.133	23.795	17.8839	
8	23	3.916	29.743	8.10526	
8	25	3.524	26.769	16.8281	
8	27	0.753	25.621	33.4401	
8	29	1.144	28.595	8.32859	
16	2	8.676	26.091	11.5546	
16	6	6.296	27.917	9.44338	
16	8	5.904	24.943	13.9745	
16	10	8.284	23.116	19.6972	
6820	5	12:59:11:767:021:730	99.7197
5	14	-15.033	-14.663	22.4688	
5	16	-14.641	-11.689	9.49029	
5	26	-12.261	-13.515	20.4666	
6	5	-9.881	-15.341	10.5234	
6	7	-12.653	-16.49	36.7706	
6822	10	12:59:11:787:592:720	162.119
2	2	3.194	-15.55	20.9255	
2	4	3.585	-12.576	8.69154	
2	13	3.977	-9.601	7.91355	
2	14	5.965	-14.402	12.9413	
2	15	4.369	-6.627	27.3684	
2	16	6.357	-11.428	23.1081	
2	26	8.737	-13.254	18.6039	
2	27	7.14	-5.479	7.09669	
11	19	8.346	-16.228	7.95636	
11	21	11.117	-15.08	27.5139	
6854	8	12:59:12:065:286:540	298.143
2	22	11.9	-9.131	23.5548	
2	23	10.303	-1.356	35.4837	
2	25	9.912	-4.331	75.3773	
2	27	7.14	-5.479	7.87395	
4	2	15.064	-5.009	10.7127	
4	6	12.683	-3.183	46.3028	
4	8	12.292	-6.157	78.7951	
4	10	14.672	-7.983	20.043	
6862	15	12:59:12:137:413:750	477.801
3	5	4.73	16.02	18.7144	
3	7	1.958	14.872	53.8255	
3	13	6.718	11.219	12.9296	
3	15	7.11	14.193	17.1107	
3	18	9.49	12.367	14.6233	
3	20	12.261	13.515	8.73082	
3	27	9.881	15.341	11.2109	
8	2	-3.194	15.55	104.067	
8	6	-5.574	17.376	42.3466	
8	8	-5.965	14.402	15.7717	
8	10	-3.585	12.576	7.08427	
8	11	-5.182	20.351	13.9024	
8	12	-0.814	13.724	15.757	
8	14	-0.422	16.698	120.298	
8	26	2.349	17.846	21.4291	
6866	9	12:59:12:165:312:490	219.571
8	5	-4.399	26.299	13.4105	
8	19	-1.236	30.422	16.8348	
19	15	-11.148	34.752	19.6841	
19	18	-8.768	32.926	39.6146	
19	20	-5.996	34.074	43.1818	
19	22	-3.616	32.248	24.8935	
19	24	-4.008	29.274	17.9023	
19	26	-6.779	28.125	13.4781	
19	28	-6.388	31.1	30.5712	
6875	4	12:59:12:238:928:930	51.2011
9	3	-28.53	2.243	13.2244	
9	4	-26.542	-2.557	9.67362	
9	9	-31.302	1.095	9.92525	
9	11	-28.922	-0.731	18.3778	
6877	7	12:59:12:264:557:640	184.609
9	3	-28.53	2.243	8.48975	
9	4	-26.542	-2.557	15.7715	
9	6	-29.313	-3.706	69.9122	
9	8	-29.705	-6.68	20.849	
9	9	-31.302	1.095	9.05461	
9	11	-28.922	-0.731	44.9159	
9	13	-26.15	0.417	15.6155	
6884	6	12:59:12:339:849:470	93.8826
12	3	28.53	-2.243	8.51234	
12	5	28.922	0.731	26.128	
12	7	26.15	-0.417	9.33681	
12	15	31.302	-1.095	7.06292	
13	10	26.542	2.558	24.0844	
13	12	29.313	3.706	18.7582	
6892	6	12:59:12:412:345:030	125.221
7	2	-15.064	5.009	34.3683	
7	4	-14.672	7.983	45.7528	
7	10	-15.455	2.035	7.43904	
7	11	-17.052	9.81	8.68989	
7	12	-12.683	3.183	11.5455	
7	14	-12.292	6.157	17.4255	
6896	5	12:59:12:495:520:080	70.0701
1	19	-3.977	9.601	11.2189	
1	21	-1.205	10.749	19.5393	
1	23	1.175	8.923	15.9548	
7	20	-8.737	13.254	9.60669	
7	22	-6.357	11.428	29.7052	
6912	6	12:59:12:648:137:150	76.0114
7	7	-19.04	14.61	12.4133	
7	9	-19.432	11.636	21.6464	
7	11	-17.052	9.81	8.85324	
9	21	-22.204	10.488	10.9751	
9	23	-19.824	8.662	11.6512	
15	12	-21.812	13.462	10.4721	
6913	11	12:59:12:651:722:430	244.75
14	5	16.599	26.561	17.2662	
14	7	13.828	25.413	10.5665	
14	17	19.371	27.709	15.4309	
14	19	19.762	30.683	37.4792	
14	21	22.534	31.831	12.5015	
16	2	8.676	26.091	12.6179	
16	14	11.448	27.239	22.7836	
16	22	17.382	32.509	12.1111	
16	24	16.991	29.535	51.8137	
16	26	14.219	28.387	44.011	
16	28	14.611	31.361	8.1686	
6922	11	12:59:12:762:316:030	203.529
14	2	17.805	15.811	8.78467	
14	3	16.208	23.586	16.7103	
14	4	18.196	18.786	48.3076	
14	5	16.599	26.561	22.3327	
14	6	15.425	17.638	14.8436	
14	7	13.828	25.413	11.7186	
14	11	15.816	20.612	34.5322	
14	13	18.588	21.76	13.2491	
14	14	20.576	16.959	8.62906	
14	16	20.968	19.934	11.0316	
16	26	14.219	28.387	13.3893	
6930	13	12:59:12:819:105:440	473.835
1	3	-7.532	2.505	8.10917	
1	5	-7.14	5.479	8.27874	
1	7	-9.912	4.331	150.633	
1	9	-10.303	1.356	42.6396	
5	19	-15.847	-0.94	7.82061	
5	21	-13.075	0.208	84.2776	
5	23	-10.695	-1.618	9.28303	
7	2	-15.064	5.009	16.8669	
7	10	-15.455	2.035	28.6934	
7	12	-12.683	3.183	82.5329	
7	14	-12.292	6.157	13.6541	
7	26	-9.52	7.305	10.2272	
9	22	-18.227	0.887	10.8197	
6933	12	12:59:12:851:773:680	132.358
1	3	-7.532	2.505	8.03231	
1	11	-7.923	-0.47	18.6223	
1	15	-4.76	3.653	10.5237	
1	17	-4.369	6.627	7.07659	
1	18	-2.38	1.826	9.65586	
1	21	-1.205	10.749	10.0965	
1	23	1.175	8.923	11.0033	
1	27	-1.988	4.801	19.2197	
1	29	-1.597	7.775	15.8039	
3	4	6.326	8.245	8.75651	
3	6	3.555	7.097	8.64632	
3	11	3.946	10.071	15.924	
6934	44	12:59:12:853:139:660	2250.06
2	8	0.422	-16.698	10.6251	
2	10	2.802	-18.524	8.3639	
2	12	5.574	-17.376	10.5357	
6	16	-5.513	-21.968	8.11925	
6	18	-5.121	-18.994	10.1949	
6	22	0.031	-19.672	15.9968	
6	24	-0.361	-22.647	9.87441	
6	28	-2.741	-20.82	14.1775	
10	2	18.257	-20.559	112.294	
10	3	16.66	-12.784	11.4133	
10	4	18.649	-17.585	56.6551	
10	6	15.877	-18.733	59.8482	
10	7	14.28	-10.958	7.94276	
10	8	15.486	-21.707	54.1482	
10	9	13.889	-13.932	14.2605	
10	10	17.866	-23.533	18.2307	
10	11	16.269	-15.758	11.3665	
10	12	20.637	-22.385	56.9695	
10	13	19.04	-14.61	16.2915	
10	14	21.029	-19.411	226.426	
10	16	21.421	-16.437	46.9947	
10	22	26.964	-14.14	10.6949	
10	24	26.572	-17.115	54.1732	
10	26	23.801	-18.263	220.723	
10	28	24.192	-15.289	11.8668	
11	5	5.182	-20.351	27.9999	
11	7	2.411	-21.499	17.7134	
11	9	2.019	-24.473	8.03404	
11	15	7.562	-22.177	23.703	
11	17	7.954	-19.202	13.938	
11	20	12.714	-22.855	25.5338	
11	22	15.094	-24.681	7.18936	
11	23	13.497	-16.906	18.8829	
11	25	13.106	-19.881	52.5409	
11	27	10.334	-21.029	47.3595	
11	28	12.322	-25.829	8.22497	
11	29	10.726	-18.054	25.9986	
22	17	23.017	-24.212	21.4556	
22	19	23.409	-21.237	277.926	
22	21	26.181	-20.089	335.403	
22	23	28.561	-21.915	147.894	
22	25	28.169	-24.89	13.9287	
22	27	25.398	-26.038	21.646	
22	29	25.789	-23.063	76.5021	
6942	8	12:59:12:952:449:900	207.649
10	8	15.486	-21.707	14.9523	
10	10	17.866	-23.533	16.6614	
22	5	20.246	-25.36	23.2277	
22	15	22.626	-27.186	22.4281	
22	17	23.017	-24.212	54.8854	
22	19	23.409	-21.237	13.9428	
22	27	25.398	-26.038	50.8265	
22	29	25.789	-23.063	10.7252	
6947	4	12:59:12:976:386:350	66.3413
4	16	18.227	-0.887	9.43427	
4	24	23.378	-1.565	16.6991	
4	26	20.607	-2.713	15.0586	
12	9	25.758	-3.391	25.1494	
6949	5	12:59:13:032:735:420	64.8916
10	19	20.215	-5.687	11.3927	
10	21	22.987	-4.539	9.95122	
10	23	25.367	-6.366	11.7487	
10	25	24.975	-9.34	14.8459	
10	29	22.595	-7.514	16.9531	
6950	13	12:59:13:035:531:600	341.256
7	6	-17.444	6.835	11.859	
9	3	-28.53	2.243	8.32648	
9	4	-26.542	-2.557	34.0013	
9	6	-29.313	-3.706	10.4561	
9	11	-28.922	-0.731	12.309	
9	13	-26.15	0.417	65.7056	
9	16	-23.77	-1.409	31.6614	
9	18	-23.378	1.565	74.5091	
9	20	-20.607	2.713	22.8559	
9	23	-19.824	8.662	7.74729	
9	25	-20.215	5.687	29.6974	
9	27	-22.987	4.539	13.9516	
9	28	-20.998	-0.261	18.1756	
6977	11	12:59:13:323:357:320	244.202
1	2	-5.935	-5.27	11.1687	
1	12	-3.555	-7.097	8.7174	
1	14	-3.163	-4.122	29.9547	
2	3	1.597	-7.775	35.3536	
2	5	1.988	-4.801	10.2759	
2	7	-0.783	-5.949	41.9559	
2	13	3.977	-9.601	26.7722	
2	15	4.369	-6.627	14.1656	
2	16	6.357	-11.428	13.4571	
2	18	6.749	-8.453	23.0119	
2	28	9.129	-10.279	29.3692	
7002	7	12:59:13:616:973:550	124.728
10	10	17.866	-23.533	15.4593	
11	22	15.094	-24.681	20.7249	
11	24	14.703	-27.656	23.124	
11	28	12.322	-25.829	19.7271	
22	3	19.854	-28.334	8.38449	
22	5	20.246	-25.36	12.6057	
22	7	17.474	-26.508	24.7022	
7004	29	12:59:13:625:305:710	509.611
2	2	3.194	-15.55	28.6733	
2	4	3.585	-12.576	15.9345	
2	6	0.814	-13.724	28.6939	
2	8	0.422	-16.698	13.8	
2	9	-1.175	-8.923	11.3351	
2	12	5.574	-17.376	13.1012	
2	14	5.965	-14.402	17.195	
5	3	-19.401	-8.036	11.2084	
5	5	-19.01	-5.062	34.2811	
5	7	-21.782	-6.21	13.2434	
5	15	-16.63	-6.888	17.8928	
5	17	-16.238	-3.914	11.0584	
5	18	-14.25	-8.715	15.4632	
5	20	-11.478	-7.567	26.089	
5	22	-9.098	-9.393	12.9087	
5	27	-13.858	-5.74	27.7576	
5	28	-11.87	-10.541	10.5542	
6	19	-6.718	-11.219	20.9306	
6	21	-3.946	-10.071	18.6339	
6	23	-1.566	-11.897	38.2723	
6	25	-1.958	-14.872	11.8669	
6	29	-4.338	-13.045	16.9382	
9	2	-26.933	-5.532	7.88325	
9	4	-26.542	-2.557	15.7715	
9	9	-31.302	1.095	12.2585	
9	11	-28.922	-0.731	27.0181	
9	13	-26.15	0.417	11.0345	
9	16	-23.77	-1.409	12.5922	
9	26	-21.39	-3.236	7.22139	
7013	10	12:59:13:803:582:610	132.579
5	3	-19.401	-8.036	25.146	
5	5	-19.01	-5.062	17.8232	
5	7	-21.782	-6.21	7.35743	
7	6	-17.444	6.835	14.5834	
7	8	-17.835	3.861	9.94416	
9	22	-18.227	0.887	20.7897	
9	23	-19.824	8.662	11.2881	
9	24	-18.618	-2.088	9.74262	
9	26	-21.39	-3.236	8.17516	
9	28	-20.998	-0.261	7.72949	
7033	15	12:59:13:988:782:710	281.266
9	3	-28.53	2.243	43.0691	
9	5	-28.139	5.217	15.4744	
9	7	-30.91	4.069	19.7078	
9	9	-31.302	1.095	7.31334	
9	11	-28.922	-0.731	26.401	
9	13	-26.15	0.417	36.2802	
9	15	-25.758	3.391	23.4146	
9	16	-23.77	-1.409	24.3954	
9	18	-23.378	1.565	22.4214	
9	26	-21.39	-3.236	8.24329	
9	27	-22.987	4.539	7.97232	
9	28	-20.998	-0.261	12.3866	
20	14	-33.29	5.896	16.1641	
20	24	-27.747	8.192	8.09464	
20	26	-30.519	7.044	9.92805	
7042	17	12:59:14:052:389:800	325.482
2	22	11.9	-9.131	10.4913	
2	24	11.509	-12.106	14.8338	
4	2	15.064	-5.009	7.07376	
4	8	12.292	-6.157	10.3182	
4	10	14.672	-7.983	21.0152	
4	12	17.444	-6.835	38.2974	
4	14	17.835	-3.861	8.20552	
4	24	23.378	-1.565	8.12665	
4	26	20.607	-2.713	15.2113	
10	5	17.052	-9.81	12.0776	
10	7	14.28	-10.958	11.3933	
10	17	19.824	-8.662	20.3533	
10	19	20.215	-5.687	48.1547	
10	21	22.987	-4.539	50.3238	
10	23	25.367	-6.366	8.65694	
10	29	22.595	-7.514	24.7067	
12	9	25.758	-3.391	16.2423	
7043	14	12:59:14:093:512:630	364.545
3	24	14.25	8.715	14.4699	
4	5	13.858	5.74	10.6469	
4	17	16.63	6.888	39.1348	
4	19	17.021	9.863	26.8702	
4	21	19.793	11.011	25.6952	
4	23	22.173	9.184	69.761	
4	25	21.782	6.21	17.2207	
4	29	19.401	8.036	82.943	
13	3	25.336	13.307	8.91923	
13	4	27.325	8.506	7.29918	
13	6	24.553	7.358	9.81113	
13	9	22.565	12.159	12.7125	
13	11	24.945	10.332	24.4508	
13	13	27.716	11.481	14.611	
7044	9	12:59:14:095:006:260	155.218
21	5	-30.88	-15.603	18.6382	
21	15	-28.5	-17.429	24.2533	
21	17	-28.108	-14.455	23.592	
21	18	-26.119	-19.255	13.9933	
21	20	-23.348	-18.107	17.548	
21	22	-20.968	-19.934	8.87568	
21	24	-21.359	-22.908	9.87495	
21	27	-25.728	-16.281	16.5319	
21	28	-23.739	-21.082	21.9101	
7045	11	12:59:14:099:156:570	199.435
9	3	-28.53	2.243	12.2775	
9	6	-29.313	-3.706	20.8964	
9	8	-29.705	-6.68	25.6628	
9	9	-31.302	1.095	11.1441	
9	10	-27.325	-8.506	12.17	
9	11	-28.922	-0.731	15.1891	
21	5	-30.88	-15.603	32.2481	
21	13	-28.891	-20.404	9.78339	
21	15	-28.5	-17.429	17.6526	
21	17	-28.108	-14.455	28.2387	
21	19	-27.716	-11.481	14.1723	
7064	4	12:59:14:250:013:580	56.2893
6	3	-10.273	-18.316	15.9293	
6	9	-13.044	-19.464	10.8151	
6	11	-10.664	-21.29	19.4032	
6	13	-7.893	-20.142	10.1416	
7067	12	12:59:14:275:237:140	288.574
2	24	11.509	-12.106	16.4577	
2	28	9.129	-10.279	17.6145	
10	2	18.257	-20.559	8.62318	
10	3	16.66	-12.784	11.179	
10	4	18.649	-17.585	9.01254	
10	6	15.877	-18.733	21.6536	
10	8	15.486	-21.707	8.7081	
10	9	13.889	-13.932	67.8854	
10	11	16.269	-15.758	66.6598	
10	13	19.04	-14.61	9.08753	
11	21	11.117	-15.08	17.6709	
11	23	13.497	-16.906	34.0219	
7069	5	12:59:14:302:765:710	81.542
11	16	9.551	-26.977	8.76549	
11	20	12.714	-22.855	13.7783	
11	22	15.094	-24.681	11.1391	
11	26	11.931	-28.804	11.9714	
11	28	12.322	-25.829	35.8879	
7083	13	12:59:14:425:745:590	308.202
1	22	2.772	1.148	15.6869	
1	24	2.38	-1.826	13.2209	
2	2	3.194	-15.55	23.1108	
2	3	1.597	-7.775	20.4229	
2	4	3.585	-12.576	53.3957	
2	5	1.988	-4.801	31.3831	
2	11	1.205	-10.749	14.9293	
2	13	3.977	-9.601	58.8201	
2	15	4.369	-6.627	33.2134	
2	16	6.357	-11.428	8.32572	
2	17	4.76	-3.653	12.7946	
2	18	6.749	-8.453	13.554	
2	19	5.152	-0.678	9.34492	
7091	13	12:59:14:460:414:250	471.289
5	3	-19.401	-8.036	12.4093	
5	5	-19.01	-5.062	13.0728	
5	7	-21.782	-6.21	130.617	
5	9	-22.173	-9.184	29.9361	
9	2	-26.933	-5.532	35.9958	
9	4	-26.542	-2.557	7.0876	
9	6	-29.313	-3.706	10.9292	
9	8	-29.705	-6.68	39.8491	
9	10	-27.325	-8.506	57.222	
9	12	-24.553	-7.358	103.235	
9	14	-24.162	-4.384	14.1906	
9	16	-23.77	-1.409	7.16738	
21	23	-22.565	-12.159	9.57718	
7096	13	12:59:14:486:389:670	280.504
8	20	3.133	23.795	11.8717	
8	22	5.513	21.968	10.6129	
8	25	3.524	26.769	34.6567	
16	3	7.079	33.866	10.1035	
16	4	9.067	29.065	32.5243	
16	6	6.296	27.917	48.6725	
16	8	5.904	24.943	22.2817	
16	13	9.459	32.039	25.196	
16	14	11.448	27.239	17.8175	
16	16	11.839	30.213	17.8263	
16	18	12.231	33.187	18.8937	
16	20	15.002	34.336	21.7193	
16	28	14.611	31.361	8.32814	
7097	4	12:59:14:496:698:780	94.5272
11	11	4.399	-26.299	12.9981	
11	13	7.171	-25.151	43.7083	
11	15	7.562	-22.177	13.9689	
11	18	9.942	-24.003	23.8519	
7098	8	12:59:14:505:364:010	244.654
9	3	-28.53	2.243	56.914	
9	7	-30.91	4.069	26.7186	
9	9	-31.302	1.095	34.7906	
9	11	-28.922	-0.731	44.093	
9	13	-26.15	0.417	39.8246	
20	2	-36.062	4.748	9.26497	
20	12	-33.682	2.921	24.4949	
20	14	-33.29	5.896	8.55301	
7101	4	12:59:14:526:061:480	49.6434
6	5	-9.881	-15.341	15.1888	
6	7	-12.653	-16.49	7.68152	
6	17	-7.11	-14.193	17.3829	
6	19	-6.718	-11.219	9.39027	
7111	17	12:59:14:616:069:400	602.284
10	18	21.812	-13.462	17.9822	
10	20	24.584	-12.314	11.452	
10	22	26.964	-14.14	17.2415	
10	25	24.975	-9.34	28.508	
10	27	22.204	-10.488	19.8568	
10	29	22.595	-7.514	11.8688	
12	2	30.127	-10.018	38.8985	
12	4	30.519	-7.044	34.9549	
12	6	27.747	-8.192	12.2985	
12	8	27.355	-11.166	34.5487	
12	12	32.507	-11.844	27.0385	
12	14	32.899	-8.87	64.4432	
12	16	33.29	-5.896	23.6931	
12	22	38.834	-3.6	7.24822	
12	24	38.442	-6.574	123.785	
12	26	35.67	-7.722	116.323	
12	28	36.062	-4.748	12.1426	
7121	9	12:59:14:721:628:120	197.578
3	14	8.706	6.418	11.51	
3	26	11.478	7.567	15.3888	
4	3	13.467	2.766	10.1483	
4	5	13.858	5.74	72.6076	
4	7	11.087	4.592	25.641	
4	15	16.238	3.914	15.2718	
4	17	16.63	6.888	8.09192	
4	25	21.782	6.21	16.9717	
4	27	19.01	5.062	21.9467	
7134	15	12:59:14:797:894:110	594.639
3	3	4.338	13.045	23.1373	
3	4	6.326	8.245	37.7894	
3	5	4.73	16.02	20.9762	
3	6	3.555	7.097	18.3957	
3	9	1.566	11.897	15.6149	
3	11	3.946	10.071	34.3662	
3	13	6.718	11.219	133.759	
3	14	8.706	6.418	9.20412	
3	15	7.11	14.193	16.9513	
3	16	9.098	9.393	87.6764	
3	18	9.49	12.367	118.939	
3	20	12.261	13.515	12.0344	
3	26	11.478	7.567	14.4225	
3	27	9.881	15.341	11.0033	
3	28	11.87	10.541	40.3701	
7145	7	12:59:14:902:521:730	109.465
3	22	14.641	11.689	13.1321	
3	24	14.25	8.715	38.0767	
3	28	11.87	10.541	9.72471	
4	5	13.858	5.74	8.38758	
4	17	16.63	6.888	24.3832	
4	19	17.021	9.863	8.51556	
4	29	19.401	8.036	7.24552	
7152	9	12:59:14:967:169:030	209.809
5	15	-16.63	-6.888	9.93205	
5	17	-16.238	-3.914	11.2928	
5	18	-14.25	-8.715	48.7884	
5	20	-11.478	-7.567	9.51354	
5	26	-12.261	-13.515	29.8739	
5	27	-13.858	-5.74	28.2575	
5	28	-11.87	-10.541	36.338	
6	7	-12.653	-16.49	12.005	
9	24	-18.618	-2.088	23.8081	
7164	8	12:59:15:073:870:020	219.218
5	2	-17.805	-15.811	20.338	
5	4	-17.413	-12.837	39.4776	
5	11	-19.793	-11.011	22.6264	
5	12	-15.425	-17.638	15.4791	
5	14	-15.033	-14.663	39.4959	
5	26	-12.261	-13.515	10.4188	
6	7	-12.653	-16.49	12.2569	
6	9	-13.044	-19.464	59.1254	
7192	12	12:59:15:427:835:800	152.669
7	3	-16.66	12.784	7.13954	
7	7	-19.04	14.61	14.3075	
15	3	-25.789	23.063	14.4298	
15	4	-23.801	18.263	11.3787	
15	5	-25.398	26.038	8.99741	
15	7	-28.169	24.89	19.6058	
15	11	-26.181	20.089	8.76109	
15	13	-23.409	21.237	18.1168	
15	14	-21.421	16.437	8.06787	
15	15	-23.017	24.212	8.74468	
15	16	-21.029	19.411	25.1076	
15	26	-18.649	17.585	8.01274	
7195	6	12:59:15:463:511:460	150.783
3	4	6.326	8.245	52.6108	
3	9	1.566	11.897	23.4509	
3	11	3.946	10.071	37.8843	
3	14	8.706	6.418	9.59496	
3	26	11.478	7.567	17.0351	
4	7	11.087	4.592	10.207	
7197	14	12:59:15:515:830:510	197.748
7	9	-19.432	11.636	8.27658	
7	11	-17.052	9.81	18.5559	
7	13	-14.28	10.958	10.7782	
9	19	-24.975	9.34	12.492	
9	21	-22.204	10.488	15.8938	
15	8	-26.964	14.14	9.8739	
15	10	-24.584	12.314	20.5008	
15	12	-21.812	13.462	9.97678	
20	18	-32.507	11.844	11.6258	
20	20	-29.735	12.992	24.8007	
20	22	-27.355	11.166	15.7555	
20	24	-27.747	8.192	11.4674	
20	27	-32.116	14.819	10.6857	
20	28	-30.127	10.018	17.065	
7210	12	12:59:15:610:654:730	252.103
10	13	19.04	-14.61	8.69098	
10	16	21.421	-16.437	8.40852	
10	18	21.812	-13.462	27.3157	
10	20	24.584	-12.314	53.3385	
10	22	26.964	-14.14	21.3898	
10	23	25.367	-6.366	14.6452	
10	24	26.572	-17.115	14.0232	
10	25	24.975	-9.34	39.9944	
10	26	23.801	-18.263	12.1425	
10	28	24.192	-15.289	15.418	
10	29	22.595	-7.514	9.54903	
12	8	27.355	-11.166	27.187	
7211	4	12:59:15:613:005:960	67.3708
3	7	1.958	14.872	17.6184	
8	14	-0.422	16.698	24.3367	
8	16	-0.031	19.672	8.73518	
8	26	2.349	17.846	16.6804	
7218	6	12:59:15:651:815:900	100.401
6	16	-5.513	-21.968	13.9023	
6	18	-5.121	-18.994	15.7594	
6	20	-2.349	-17.846	8.62222	
6	24	-0.361	-22.647	16.994	
6	26	-3.133	-23.795	12.2851	
6	28	-2.741	-20.82	32.8375	
7227	6	12:59:15:707:827:400	79.8511
5	7	-21.782	-6.21	21.4914	
5	9	-22.173	-9.184	8.28824	
5	11	-19.793	-11.011	16.9433	
9	12	-24.553	-7.358	9.04027	
9	14	-24.162	-4.384	12.1483	
21	23	-22.565	-12.159	11.9396	
7228	4	12:59:15:721:119:440	90.6067
8	2	-3.194	15.55	21.2863	
8	12	-0.814	13.724	41.0981	
8	14	-0.422	16.698	16.3246	
8	16	-0.031	19.672	11.8977	
7239	4	12:59:15:842:172:580	46.4609
6	19	-6.718	-11.219	8.91249	
6	21	-3.946	-10.071	11.4618	
6	23	-1.566	-11.897	9.21307	
6	29	-4.338	-13.045	16.8735	
7248	4	12:59:15:912:961:100	37.2908
1	20	0.392	2.974	13.5851	
1	23	1.175	8.923	8.80267	
1	25	0.783	5.949	14.3923	
1	27	-1.988	4.801	9.31334	
7251	5	12:59:15:957:188:000	78.4241
1	4	-5.543	-2.296	21.4091	
1	13	-5.152	0.678	23.814	
1	14	-3.163	-4.122	7.57431	
1	16	-2.772	-1.148	14.3507	
1	28	0	0	11.2761	
7252	4	12:59:15:971:010:350	65.6165
12	3	28.53	-2.243	21.5276	
12	5	28.922	0.731	16.1465	
12	7	26.15	-0.417	19.4895	
12	9	25.758	-3.391	8.453	
7260	5	12:59:16:053:236:630	81.0718
5	3	-19.401	-8.036	22.0892	
5	5	-19.01	-5.062	22.7231	
5	7	-21.782	-6.21	12.6238	
5	9	-22.173	-9.184	7.45563	
9	26	-21.39	-3.236	16.18	
7263	11	12:59:16:077:606:880	241.085
2	19	5.152	-0.678	17.8996	
2	21	7.923	0.47	22.1677	
2	23	10.303	-1.356	48.3927	
2	29	7.532	-2.505	9.38156	
4	2	15.064	-5.009	7.2438	
4	4	15.455	-2.035	42.4896	
4	6	12.683	-3.183	29.9223	
4	11	13.075	-0.208	9.86844	
4	14	17.835	-3.861	27.3176	
4	26	20.607	-2.713	19.2738	
4	28	20.998	0.261	7.12808	
7265	5	12:59:16:084:644:400	92.6292
2	3	1.597	-7.775	20.4886	
2	5	1.988	-4.801	31.5567	
2	11	1.205	-10.749	11.2819	
2	15	4.369	-6.627	20.0106	
2	18	6.749	-8.453	9.29135	
7267	5	12:59:16:097:593:980	72.9303
2	16	6.357	-11.428	8.49563	
2	18	6.749	-8.453	20.4476	
2	26	8.737	-13.254	15.7815	
2	28	9.129	-10.279	18.9051	
11	21	11.117	-15.08	9.30048	
7268	21	12:59:16:103:719:580	641.678
5	3	-19.401	-8.036	8.91574	
5	6	-20.185	-13.985	39.8439	
5	8	-20.576	-16.959	24.2848	
5	9	-22.173	-9.184	23.4644	
5	11	-19.793	-11.011	21.6733	
5	13	-17.021	-9.863	8.31948	
17	3	-22.143	-28.857	17.5213	
17	5	-21.751	-25.882	13.8759	
17	7	-24.523	-27.03	75.0576	
17	9	-24.914	-30.005	45.8189	
17	15	-19.371	-27.709	10.5557	
21	16	-26.511	-22.23	15.6491	
21	18	-26.119	-19.255	12.0926	
21	20	-23.348	-18.107	39.4016	
21	22	-20.968	-19.934	14.4359	
21	23	-22.565	-12.159	27.1673	
21	24	-21.359	-22.908	12.5626	
21	25	-22.956	-15.133	49.2976	
21	26	-24.131	-24.056	71.3132	
21	27	-25.728	-16.281	12.7006	
21	28	-23.739	-21.082	97.7265	
7272	8	12:59:16:127:839:040	203.552
3	5	4.73	16.02	20.8667	
3	7	1.958	14.872	49.4791	
3	15	7.11	14.193	9.3023	
8	2	-3.194	15.55	34.8982	
8	12	-0.814	13.724	47.1735	
8	14	-0.422	16.698	18.1607	
8	24	5.121	18.994	15.136	
8	26	2.349	17.846	8.53557	
7298	14	12:59:16:370:131:660	504.276
4	4	15.455	-2.035	10.748	
4	12	17.444	-6.835	30.9349	
4	14	17.835	-3.861	29.9844	
4	20	21.39	3.236	25.2033	
4	22	23.77	1.409	21.8025	
4	24	23.378	-1.565	43.9251	
4	25	21.782	6.21	9.21523	
4	26	20.607	-2.713	101.555	
4	28	20.998	0.261	30.9223	
10	17	19.824	-8.662	19.8445	
10	19	20.215	-5.687	127.409	
10	21	22.987	-4.539	23.4755	
13	6	24.553	7.358	9.39842	
13	8	24.162	4.384	19.8578	
7304	11	12:59:16:427:960:370	273.752
5	10	-18.196	-18.786	28.7405	
5	12	-15.425	-17.638	7.63635	
6	9	-13.044	-19.464	23.2605	
17	5	-21.751	-25.882	10.4242	
17	12	-16.208	-23.586	45.9995	
17	14	-13.828	-25.413	13.6322	
17	15	-19.371	-27.709	14.2965	
17	19	-18.588	-21.76	7.5491	
17	21	-15.816	-20.612	80.2463	
17	23	-13.436	-22.438	29.8364	
17	27	-16.599	-26.561	12.1299	
7311	5	12:59:16:497:816:890	81.2584
10	2	18.257	-20.559	19.3411	
10	6	15.877	-18.733	17.8191	
10	10	17.866	-23.533	10.2172	
10	12	20.637	-22.385	20.9235	
11	23	13.497	-16.906	12.9576	
7322	13	12:59:16:644:305:130	331.926
2	5	1.988	-4.801	23.1208	
2	15	4.369	-6.627	14.2343	
2	17	4.76	-3.653	10.8804	
2	18	6.749	-8.453	8.72521	
2	20	9.52	-7.305	86.8927	
2	22	11.9	-9.131	67.5507	
2	27	7.14	-5.479	35.2131	
2	28	9.129	-10.279	7.98759	
2	29	7.532	-2.505	9.96576	
4	6	12.683	-3.183	10.7681	
4	8	12.292	-6.157	20.8697	
4	10	14.672	-7.983	26.9608	
10	7	14.28	-10.958	8.75657	
7338	5	12:59:16:791:438:970	51.512
4	21	19.793	11.011	10.4179	
13	7	22.956	15.133	9.58541	
13	9	22.565	12.159	8.61668	
14	12	20.185	13.985	15.2923	
14	14	20.576	16.959	7.59975	
7343	6	12:59:16:865:086:490	93.3659
11	3	4.791	-23.325	12.9518	
11	5	5.182	-20.351	7.58814	
11	11	4.399	-26.299	19.9248	
11	13	7.171	-25.151	17.7205	
11	15	7.562	-22.177	23.6442	
11	17	7.954	-19.202	11.5364	
7350	29	12:59:16:992:477:100	883.246
8	5	-4.399	26.299	12.3271	
8	7	-7.171	25.151	12.6333	
8	17	-1.627	27.447	9.84084	
8	19	-1.236	30.422	18.303	
15	3	-25.789	23.063	85.187	
15	5	-25.398	26.038	43.8624	
15	7	-28.169	24.89	44.4275	
15	9	-28.561	21.915	80.1875	
15	11	-26.181	20.089	10.9605	
15	13	-23.409	21.237	13.5321	
15	15	-23.017	24.212	107.71	
15	17	-22.626	27.186	31.5455	
15	18	-20.637	22.385	18.3664	
15	19	-22.234	30.16	8.35359	
15	20	-17.866	23.533	24.5615	
15	23	-17.083	29.482	7.96483	
15	25	-17.474	26.508	45.5459	
15	27	-20.246	25.36	77.8315	
15	29	-19.854	28.334	17.543	
19	2	-12.322	25.829	19.0516	
19	4	-11.931	28.804	30.0191	
19	6	-14.703	27.656	58.4664	
19	8	-15.094	24.681	9.75063	
19	14	-9.551	26.977	26.1399	
19	16	-9.159	29.952	13.5203	
19	22	-3.616	32.248	9.32763	
19	24	-4.008	29.274	12.9082	
19	26	-6.779	28.125	22.3596	
19	28	-6.388	31.1	11.0189	
7353	11	12:59:17:020:647:460	218.356
1	23	1.175	8.923	7.22094	
1	25	0.783	5.949	10.9818	
3	2	5.935	5.27	20.4256	
3	4	6.326	8.245	13.2065	
3	6	3.555	7.097	25.7611	
3	12	8.315	3.444	55.8156	
3	14	8.706	6.418	37.8913	
3	26	11.478	7.567	9.98483	
4	5	13.858	5.74	9.91259	
4	7	11.087	4.592	18.2242	
4	9	10.695	1.618	16.1529	
7356	26	12:59:17:036:324:830	482.04
1	3	-7.532	2.505	23.2514	
1	6	-8.315	-3.444	35.4835	
1	8	-8.706	-6.418	11.3765	
1	9	-10.303	1.356	10.3843	
1	11	-7.923	-0.47	30.7545	
1	13	-5.152	0.678	9.14111	
1	15	-4.76	3.653	15.3891	
1	17	-4.369	6.627	27.8277	
1	18	-2.38	1.826	7.34947	
5	2	-17.805	-15.811	16.0799	
5	4	-17.413	-12.837	7.88827	
5	10	-18.196	-18.786	13.7041	
5	12	-15.425	-17.638	19.1941	
5	14	-15.033	-14.663	31.1403	
5	16	-14.641	-11.689	21.629	
5	18	-14.25	-8.715	12.5477	
5	20	-11.478	-7.567	15.8803	
5	26	-12.261	-13.515	18.5447	
5	28	-11.87	-10.541	22.3804	
17	3	-22.143	-28.857	14.0535	
17	5	-21.751	-25.882	31.5143	
17	7	-24.523	-27.03	8.45876	
17	11	-22.534	-31.831	16.7743	
17	17	-18.979	-24.734	23.9222	
17	19	-18.588	-21.76	26.8011	
21	24	-21.359	-22.908	10.5695	
7360	25	12:59:17:066:281:270	612.057
3	19	7.893	20.142	31.1323	
3	21	10.664	21.29	25.4137	
3	23	13.044	19.464	40.7597	
3	25	12.653	16.49	10.4657	
3	29	10.273	18.316	12.9163	
8	22	5.513	21.968	24.3801	
8	24	5.121	18.994	20.1167	
8	28	2.741	20.82	10.4049	
13	5	25.728	16.281	30.8567	
13	17	28.5	17.429	22.8579	
13	19	28.891	20.404	10.2103	
14	2	17.805	15.811	7.89192	
14	3	16.208	23.586	10.1028	
14	4	18.196	18.786	62.8253	
14	6	15.425	17.638	36.5155	
14	9	13.436	22.438	18.5151	
14	11	15.816	20.612	22.2722	
14	13	18.588	21.76	13.4273	
14	14	20.576	16.959	68.4664	
14	16	20.968	19.934	32.2538	
14	18	21.359	22.908	9.30509	
14	24	26.119	19.255	15.1982	
14	26	23.348	18.107	58.4835	
14	28	23.739	21.082	7.96329	
16	10	8.284	23.116	9.32261	
7365	4	12:59:17:104:594:030	83.3645
2	2	3.194	-15.55	7.9133	
2	4	3.585	-12.576	12.7678	
2	6	0.814	-13.724	37.5548	
2	8	0.422	-16.698	25.1286	
7368	6	12:59:17:133:493:230	128.039
1	16	-2.772	-1.148	7.32252	
1	20	0.392	2.974	33.6393	
1	22	2.772	1.148	18.1818	
1	24	2.38	-1.826	12.8577	
1	25	0.783	5.949	8.73089	
1	28	0	0	47.3072	
7392	16	12:59:17:371:474:020	275.041
1	3	-7.532	2.505	8.60879	
1	4	-5.543	-2.296	9.37154	
1	6	-8.315	-3.444	8.79023	
1	11	-7.923	-0.47	22.4574	
1	13	-5.152	0.678	21.2639	
1	15	-4.76	3.653	21.66	
1	27	-1.988	4.801	10.3249	
5	4	-17.413	-12.837	8.14157	
5	11	-19.793	-11.011	7.3774	
5	13	-17.021	-9.863	25.8342	
5	15	-16.63	-6.888	19.4092	
5	18	-14.25	-8.715	27.4573	
5	20	-11.478	-7.567	9.36717	
5	23	-10.695	-1.618	15.2228	
5	25	-11.087	-4.592	32.1301	
5	27	-13.858	-5.74	27.6244	
7394	6	12:59:17:383:930:210	110.098
5	3	-19.401	-8.036	15.2113	
5	7	-21.782	-6.21	41.2403	
5	9	-22.173	-9.184	17.182	
5	11	-19.793	-11.011	18.0729	
9	12	-24.553	-7.358	7.0534	
9	14	-24.162	-4.384	11.3384	
7415	4	12:59:17:613:485:780	67.9807
3	14	8.706	6.418	13.2688	
3	24	14.25	8.715	23.1593	
3	26	11.478	7.567	22.8327	
3	28	11.87	10.541	8.71994	
7422	4	12:59:17:704:167:720	73.6201
7	3	-16.66	12.784	23.4758	
7	5	-16.269	15.758	11.9719	
7	7	-19.04	14.61	15.0516	
7	9	-19.432	11.636	23.1208	
7428	4	12:59:17:749:934:600	55.3315
9	3	-28.53	2.243	10.155	
9	13	-26.15	0.417	21.7681	
9	15	-25.758	3.391	11.1983	
9	18	-23.378	1.565	12.21	
7432	7	12:59:17:805:517:500	104.323
13	5	25.728	16.281	8.98739	
13	7	22.956	15.133	28.3466	
13	9	22.565	12.159	11.1283	
13	11	24.945	10.332	18.5138	
14	14	20.576	16.959	9.52113	
14	16	20.968	19.934	10.514	
14	26	23.348	18.107	17.3121	
7440	12	12:59:17:922:696:100	478.163
2	21	7.923	0.47	9.49556	
3	12	8.315	3.444	13.3372	
3	13	6.718	11.219	8.72082	
3	14	8.706	6.418	34.6474	
3	16	9.098	9.393	20.9354	
3	26	11.478	7.567	25.0158	
4	3	13.467	2.766	55.752	
4	5	13.858	5.74	18.1025	
4	7	11.087	4.592	129.195	
4	9	10.695	1.618	86.4695	
4	11	13.075	-0.208	68.3689	
4	13	15.847	0.94	8.12341	
7447	13	12:59:18:002:335:560	361.964
5	2	-17.805	-15.811	7.89988	
5	8	-20.576	-16.959	13.2739	
5	10	-18.196	-18.786	34.146	
5	12	-15.425	-17.638	52.0098	
6	3	-10.273	-18.316	24.9459	
6	5	-9.881	-15.341	19.3981	
6	7	-12.653	-16.49	26.8224	
6	9	-13.044	-19.464	98.37	
6	17	-7.11	-14.193	10.6178	
17	19	-18.588	-21.76	16.543	
17	21	-15.816	-20.612	36.7494	
17	23	-13.436	-22.438	11.3798	
21	22	-20.968	-19.934	9.80814	
7453	20	12:59:18:062:150:920	830.856
7	19	-13.106	19.881	10.2535	
15	17	-22.626	27.186	9.53525	
15	19	-22.234	30.16	8.13472	
15	20	-17.866	23.533	33.8307	
15	21	-19.463	31.308	75.8313	
15	22	-15.486	21.707	38.8022	
15	23	-17.083	29.482	216.4	
15	24	-15.877	18.733	12.2712	
15	25	-17.474	26.508	117.494	
15	27	-20.246	25.36	15.9777	
15	28	-18.257	20.559	9.51492	
15	29	-19.854	28.334	23.4806	
19	2	-12.322	25.829	16.537	
19	4	-11.931	28.804	12.998	
19	6	-14.703	27.656	67.2898	
19	7	-16.299	35.431	11.3683	
19	8	-15.094	24.681	59.8788	
19	9	-16.691	32.456	61.0427	
19	10	-12.714	22.855	10.0829	
19	11	-14.311	30.63	20.132	
7471	7	12:59:18:247:484:690	132.091
3	2	5.935	5.27	9.17345	
3	4	6.326	8.245	17.19	
3	12	8.315	3.444	26.2532	
3	13	6.718	11.219	13.9997	
3	14	8.706	6.418	33.9048	
4	7	11.087	4.592	17.2353	
4	9	10.695	1.618	14.3343	
7472	15	12:59:18:253:053:760	653.589
1	2	-5.935	-5.27	10.1467	
1	6	-8.315	-3.444	18.9514	
1	8	-8.706	-6.418	13.6049	
1	10	-6.326	-8.245	37.1922	
1	12	-3.555	-7.097	12.4809	
5	22	-9.098	-9.393	25.3255	
5	24	-9.49	-12.367	19.2865	
6	15	-7.501	-17.168	10.4125	
6	17	-7.11	-14.193	83.5137	
6	19	-6.718	-11.219	85.027	
6	20	-2.349	-17.846	17.4035	
6	21	-3.946	-10.071	13.6237	
6	23	-1.566	-11.897	10.9795	
6	27	-4.73	-16.02	180.852	
6	29	-4.338	-13.045	114.788	
7474	4	12:59:18:281:581:260	74.3963
2	24	11.509	-12.106	13.3348	
10	7	14.28	-10.958	18.0665	
10	9	13.889	-13.932	30.5583	
11	23	13.497	-16.906	12.4367	
7477	18	12:59:18:307:543:440	398.606
11	3	4.791	-23.325	70.4038	
11	5	5.182	-20.351	40.194	
11	6	4.008	-29.274	15.4362	
11	7	2.411	-21.499	15.8855	
11	9	2.019	-24.473	27.9172	
11	11	4.399	-26.299	33.3093	
11	15	7.562	-22.177	23.85	
11	17	7.954	-19.202	20.0707	
11	19	8.346	-16.228	11.749	
11	27	10.334	-21.029	8.41339	
18	15	-4.307	-32.718	7.34429	
18	18	-1.927	-34.544	8.35254	
18	19	-3.524	-26.769	7.60786	
18	21	-0.753	-25.621	18.2546	
18	23	1.627	-27.447	44.2993	
18	25	1.236	-30.422	7.90115	
18	27	-1.536	-31.57	16.1104	
18	29	-1.144	-28.595	21.5067	
7482	6	12:59:18:379:742:580	137.882
3	22	14.641	11.689	20.1284	
3	24	14.25	8.715	38.5615	
4	5	13.858	5.74	12.9909	
4	17	16.63	6.888	24.7054	
4	19	17.021	9.863	29.552	
4	29	19.401	8.036	11.9435	
7499	8	12:59:18:505:937:970	246.356
3	15	7.11	14.193	7.2307	
3	18	9.49	12.367	55.8759	
3	20	12.261	13.515	81.3001	
3	22	14.641	11.689	27.3492	
3	28	11.87	10.541	19.4853	
14	2	17.805	15.811	17.9264	
14	8	15.033	14.663	16.2137	
14	10	17.413	12.837	20.975	
7500	6	12:59:18:510:244:360	128.854
7	7	-19.04	14.61	11.1618	
15	2	-24.192	15.289	29.5042	
15	4	-23.801	18.263	10.9375	
15	14	-21.421	16.437	37.6691	
15	16	-21.029	19.411	13.8578	
15	26	-18.649	17.585	25.7232	
7502	23	12:59:18:512:574:310	1245.12
1	2	-5.935	-5.27	7.22679	
1	12	-3.555	-7.097	18.0493	
1	22	2.772	1.148	11.0048	
1	24	2.38	-1.826	28.3306	
2	3	1.597	-7.775	55.908	
2	4	3.585	-12.576	10.1401	
2	5	1.988	-4.801	88.2824	
2	7	-0.783	-5.949	60.1921	
2	8	0.422	-16.698	9.14587	
2	9	-1.175	-8.923	316.723	
2	11	1.205	-10.749	22.9393	
2	13	3.977	-9.601	9.92147	
2	15	4.369	-6.627	12.859	
2	17	4.76	-3.653	20.1826	
2	19	5.152	-0.678	25.6642	
2	21	7.923	0.47	11.6474	
2	29	7.532	-2.505	8.0757	
6	19	-6.718	-11.219	12.0732	
6	21	-3.946	-10.071	134.385	
6	23	-1.566	-11.897	183.82	
6	25	-1.958	-14.872	18.3834	
6	27	-4.73	-16.02	9.92197	
6	29	-4.338	-13.045	170.245	
7505	5	12:59:18:527:624:150	64.2741
10	6	15.877	-18.733	9.92457	
11	23	13.497	-16.906	11.9809	
11	25	13.106	-19.881	20.3287	
11	27	10.334	-21.029	10.2384	
11	29	10.726	-18.054	11.8015	
7514	17	12:59:18:596:570:310	539.409
5	2	-17.805	-15.811	10.0663	
5	4	-17.413	-12.837	10.0232	
5	6	-20.185	-13.985	31.3821	
5	8	-20.576	-16.959	74.6387	
5	10	-18.196	-18.786	27.7888	
5	11	-19.793	-11.011	9.53062	
21	15	-28.5	-17.429	15.0789	
21	19	-27.716	-11.481	9.26274	
21	20	-23.348	-18.107	24.0063	
21	21	-24.945	-10.332	41.1544	
21	22	-20.968	-19.934	43.9294	
21	23	-22.565	-12.159	67.8703	
21	24	-21.359	-22.908	18.2702	
21	25	-22.956	-15.133	87.0348	
21	27	-25.728	-16.281	11.8257	
21	28	-23.739	-21.082	8.40649	
21	29	-25.336	-13.307	49.1405	
7525	12	12:59:18:742:756:460	361.132
10	10	17.866	-23.533	31.2192	
10	12	20.637	-22.385	19.2804	
10	14	21.029	-19.411	13.4986	
11	22	15.094	-24.681	14.7781	
11	24	14.703	-27.656	17.3477	
22	3	19.854	-28.334	36.9463	
22	5	20.246	-25.36	42.0402	
22	7	17.474	-26.508	85.8963	
22	9	17.083	-29.482	65.8957	
22	13	22.234	-30.16	10.1411	
22	15	22.626	-27.186	11.1359	
22	17	23.017	-24.212	12.9529	
7527	5	12:59:18:774:730:400	76.037
10	21	22.987	-4.539	9.08299	
10	23	25.367	-6.366	22.0329	
10	25	24.975	-9.34	14.526	
12	9	25.758	-3.391	19.4908	
12	11	28.139	-5.217	10.9044	
7553	7	12:59:19:133:624:240	82.3777
2	23	10.303	-1.356	9.50513	
2	25	9.912	-4.331	10.6544	
4	2	15.064	-5.009	19.5209	
4	4	15.455	-2.035	7.63406	
4	6	12.683	-3.183	19.5457	
4	12	17.444	-6.835	7.75644	
4	14	17.835	-3.861	7.76106	
7559	4	12:59:19:181:752:940	50.7625
7	3	-16.66	12.784	12.5245	
7	9	-19.432	11.636	15.6149	
7	11	-17.052	9.81	10.9114	
9	23	-19.824	8.662	11.7117	
7575	10	12:59:19:351:428:160	329.763
2	17	4.76	-3.653	11.0819	
2	19	5.152	-0.678	17.453	
2	21	7.923	0.47	16.7709	
2	23	10.303	-1.356	60.4668	
2	29	7.532	-2.505	9.93139	
4	3	13.467	2.766	17.3789	
4	6	12.683	-3.183	8.81027	
4	9	10.695	1.618	33.3041	
4	11	13.075	-0.208	120.014	
4	13	15.847	0.94	34.5521	
7582	11	12:59:19:451:212:600	188.944
15	2	-24.192	15.289	12.0606	
15	10	-24.584	12.314	18.1684	
15	12	-21.812	13.462	9.7645	
20	2	-36.062	4.748	11.6511	
20	4	-35.67	7.722	36.6862	
20	6	-38.442	6.574	24.4187	
20	16	-32.899	8.87	28.9851	
20	18	-32.507	11.844	7.58932	
20	20	-29.735	12.992	11.9665	
20	22	-27.355	11.166	15.6217	
20	28	-30.127	10.018	12.0317	
7585	12	12:59:19:485:484:310	284.927
1	19	-3.977	9.601	25.0775	
1	21	-1.205	10.749	14.491	
1	29	-1.597	7.775	8.32338	
7	16	-11.9	9.131	7.17807	
7	22	-6.357	11.428	47.423	
7	24	-6.749	8.453	25.5402	
7	26	-9.52	7.305	18.581	
7	28	-9.129	10.279	13.6452	
8	2	-3.194	15.55	7.9271	
8	8	-5.965	14.402	7.24109	
8	10	-3.585	12.576	84.4511	
8	12	-0.814	13.724	25.0487	
7588	11	12:59:19:490:353:900	298.74
11	2	6.388	-31.1	19.7797	
11	4	6.779	-28.125	59.5273	
11	6	4.008	-29.274	14.9139	
11	13	7.171	-25.151	15.8101	
11	14	9.159	-29.952	39.8674	
11	16	9.551	-26.977	81.5509	
11	18	9.942	-24.003	9.47061	
11	22	15.094	-24.681	8.60948	
11	24	14.703	-27.656	9.89432	
11	26	11.931	-28.804	15.1876	
11	28	12.322	-25.829	24.1287	
7593	9	12:59:19:540:815:660	404.794
3	14	8.706	6.418	10.2985	
3	20	12.261	13.515	9.38427	
3	22	14.641	11.689	118.879	
3	24	14.25	8.715	30.6553	
3	26	11.478	7.567	42.2298	
3	28	11.87	10.541	51.7096	
14	2	17.805	15.811	33.746	
14	8	15.033	14.663	73.5806	
14	10	17.413	12.837	34.3117	
7595	14	12:59:19:550:715:570	526.606
4	16	18.227	-0.887	9.2664	
4	20	21.39	3.236	7.18278	
4	22	23.77	1.409	44.0003	
4	24	23.378	-1.565	18.825	
4	28	20.998	0.261	32.7213	
12	3	28.53	-2.243	24.4576	
12	5	28.922	0.731	164.525	
12	7	26.15	-0.417	62.6019	
12	15	31.302	-1.095	44.3804	
12	17	31.693	1.879	39.6023	
12	18	33.682	-2.921	8.50022	
12	27	34.073	0.053	20.9993	
13	10	26.542	2.558	39.549	
13	12	29.313	3.706	9.9938	
7602	15	12:59:19:621:013:160	312.762
1	3	-7.532	2.505	7.37896	
1	5	-7.14	5.479	12.3092	
1	7	-9.912	4.331	14.5237	
1	9	-10.303	1.356	12.6959	
7	2	-15.064	5.009	23.1126	
7	4	-14.672	7.983	11.4807	
7	8	-17.835	3.861	8.69704	
7	12	-12.683	3.183	12.9236	
7	14	-12.292	6.157	23.0478	
7	16	-11.9	9.131	12.6407	
7	20	-8.737	13.254	7.14709	
7	22	-6.357	11.428	10.0082	
7	24	-6.749	8.453	42.8568	
7	26	-9.52	7.305	89.2017	
7	28	-9.129	10.279	24.7383	
7607	5	12:59:19:671:948:160	63.2942
21	15	-28.5	-17.429	10.5068	
21	18	-26.119	-19.255	12.8463	
21	20	-23.348	-18.107	13.5361	
21	27	-25.728	-16.281	16.7732	
21	29	-25.336	-13.307	9.63175	
7617	6	12:59:19:769:927:570	73.514
5	3	-19.401	-8.036	10.9172	
5	6	-20.185	-13.985	7.50523	
5	9	-22.173	-9.184	16.7279	
21	21	-24.945	-10.332	7.35115	
21	23	-22.565	-12.159	17.0474	
21	29	-25.336	-13.307	13.9652	
7621	6	12:59:19:807:959:980	89.7349
7	3	-16.66	12.784	12.585	
7	9	-19.432	11.636	18.6642	
7	11	-17.052	9.81	8.62456	
9	21	-22.204	10.488	11.7112	
9	23	-19.824	8.662	28.6589	
9	29	-22.595	7.514	9.49108	
7624	16	12:59:19:841:858:160	299.589
2	2	3.194	-15.55	19.568	
2	4	3.585	-12.576	27.4221	
2	6	0.814	-13.724	78.0517	
2	8	0.422	-16.698	19.1396	
2	9	-1.175	-8.923	13.8355	
2	11	1.205	-10.749	17.6112	
2	13	3.977	-9.601	17.4019	
2	14	5.965	-14.402	7.11688	
2	15	4.369	-6.627	10.6585	
2	16	6.357	-11.428	16.4815	
2	18	6.749	-8.453	15.5189	
2	27	7.14	-5.479	8.65121	
6	20	-2.349	-17.846	7.03141	
6	23	-1.566	-11.897	18.5993	
6	25	-1.958	-14.872	14.988	
6	27	-4.73	-16.02	7.51338	
7625	9	12:59:19:842:409:010	166.326
1	22	2.772	1.148	15.7895	
1	24	2.38	-1.826	18.9234	
1	28	0	0	21.6187	
2	19	5.152	-0.678	34.1845	
2	21	7.923	0.47	8.88074	
2	23	10.303	-1.356	25.4969	
2	25	9.912	-4.331	12.1148	
2	29	7.532	-2.505	20.9968	
4	6	12.683	-3.183	8.32081	
7626	4	12:59:19:844:166:040	67.2564
1	2	-5.935	-5.27	28.0312	
1	4	-5.543	-2.296	8.44246	
1	6	-8.315	-3.444	14.9998	
1	11	-7.923	-0.47	15.7829	
7629	6	12:59:19:857:296:220	90.883
6	15	-7.501	-17.168	11.2039	
6	17	-7.11	-14.193	21.4346	
6	21	-3.946	-10.071	8.95664	
6	23	-1.566	-11.897	16.4865	
6	27	-4.73	-16.02	10.4972	
6	29	-4.338	-13.045	22.3041	
7640	5	12:59:19:922:428:340	81.301
5	2	-17.805	-15.811	7.63842	
5	12	-15.425	-17.638	25.7985	
6	3	-10.273	-18.316	11.3083	
6	7	-12.653	-16.49	14.6075	
6	9	-13.044	-19.464	21.9484	
7642	4	12:59:19:930:412:070	107.679
5	11	-19.793	-11.011	9.38942	
5	13	-17.021	-9.863	22.4042	
5	18	-14.25	-8.715	46.7955	
5	20	-11.478	-7.567	29.0895	
7653	12	12:59:20:032:416:640	317.927
3	19	7.893	20.142	81.2618	
3	21	10.664	21.29	40.7066	
3	29	10.273	18.316	10.0219	
8	24	5.121	18.994	17.3676	
14	3	16.208	23.586	8.73019	
14	7	13.828	25.413	15.2408	
14	9	13.436	22.438	22.328	
14	11	15.816	20.612	10.6067	
16	10	8.284	23.116	50.3131	
16	12	11.056	24.264	37.0709	
16	14	11.448	27.239	11.1075	
16	26	14.219	28.387	13.1723	
7661	5	12:59:20:139:634:180	66.2017
4	2	15.064	-5.009	17.1063	
4	4	15.455	-2.035	14.2636	
4	6	12.683	-3.183	11.8449	
4	8	12.292	-6.157	11.3949	
4	10	14.672	-7.983	11.592	
7663	5	12:59:20:173:199:190	66.2504
8	20	3.133	23.795	8.97245	
8	22	5.513	21.968	13.6029	
8	28	2.741	20.82	20.1977	
16	8	5.904	24.943	14.0097	
16	10	8.284	23.116	9.46771	
7671	4	12:59:20:265:121:000	58.6328
5	8	-20.576	-16.959	13.7962	
21	22	-20.968	-19.934	13.9524	
21	24	-21.359	-22.908	15.0087	
21	25	-22.956	-15.133	15.8755	
7674	4	12:59:20:285:288:010	56.3564
1	16	-2.772	-1.148	13.5411	
1	18	-2.38	1.826	10.5509	
1	20	0.392	2.974	16.9558	
1	28	0	0	15.3086	
7680	13	12:59:20:336:895:260	626.077
3	15	7.11	14.193	17.9074	
3	17	7.501	17.168	92.7916	
3	19	7.893	20.142	10.7005	
3	21	10.664	21.29	21.4696	
3	23	13.044	19.464	87.869	
3	25	12.653	16.49	48.4124	
3	27	9.881	15.341	57.9921	
3	29	10.273	18.316	196.487	
14	3	16.208	23.586	8.1237	
14	6	15.425	17.638	29.2402	
14	8	15.033	14.663	10.1751	
14	9	13.436	22.438	13.0876	
14	11	15.816	20.612	31.8201	
7682	12	12:59:20:386:786:160	290.915
1	19	-3.977	9.601	33.4916	
1	21	-1.205	10.749	14.3094	
1	29	-1.597	7.775	9.79841	
7	20	-8.737	13.254	13.6347	
7	21	-10.334	21.029	14.2663	
7	22	-6.357	11.428	43.7199	
7	23	-7.954	19.202	11.7474	
7	25	-8.346	16.228	34.1252	
7	29	-10.726	18.054	26.4087	
8	6	-5.574	17.376	9.53927	
8	8	-5.965	14.402	48.6046	
8	10	-3.585	12.576	31.2696	
7684	6	12:59:20:396:153:510	111.93
2	3	1.597	-7.775	7.20226	
2	5	1.988	-4.801	20.899	
2	15	4.369	-6.627	18.2571	
2	17	4.76	-3.653	42.4136	
2	25	9.912	-4.331	8.76249	
2	27	7.14	-5.479	14.3962	
7695	5	12:59:20:545:463:460	192.786
3	15	7.11	14.193	7.35021	
3	23	13.044	19.464	28.7827	
3	25	12.653	16.49	72.3933	
3	27	9.881	15.341	61.9367	
3	29	10.273	18.316	22.3232	
7709	12	12:59:20:657:117:590	166.912
9	2	-26.933	-5.532	17.6559	
9	3	-28.53	2.243	8.32648	
9	4	-26.542	-2.557	12.515	
9	5	-28.139	5.217	18.8517	
9	6	-29.313	-3.706	11.0238	
9	10	-27.325	-8.506	7.98139	
9	11	-28.922	-0.731	13.8519	
9	13	-26.15	0.417	21.7012	
9	15	-25.758	3.391	19.7287	
9	17	-25.367	6.366	15.0279	
9	18	-23.378	1.565	8.99356	
20	24	-27.747	8.192	11.2544	
7711	13	12:59:20:672:332:650	488.994
1	19	-3.977	9.601	72.7247	
1	21	-1.205	10.749	41.5846	
1	23	1.175	8.923	14.4419	
1	27	-1.988	4.801	32.3351	
1	29	-1.597	7.775	121.184	
8	2	-3.194	15.55	53.2474	
8	3	-4.791	23.325	14.884	
8	6	-5.574	17.376	12.1819	
8	8	-5.965	14.402	28.766	
8	10	-3.585	12.576	73.0174	
8	11	-5.182	20.351	17.2265	
8	12	-0.814	13.724	12.768	
8	13	-2.411	21.499	9.07482	
7716	4	12:59:20:719:992:810	69.2388
8	3	-4.791	23.325	28.5821	
8	11	-5.182	20.351	10.2676	
8	13	-2.411	21.499	20.2254	
8	15	-2.019	24.473	10.1639	
7721	6	12:59:20:755:271:070	96.681
8	20	3.133	23.795	12.299	
16	2	8.676	26.091	10.7039	
16	4	9.067	29.065	7.37364	
16	6	6.296	27.917	20.8393	
16	8	5.904	24.943	36.6434	
16	11	6.687	30.891	8.82171	
7724	10	12:59:20:784:770:950	158.108
1	3	-7.532	2.505	13.7971	
1	6	-8.315	-3.444	9.31442	
1	7	-9.912	4.331	20.8593	
1	11	-7.923	-0.47	17.5161	
1	13	-5.152	0.678	28.8749	
1	14	-3.163	-4.122	7.26981	
1	16	-2.772	-1.148	22.6667	
1	28	0	0	7.09421	
7	14	-12.292	6.157	19.9398	
7	16	-11.9	9.131	10.7754	
7732	5	12:59:20:852:706:540	84.4799
15	2	-24.192	15.289	14.9225	
15	6	-26.572	17.115	17.5542	
15	8	-26.964	14.14	26.9521	
15	14	-21.421	16.437	9.28854	
20	20	-29.735	12.992	15.7626	
7739	12	12:59:20:911:971:810	303.546
11	6	4.008	-29.274	17.1771	
11	11	4.399	-26.299	9.3277	
18	15	-4.307	-32.718	8.65132	
18	16	-2.319	-37.518	11.1667	
18	17	-3.916	-29.743	10.5728	
18	18	-1.927	-34.544	49.6512	
18	20	0.844	-33.396	86.6811	
18	23	1.627	-27.447	14.9677	
18	25	1.236	-30.422	28.1776	
18	27	-1.536	-31.57	20.0833	
18	28	0.453	-36.37	39.2145	
18	29	-1.144	-28.595	7.87474	
7740	16	12:59:20:922:981:670	729.277
10	2	18.257	-20.559	36.0987	
10	3	16.66	-12.784	21.9563	
10	4	18.649	-17.585	110.108	
10	6	15.877	-18.733	16.3154	
10	10	17.866	-23.533	10.885	
10	11	16.269	-15.758	22.9369	
10	12	20.637	-22.385	15.1896	
10	13	19.04	-14.61	199.956	
10	14	21.029	-19.411	27.5437	
10	15	19.432	-11.636	127.684	
10	16	21.421	-16.437	45.6985	
10	18	21.812	-13.462	47.7985	
10	26	23.801	-18.263	20.17	
10	28	24.192	-15.289	8.75957	
11	23	13.497	-16.906	7.09738	
11	25	13.106	-19.881	11.0792	
7744	35	12:59:20:944:384:290	999.51
6	6	-11.056	-24.264	8.79679	
6	8	-11.448	-27.239	19.6992	
6	10	-9.067	-29.065	8.88313	
17	5	-21.751	-25.882	17.1206	
17	10	-14.611	-31.361	12.4625	
17	12	-16.208	-23.586	19.3407	
17	14	-13.828	-25.413	17.4249	
17	15	-19.371	-27.709	18.667	
17	17	-18.979	-24.734	44.5915	
17	18	-16.991	-29.535	17.7416	
17	19	-18.588	-21.76	19.7938	
17	20	-14.219	-28.387	71.9407	
17	22	-11.839	-30.213	73.4922	
17	24	-12.231	-33.187	13.1312	
17	27	-16.599	-26.561	66.5776	
18	3	-7.079	-33.866	38.4788	
18	5	-6.687	-30.891	18.2161	
18	7	-9.459	-32.039	35.1882	
18	9	-9.851	-35.014	15.654	
18	13	-4.699	-35.692	29.7061	
18	15	-4.307	-32.718	19.481	
21	3	-31.271	-18.577	10.5806	
21	5	-30.88	-15.603	25.9795	
21	13	-28.891	-20.404	14.4375	
21	15	-28.5	-17.429	52.0796	
21	16	-26.511	-22.23	8.52114	
21	17	-28.108	-14.455	11.3672	
21	18	-26.119	-19.255	63.183	
21	20	-23.348	-18.107	25.2131	
21	22	-20.968	-19.934	19.8926	
21	24	-21.359	-22.908	70.3326	
21	26	-24.131	-24.056	15.0886	
21	27	-25.728	-16.281	14.8425	
21	28	-23.739	-21.082	73.7673	
21	29	-25.336	-13.307	7.83743	
7745	16	12:59:20:949:128:370	857.184
6	22	0.031	-19.672	11.1073	
6	24	-0.361	-22.647	25.4731	
6	26	-3.133	-23.795	13.8207	
11	3	4.791	-23.325	131.739	
11	5	5.182	-20.351	9.80825	
11	7	2.411	-21.499	21.1081	
11	9	2.019	-24.473	167.776	
11	11	4.399	-26.299	79.5576	
11	13	7.171	-25.151	121.247	
11	15	7.562	-22.177	106.363	
11	16	9.551	-26.977	13.7413	
11	18	9.942	-24.003	15.1705	
18	19	-3.524	-26.769	10.457	
18	21	-0.753	-25.621	63.8994	
18	23	1.627	-27.447	43.2506	
18	29	-1.144	-28.595	22.6647	
7746	6	12:59:20:955:942:670	140.08
9	21	-22.204	10.488	38.6806	
15	2	-24.192	15.289	14.5818	
15	4	-23.801	18.263	9.7978	
15	10	-24.584	12.314	30.0329	
15	12	-21.812	13.462	27.6661	
15	14	-21.421	16.437	19.3209	
7750	9	12:59:20:988:774:880	202.732
1	2	-5.935	-5.27	42.0103	
1	4	-5.543	-2.296	14.4209	
1	6	-8.315	-3.444	17.6611	
1	8	-8.706	-6.418	35.3025	
1	10	-6.326	-8.245	43.9074	
1	12	-3.555	-7.097	14.6314	
5	23	-10.695	-1.618	7.18457	
5	25	-11.087	-4.592	9.28846	
6	21	-3.946	-10.071	18.3251	
7754	7	12:59:21:024:230:930	107.275
12	3	28.53	-2.243	32.2605	
12	5	28.922	0.731	17.2841	
12	7	26.15	-0.417	10.1708	
12	13	30.91	-4.069	12.2219	
12	15	31.302	-1.095	15.1449	
12	17	31.693	1.879	11.5976	
12	18	33.682	-2.921	8.59519	
7756	8	12:59:21:039:762:810	181.953
4	23	22.173	9.184	30.9088	
13	2	26.933	5.532	23.3433	
13	4	27.325	8.506	17.8622	
13	6	24.553	7.358	58.3978	
13	8	24.162	4.384	17.3212	
13	9	22.565	12.159	9.65995	
13	10	26.542	2.558	10.7108	
13	11	24.945	10.332	13.7487	
7762	7	12:59:21:109:543:190	149.082
12	17	31.693	1.879	11.3929	
12	19	32.085	4.854	16.1957	
13	2	26.933	5.532	20.5724	
13	4	27.325	8.506	29.3352	
13	12	29.313	3.706	37.5957	
13	14	29.705	6.68	22.8633	
13	26	32.477	7.828	11.1271	
7764	14	12:59:21:116:457:060	414.602
14	3	16.208	23.586	72.5707	
14	5	16.599	26.561	50.5652	
14	7	13.828	25.413	69.0608	
14	9	13.436	22.438	25.2822	
14	11	15.816	20.612	16.5138	
14	13	18.588	21.76	8.7634	
14	15	18.979	24.734	36.0557	
14	17	19.371	27.709	26.4722	
14	18	21.359	22.908	22.0053	
14	25	24.523	27.03	8.09126	
14	27	21.751	25.882	33.3224	
14	29	22.143	28.857	15.9381	
16	12	11.056	24.264	16.045	
16	26	14.219	28.387	13.9162	
7770	5	12:59:21:178:123:790	92.1226
12	3	28.53	-2.243	11.9358	
12	5	28.922	0.731	20.6969	
12	7	26.15	-0.417	10.0257	
12	15	31.302	-1.095	41.8504	
12	18	33.682	-2.921	7.61379	
7773	22	12:59:21:187:008:610	408.053
2	2	3.194	-15.55	33.7391	
2	3	1.597	-7.775	8.28753	
2	4	3.585	-12.576	35.6757	
2	6	0.814	-13.724	10.6953	
2	8	0.422	-16.698	85.0908	
2	10	2.802	-18.524	11.6143	
2	11	1.205	-10.749	7.56299	
2	13	3.977	-9.601	19.4492	
2	14	5.965	-14.402	17.8822	
2	15	4.369	-6.627	7.39222	
2	16	6.357	-11.428	10.9424	
2	18	6.749	-8.453	23.7113	
2	20	9.52	-7.305	9.46213	
2	25	9.912	-4.331	11.982	
2	26	8.737	-13.254	9.17288	
2	27	7.14	-5.479	16.1872	
2	28	9.129	-10.279	11.4756	
6	16	-5.513	-21.968	7.12349	
6	20	-2.349	-17.846	8.46314	
6	22	0.031	-19.672	29.1253	
6	25	-1.958	-14.872	10.0834	
6	28	-2.741	-20.82	22.9341	
7776	7	12:59:21:207:922:190	115.491
13	5	25.728	16.281	10.3355	
13	7	22.956	15.133	16.0576	
13	9	22.565	12.159	18.6244	
13	11	24.945	10.332	8.08515	
14	10	17.413	12.837	7.18364	
14	12	20.185	13.985	47.3601	
14	26	23.348	18.107	7.84499	
7777	7	12:59:21:211:474:920	182.993
2	13	3.977	-9.601	13.3861	
2	16	6.357	-11.428	10.2967	
2	18	6.749	-8.453	32.5364	
2	20	9.52	-7.305	10.9067	
2	22	11.9	-9.131	35.0276	
2	27	7.14	-5.479	8.00913	
2	28	9.129	-10.279	72.8301	
7781	15	12:59:21:242:294:390	422.509
4	2	15.064	-5.009	8.19604	
4	3	13.467	2.766	70.9744	
4	4	15.455	-2.035	43.5275	
4	5	13.858	5.74	7.20146	
4	6	12.683	-3.183	8.61448	
4	7	11.087	4.592	9.07679	
4	9	10.695	1.618	23.8192	
4	11	13.075	-0.208	44.8566	
4	13	15.847	0.94	94.5771	
4	14	17.835	-3.861	10.3253	
4	15	16.238	3.914	9.45564	
4	16	18.227	-0.887	46.097	
4	18	18.618	2.088	14.3455	
4	26	20.607	-2.713	24.0082	
4	28	20.998	0.261	7.43357	
7795	4	12:59:21:368:103:250	113.017
5	19	-15.847	-0.94	13.4118	
5	21	-13.075	0.208	14.8169	
9	22	-18.227	0.887	38.832	
9	28	-20.998	-0.261	45.9565	
7808	124	12:59:21:531:809:200	9030.54
1	2	-5.935	-5.27	7.0443	
1	3	-7.532	2.505	9.68489	
1	4	-5.543	-2.296	14.8248	
1	5	-7.14	5.479	16.4122	
1	6	-8.315	-3.444	15.6853	
1	9	-10.303	1.356	7.71709	
1	11	-7.923	-0.47	21.0193	
1	13	-5.152	0.678	16.5952	
1	14	-3.163	-4.122	20.2108	
1	15	-4.76	3.653	49.6992	
1	16	-2.772	-1.148	26.7511	
1	17	-4.369	6.627	58.0827	
1	18	-2.38	1.826	37.367	
1	19	-3.977	9.601	56.2923	
1	20	0.392	2.974	93.7485	
1	21	-1.205	10.749	81.3169	
1	22	2.772	1.148	88.5167	
1	23	1.175	8.923	151.347	
1	24	2.38	-1.826	38.9364	
1	25	0.783	5.949	822.043	
1	26	-0.392	-2.974	8.72962	
1	27	-1.988	4.801	262.889	
1	28	0	0	40.8477	
1	29	-1.597	7.775	627.558	
2	5	1.988	-4.801	17.3579	
2	17	4.76	-3.653	19.5781	
2	19	5.152	-0.678	41.7773	
2	21	7.923	0.47	32.9953	
2	23	10.303	-1.356	35.1304	
2	25	9.912	-4.331	16.3301	
2	27	7.14	-5.479	11.8616	
2	29	7.532	-2.505	13.8146	
3	2	5.935	5.27	642.749	
3	3	4.338	13.045	75.8042	
3	4	6.326	8.245	517.176	
3	5	4.73	16.02	37.5018	
3	6	3.555	7.097	849.681	
3	7	1.958	14.872	33.2577	
3	8	3.163	4.122	198.716	
3	9	1.566	11.897	60.7288	
3	10	5.543	2.296	115.217	
3	11	3.946	10.071	155.941	
3	12	8.315	3.444	184.907	
3	13	6.718	11.219	120.956	
3	14	8.706	6.418	611.008	
3	15	7.11	14.193	68.9406	
3	16	9.098	9.393	133.525	
3	17	7.501	17.168	30.4012	
3	18	9.49	12.367	71.9816	
3	20	12.261	13.515	28.0076	
3	22	14.641	11.689	30.8661	
3	24	14.25	8.715	83.724	
3	25	12.653	16.49	9.66861	
3	26	11.478	7.567	267.654	
3	27	9.881	15.341	32.5254	
3	28	11.87	10.541	80.8837	
4	2	15.064	-5.009	14.7597	
4	3	13.467	2.766	61.6189	
4	4	15.455	-2.035	21.8307	
4	5	13.858	5.74	213.635	
4	6	12.683	-3.183	21.2099	
4	7	11.087	4.592	196.185	
4	8	12.292	-6.157	9.92341	
4	9	10.695	1.618	38.0466	
4	11	13.075	-0.208	33.9415	
4	13	15.847	0.94	42.2711	
4	14	17.835	-3.861	9.81244	
4	15	16.238	3.914	87.8521	
4	16	18.227	-0.887	22.5953	
4	17	16.63	6.888	87.8654	
4	18	18.618	2.088	25.8435	
4	19	17.021	9.863	48.3593	
4	20	21.39	3.236	49.7074	
4	21	19.793	11.011	33.5502	
4	22	23.77	1.409	25.2606	
4	23	22.173	9.184	22.6451	
4	24	23.378	-1.565	11.3842	
4	25	21.782	6.21	39.2092	
4	26	20.607	-2.713	14.5393	
4	27	19.01	5.062	81.3092	
4	28	20.998	0.261	26.4078	
4	29	19.401	8.036	58.2288	
7	22	-6.357	11.428	13.6156	
7	24	-6.749	8.453	20.3586	
7	28	-9.129	10.279	13.373	
8	2	-3.194	15.55	26.4342	
8	6	-5.574	17.376	11.9563	
8	8	-5.965	14.402	10.3491	
8	10	-3.585	12.576	17.6942	
8	12	-0.814	13.724	24.7888	
8	24	5.121	18.994	10.9639	
10	19	20.215	-5.687	7.42717	
12	7	26.15	-0.417	8.57536	
12	15	31.302	-1.095	7.27375	
12	17	31.693	1.879	10.5401	
12	19	32.085	4.854	11.3793	
12	20	36.453	-1.773	8.08913	
12	23	37.237	4.175	10.0257	
12	27	34.073	0.053	14.0231	
12	29	34.465	3.027	14.4803	
13	2	26.933	5.532	39.2134	
13	3	25.336	13.307	17.1932	
13	4	27.325	8.506	25.9724	
13	5	25.728	16.281	8.0512	
13	6	24.553	7.358	26.0567	
13	7	22.956	15.133	12.0842	
13	8	24.162	4.384	27.9386	
13	9	22.565	12.159	21.136	
13	10	26.542	2.558	20.6917	
13	11	24.945	10.332	13.8658	
13	12	29.313	3.706	7.2574	
13	13	27.716	11.481	18.3039	
13	14	29.705	6.68	20.0474	
13	15	28.108	14.455	10.221	
13	16	30.096	9.654	16.8653	
13	18	30.488	12.629	7.69054	
13	20	33.26	13.777	17.3121	
13	22	35.64	11.95	8.19542	
13	24	35.248	8.976	19.2404	
14	2	17.805	15.811	11.3558	
14	6	15.425	17.638	11.6375	
14	8	15.033	14.663	20.6823	
14	10	17.413	12.837	37.3125	
14	12	20.185	13.985	20.236	
7814	8	12:59:21:574:276:920	113.973
2	17	4.76	-3.653	13.164	
2	21	7.923	0.47	11.5791	
2	23	10.303	-1.356	19.4919	
2	25	9.912	-4.331	17.525	
2	27	7.14	-5.479	20.5466	
2	29	7.532	-2.505	9.03791	
4	8	12.292	-6.157	10.9283	
4	11	13.075	-0.208	11.7001	
7817	5	12:59:21:602:392:120	88.6881
10	9	13.889	-13.932	22.8366	
11	19	8.346	-16.228	9.93514	
11	21	11.117	-15.08	30.0715	
11	23	13.497	-16.906	16.6365	
11	29	10.726	-18.054	9.20828	
7821	4	12:59:21:646:335:800	54.9775
9	6	-29.313	-3.706	11.0554	
9	8	-29.705	-6.68	17.5336	
9	10	-27.325	-8.506	17.282	
9	12	-24.553	-7.358	9.1065	
7829	5	12:59:21:747:668:800	138.552
4	17	16.63	6.888	11.9589	
4	19	17.021	9.863	38.9208	
4	20	21.39	3.236	15.5733	
4	27	19.01	5.062	33.2907	
4	29	19.401	8.036	38.8082	
7833	13	12:59:21:780:898:080	395.003
6	2	-8.676	-26.091	21.4109	
6	10	-9.067	-29.065	45.3486	
6	12	-6.296	-27.917	58.1445	
6	14	-5.904	-24.943	26.8413	
17	22	-11.839	-30.213	10.2467	
17	24	-12.231	-33.187	32.7259	
17	26	-15.002	-34.336	7.68319	
18	3	-7.079	-33.866	20.6958	
18	5	-6.687	-30.891	23.3361	
18	7	-9.459	-32.039	75.478	
18	9	-9.851	-35.014	57.5131	
18	11	-7.471	-36.84	8.32783	
18	15	-4.307	-32.718	7.25093	
7835	11	12:59:21:814:453:100	282.796
1	15	-4.76	3.653	10.3795	
1	17	-4.369	6.627	37.3999	
1	18	-2.38	1.826	19.2601	
1	20	0.392	2.974	45.7944	
1	22	2.772	1.148	26.0765	
1	25	0.783	5.949	14.8016	
1	27	-1.988	4.801	80.3319	
1	28	0	0	12.2842	
2	19	5.152	-0.678	11.2345	
2	25	9.912	-4.331	14.3054	
2	29	7.532	-2.505	10.928	
7838	5	12:59:21:828:701:030	68.0908
7	17	-13.497	16.906	11.088	
7	27	-11.117	15.08	14.2264	
15	20	-17.866	23.533	13.767	
15	22	-15.486	21.707	15.4136	
15	24	-15.877	18.733	13.5959	
7841	29	12:59:21:860:878:370	1995.94
2	4	3.585	-12.576	7.91671	
2	12	5.574	-17.376	16.7956	
2	13	3.977	-9.601	10.8664	
2	14	5.965	-14.402	73.4103	
2	16	6.357	-11.428	49.8524	
2	18	6.749	-8.453	27.4078	
2	20	9.52	-7.305	90.5403	
2	22	11.9	-9.131	142.552	
2	24	11.509	-12.106	149.824	
2	25	9.912	-4.331	44.4431	
2	26	8.737	-13.254	551.929	
2	27	7.14	-5.479	11.3209	
2	28	9.129	-10.279	336.992	
2	29	7.532	-2.505	11.0654	
4	2	15.064	-5.009	14.9977	
4	3	13.467	2.766	8.05518	
4	4	15.455	-2.035	18.2146	
4	6	12.683	-3.183	21.993	
4	8	12.292	-6.157	76.9648	
4	10	14.672	-7.983	26.3999	
4	11	13.075	-0.208	23.4376	
4	13	15.847	0.94	14.9603	
4	15	16.238	3.914	7.47048	
10	5	17.052	-9.81	13.6944	
10	7	14.28	-10.958	21.0288	
10	9	13.889	-13.932	7.85315	
11	19	8.346	-16.228	160.512	
11	21	11.117	-15.08	47.5487	
11	29	10.726	-18.054	7.88967	
7870	6	12:59:22:150:307:160	135.058
7	3	-16.66	12.784	17.7581	
7	4	-14.672	7.983	22.6896	
7	6	-17.444	6.835	17.8847	
7	7	-19.04	14.61	9.94419	
7	9	-19.432	11.636	19.8035	
7	11	-17.052	9.81	46.9777	
7883	27	12:59:22:353:409:830	2271.38
2	2	3.194	-15.55	7.97952	
2	10	2.802	-18.524	18.4323	
2	12	5.574	-17.376	10.1252	
10	10	17.866	-23.533	12.3875	
11	4	6.779	-28.125	12.2164	
11	5	5.182	-20.351	8.7479	
11	12	8.768	-32.926	8.62223	
11	13	7.171	-25.151	13.9656	
11	14	9.159	-29.952	26.6334	
11	15	7.562	-22.177	28.4083	
11	16	9.551	-26.977	26.7593	
11	17	7.954	-19.202	24.1449	
11	18	9.942	-24.003	53.6376	
11	20	12.714	-22.855	29.7696	
11	22	15.094	-24.681	100.784	
11	24	14.703	-27.656	523.171	
11	26	11.931	-28.804	44.783	
11	27	10.334	-21.029	25.2402	
11	28	12.322	-25.829	155.23	
11	29	10.726	-18.054	8.98851	
22	3	19.854	-28.334	90.5569	
22	5	20.246	-25.36	23.7076	
22	7	17.474	-26.508	98.4399	
22	9	17.083	-29.482	708.47	
22	11	19.463	-31.308	190.14	
22	13	22.234	-30.16	10.6811	
22	15	22.626	-27.186	9.35287	
7891	4	12:59:22:428:595:500	67.0949
3	3	4.338	13.045	19.5937	
3	4	6.326	8.245	8.64885	
3	6	3.555	7.097	23.4838	
3	11	3.946	10.071	15.3685	
7893	16	12:59:22:472:461:730	2299.92
8	17	-1.627	27.447	27.7452	
8	19	-1.236	30.422	187.778	
8	21	1.536	31.57	715.152	
8	23	3.916	29.743	70.4838	
8	27	0.753	25.621	7.78482	
8	29	1.144	28.595	209.509	
16	3	7.079	33.866	118.231	
16	4	9.067	29.065	12.9221	
16	5	7.471	36.84	131.865	
16	6	6.296	27.917	16.0466	
16	7	4.699	35.692	227.445	
16	9	4.307	32.718	488.28	
16	11	6.687	30.891	35.4661	
16	13	9.459	32.039	14.9414	
16	15	9.851	35.014	29.1822	
16	16	11.839	30.213	7.08883	
7912	6	12:59:22:687:952:930	120.295
11	3	4.791	-23.325	10.0522	
11	9	2.019	-24.473	49.461	
18	21	-0.753	-25.621	11.3775	
18	23	1.627	-27.447	19.7027	
18	27	-1.536	-31.57	10.5109	
18	29	-1.144	-28.595	19.1906	
7913	7	12:59:22:702:633:170	119.921
21	3	-31.271	-18.577	8.19759	
21	15	-28.5	-17.429	19.5904	
21	17	-28.108	-14.455	24.4964	
21	23	-22.565	-12.159	19.1863	
21	25	-22.956	-15.133	13.1522	
21	27	-25.728	-16.281	18.523	
21	29	-25.336	-13.307	16.7752	
7919	7	12:59:22:781:584:600	107.29
6	13	-7.893	-20.142	11.4094	
6	15	-7.501	-17.168	15.3689	
6	17	-7.11	-14.193	11.3775	
6	21	-3.946	-10.071	20.1095	
6	23	-1.566	-11.897	10.8063	
6	27	-4.73	-16.02	11.0004	
6	29	-4.338	-13.045	27.2175	
7922	9	12:59:22:814:693:130	184.159
2	6	0.814	-13.724	13.8797	
6	3	-10.273	-18.316	20.5878	
6	9	-13.044	-19.464	16.1432	
6	13	-7.893	-20.142	10.1779	
6	18	-5.121	-18.994	9.46379	
6	20	-2.349	-17.846	7.54047	
6	25	-1.958	-14.872	48.5308	
6	27	-4.73	-16.02	50.7243	
6	29	-4.338	-13.045	7.11146	
7924	4	12:59:22:838:098:660	68.235
4	2	15.064	-5.009	20.133	
4	6	12.683	-3.183	20.2962	
4	12	17.444	-6.835	14.7554	
10	19	20.215	-5.687	13.0504	
7934	29	12:59:22:894:476:880	827.467
1	20	0.392	2.974	9.22697	
1	22	2.772	1.148	20.0615	
1	28	0	0	16.0553	
3	2	5.935	5.27	26.7973	
3	4	6.326	8.245	9.47426	
3	8	3.163	4.122	7.64141	
3	10	5.543	2.296	39.761	
3	12	8.315	3.444	51.2829	
3	14	8.706	6.418	14.6367	
3	24	14.25	8.715	23.3085	
3	26	11.478	7.567	28.4514	
4	3	13.467	2.766	8.05518	
4	5	13.858	5.74	85.3329	
4	7	11.087	4.592	55.4496	
4	15	16.238	3.914	16.6301	
4	17	16.63	6.888	81.8859	
4	18	18.618	2.088	7.89363	
4	19	17.021	9.863	27.7409	
4	20	21.39	3.236	7.85021	
4	21	19.793	11.011	14.3121	
4	23	22.173	9.184	71.5867	
4	25	21.782	6.21	24.1233	
4	27	19.01	5.062	24.0415	
4	29	19.401	8.036	81.4542	
13	3	25.336	13.307	9.67831	
13	7	22.956	15.133	9.62637	
13	9	22.565	12.159	17.9675	
13	11	24.945	10.332	22.1072	
14	10	17.413	12.837	15.0341	
7947	10	12:59:23:006:132:430	287.469
1	15	-4.76	3.653	18.056	
1	17	-4.369	6.627	27.7252	
1	19	-3.977	9.601	36.3623	
1	21	-1.205	10.749	65.6273	
1	27	-1.988	4.801	12.2783	
1	29	-1.597	7.775	36.5948	
8	2	-3.194	15.55	8.33766	
8	10	-3.585	12.576	19.0781	
8	12	-0.814	13.724	55.2307	
8	14	-0.422	16.698	8.179	
7954	8	12:59:23:118:044:740	177.458
10	6	15.877	-18.733	19.6612	
10	11	16.269	-15.758	22.4919	
11	17	7.954	-19.202	8.96321	
11	21	11.117	-15.08	8.52544	
11	23	13.497	-16.906	53.8815	
11	25	13.106	-19.881	32.5942	
11	27	10.334	-21.029	10.9684	
11	29	10.726	-18.054	20.3725	
7956	4	12:59:23:132:049:300	72.3058
9	6	-29.313	-3.706	7.39653	
9	8	-29.705	-6.68	22.3792	
9	10	-27.325	-8.506	27.0444	
21	21	-24.945	-10.332	15.4856	
7957	5	12:59:23:139:691:720	50.0031
11	3	4.791	-23.325	8.35102	
11	4	6.779	-28.125	10.4839	
11	11	4.399	-26.299	8.38941	
11	13	7.171	-25.151	14.0973	
11	18	9.942	-24.003	8.6814	
7962	8	12:59:23:166:550:070	163.822
21	3	-31.271	-18.577	15.9504	
21	5	-30.88	-15.603	22.1915	
21	7	-33.651	-16.751	31.0676	
21	9	-34.043	-19.725	22.6232	
21	11	-31.663	-21.552	14.2842	
21	15	-28.5	-17.429	14.6247	
21	17	-28.108	-14.455	26.3052	
21	29	-25.336	-13.307	16.7752	
7965	6	12:59:23:203:480:910	210.079
2	2	3.194	-15.55	31.1565	
2	6	0.814	-13.724	43.3005	
2	8	0.422	-16.698	36.0243	
2	12	5.574	-17.376	10.0226	
6	23	-1.566	-11.897	20.054	
6	25	-1.958	-14.872	69.5208	
7971	24	12:59:23:284:710:450	435.902
4	2	15.064	-5.009	8.09402	
4	12	17.444	-6.835	14.4524	
4	14	17.835	-3.861	17.1632	
4	26	20.607	-2.713	7.14748	
10	2	18.257	-20.559	20.7724	
10	3	16.66	-12.784	13.6892	
10	4	18.649	-17.585	11.6957	
10	5	17.052	-9.81	16.6046	
10	6	15.877	-18.733	13.6463	
10	7	14.28	-10.958	12.0769	
10	10	17.866	-23.533	21.8701	
10	11	16.269	-15.758	17.8563	
10	12	20.637	-22.385	41.2769	
10	13	19.04	-14.61	22.4379	
10	14	21.029	-19.411	52.1305	
10	15	19.432	-11.636	25.5859	
10	16	21.421	-16.437	29.5129	
10	17	19.824	-8.662	10.448	
10	18	21.812	-13.462	16.1664	
10	19	20.215	-5.687	11.1326	
10	24	26.572	-17.115	8.58962	
10	26	23.801	-18.263	15.4817	
10	27	22.204	-10.488	13.9778	
10	29	22.595	-7.514	14.0932	
7977	6	12:59:23:331:054:150	106.662
12	2	30.127	-10.018	14.5777	
12	3	28.53	-2.243	25.2594	
12	4	30.519	-7.044	15.2198	
12	11	28.139	-5.217	32.3038	
12	12	32.507	-11.844	8.235	
12	13	30.91	-4.069	11.0665	
7994	7	12:59:23:553:984:580	203.1
2	2	3.194	-15.55	7.35043	
2	14	5.965	-14.402	16.6061	
2	16	6.357	-11.428	69.5962	
2	18	6.749	-8.453	33.5021	
2	24	11.509	-12.106	10.8677	
2	26	8.737	-13.254	33.6453	
2	28	9.129	-10.279	31.5318	
7995	5	12:59:23:555:993:300	82.8588
1	19	-3.977	9.601	9.14008	
1	20	0.392	2.974	8.13744	
1	21	-1.205	10.749	11.0408	
1	27	-1.988	4.801	15.4873	
1	29	-1.597	7.775	39.0532	
7998	19	12:59:23:587:775:630	367.27
5	5	-19.01	-5.062	8.54689	
5	13	-17.021	-9.863	7.18832	
5	15	-16.63	-6.888	13.4955	
5	17	-16.238	-3.914	51.5015	
5	18	-14.25	-8.715	30.4466	
5	19	-15.847	-0.94	8.31603	
5	20	-11.478	-7.567	9.03786	
5	24	-9.49	-12.367	18.6698	
5	25	-11.087	-4.592	10.698	
5	27	-13.858	-5.74	22.426	
5	28	-11.87	-10.541	24.7525	
9	19	-24.975	9.34	12.7515	
9	20	-20.607	2.713	23.1109	
9	22	-18.227	0.887	22.9706	
9	24	-18.618	-2.088	22.8081	
9	25	-20.215	5.687	14.8007	
9	27	-22.987	4.539	23.3734	
9	28	-20.998	-0.261	22.0242	
9	29	-22.595	7.514	20.3517	
8004	9	12:59:23:674:077:040	195.406
9	3	-28.53	2.243	44.5712	
9	5	-28.139	5.217	9.9171	
9	7	-30.91	4.069	24.5863	
9	9	-31.302	1.095	11.1093	
9	11	-28.922	-0.731	9.70321	
9	13	-26.15	0.417	42.5331	
9	16	-23.77	-1.409	25.842	
9	26	-21.39	-3.236	8.10704	
20	12	-33.682	2.921	19.0363	
8007	35	12:59:23:733:019:420	3974.51
6	2	-8.676	-26.091	15.3604	
6	6	-11.056	-24.264	7.38599	
6	8	-11.448	-27.239	24.2196	
6	10	-9.067	-29.065	28.1502	
6	12	-6.296	-27.917	7.69382	
17	3	-22.143	-28.857	44.7887	
17	9	-24.914	-30.005	14.9475	
17	10	-14.611	-31.361	704.413	
17	11	-22.534	-31.831	50.4596	
17	12	-16.208	-23.586	20.4235	
17	13	-19.762	-30.683	281.002	
17	14	-13.828	-25.413	26.692	
17	15	-19.371	-27.709	168.936	
17	16	-17.382	-32.509	525.431	
17	17	-18.979	-24.734	37.1565	
17	18	-16.991	-29.535	636.822	
17	19	-18.588	-21.76	19.3965	
17	20	-14.219	-28.387	91.268	
17	21	-15.816	-20.612	24.3598	
17	22	-11.839	-30.213	74.9808	
17	23	-13.436	-22.438	22.2973	
17	24	-12.231	-33.187	348.718	
17	26	-15.002	-34.336	387.772	
17	27	-16.599	-26.561	35.3276	
18	3	-7.079	-33.866	48.9034	
18	5	-6.687	-30.891	23.0226	
18	7	-9.459	-32.039	34.7957	
18	9	-9.851	-35.014	115.544	
18	11	-7.471	-36.84	59.5783	
18	13	-4.699	-35.692	22.7618	
18	16	-2.319	-37.518	24.4511	
18	17	-3.916	-29.743	8.26717	
18	18	-1.927	-34.544	12.6216	
18	24	2.833	-38.197	7.19431	
18	26	0.061	-39.345	19.3707	
8009	12	12:59:23:745:736:770	373.948
8	5	-4.399	26.299	33.8775	
8	7	-7.171	25.151	20.6365	
8	15	-2.019	24.473	13.7872	
8	17	-1.627	27.447	47.8877	
8	19	-1.236	30.422	99.4778	
8	21	1.536	31.57	22.2404	
8	29	1.144	28.595	39.4383	
19	12	-9.942	24.003	10.3763	
19	22	-3.616	32.248	8.37704	
19	24	-4.008	29.274	47.1892	
19	26	-6.779	28.125	21.4636	
19	28	-6.388	31.1	9.19622	
8014	4	12:59:23:790:500:870	66.4524
14	2	17.805	15.811	30.1036	
14	6	15.425	17.638	17.0632	
14	12	20.185	13.985	11.2056	
14	14	20.576	16.959	8.08009	
8023	9	12:59:23:887:919:140	223.701
12	19	32.085	4.854	38.4028	
12	21	34.857	6.002	48.9633	
12	23	37.237	4.175	22.1304	
12	29	34.465	3.027	19.7294	
13	12	29.313	3.706	20.1066	
13	14	29.705	6.68	19.1648	
13	16	30.096	9.654	13.039	
13	24	35.248	8.976	12.9215	
13	26	32.477	7.828	29.2427	
8025	6	12:59:23:894:592:780	83.1045
6	2	-8.676	-26.091	14.8139	
6	4	-8.284	-23.116	9.20778	
6	8	-11.448	-27.239	15.469	
6	10	-9.067	-29.065	19.551	
6	14	-5.904	-24.943	16.5563	
6	16	-5.513	-21.968	7.50648	
8032	6	12:59:23:999:893:230	117.948
9	3	-28.53	2.243	25.0121	
9	5	-28.139	5.217	10.132	
9	6	-29.313	-3.706	12.0016	
9	9	-31.302	1.095	28.5917	
9	11	-28.922	-0.731	30.1725	
9	13	-26.15	0.417	12.0377	
8035	4	12:59:24:025:078:950	62.9205
14	2	17.805	15.811	31.1749	
14	4	18.196	18.786	8.49504	
14	6	15.425	17.638	9.07879	
14	12	20.185	13.985	14.1718	
8036	4	12:59:24:037:327:740	124.711
1	24	2.38	-1.826	8.86239	
2	5	1.988	-4.801	36.2086	
2	17	4.76	-3.653	61.1857	
2	29	7.532	-2.505	18.4538	
8042	8	12:59:24:106:236:320	185.606
10	15	19.432	-11.636	12.5027	
10	16	21.421	-16.437	9.33911	
10	17	19.824	-8.662	10.2445	
10	18	21.812	-13.462	45.5686	
10	26	23.801	-18.263	7.69024	
10	27	22.204	-10.488	72.9183	
10	28	24.192	-15.289	14.2343	
10	29	22.595	-7.514	13.1081	
8044	10	12:59:24:110:949:850	308.497
2	24	11.509	-12.106	9.71225	
4	10	14.672	-7.983	13.1626	
4	12	17.444	-6.835	23.9359	
10	3	16.66	-12.784	26.8094	
10	5	17.052	-9.81	119.431	
10	7	14.28	-10.958	63.6072	
10	9	13.889	-13.932	9.95609	
10	15	19.432	-11.636	12.44	
10	17	19.824	-8.662	22.0155	
10	19	20.215	-5.687	7.42717	
8059	19	12:59:24:258:960:160	816.628
4	19	17.021	9.863	10.3963	
14	2	17.805	15.811	33.1032	
14	3	16.208	23.586	11.1242	
14	4	18.196	18.786	45.5182	
14	5	16.599	26.561	13.8329	
14	8	15.033	14.663	8.15213	
14	10	17.413	12.837	15.4281	
14	11	15.816	20.612	14.2475	
14	13	18.588	21.76	36.4498	
14	14	20.576	16.959	23.211	
14	15	18.979	24.734	18.3535	
14	16	20.968	19.934	67.969	
14	18	21.359	22.908	153.638	
14	20	24.131	24.056	31.7775	
14	22	26.511	22.23	10.6925	
14	25	24.523	27.03	63.5148	
14	27	21.751	25.882	209.007	
14	28	23.739	21.082	13.1588	
14	29	22.143	28.857	37.0537	
8061	7	12:59:24:263:647:890	127.34
7	3	-16.66	12.784	14.6724	
7	5	-16.269	15.758	11.1897	
7	11	-17.052	9.81	7.35047	
7	15	-13.889	13.932	32.1219	
7	17	-13.497	16.906	20.4751	
7	19	-13.106	19.881	23.2604	
7	21	-10.334	21.029	18.2703	
8065	9	12:59:24:274:476:230	165.104
12	5	28.922	0.731	24.1463	
12	13	30.91	-4.069	7.92529	
12	15	31.302	-1.095	18.0614	
12	18	33.682	-2.921	19.5806	
12	27	34.073	0.053	18.1309	
13	6	24.553	7.358	16.8271	
13	8	24.162	4.384	21.7421	
13	10	26.542	2.558	29.3313	
13	12	29.313	3.706	9.35927	
8072	20	12:59:24:378:017:250	748.919
6	2	-8.676	-26.091	11.4959	
6	6	-11.056	-24.264	7.55196	
6	8	-11.448	-27.239	28.3253	
6	10	-9.067	-29.065	27.7446	
17	10	-14.611	-31.361	55.0702	
17	13	-19.762	-30.683	11.0099	
17	14	-13.828	-25.413	29.0893	
17	16	-17.382	-32.509	20.7082	
17	18	-16.991	-29.535	18.3677	
17	20	-14.219	-28.387	29.1021	
17	22	-11.839	-30.213	52.9989	
17	24	-12.231	-33.187	78.7531	
17	26	-15.002	-34.336	42.7571	
17	27	-16.599	-26.561	17.0299	
18	3	-7.079	-33.866	24.7736	
18	5	-6.687	-30.891	12.3995	
18	7	-9.459	-32.039	63.3126	
18	9	-9.851	-35.014	169.525	
18	11	-7.471	-36.84	41.3108	
18	15	-4.307	-32.718	7.59325	
8079	13	12:59:24:434:481:890	273.752
11	2	6.388	-31.1	28.7749	
11	4	6.779	-28.125	19.3242	
11	6	4.008	-29.274	7.83414	
11	8	3.616	-32.248	13.2867	
11	10	5.996	-34.074	21.6895	
11	12	8.768	-32.926	9.87462	
11	13	7.171	-25.151	8.99199	
11	14	9.159	-29.952	31.8857	
11	16	9.551	-26.977	18.4856	
11	22	15.094	-24.681	12.0266	
11	24	14.703	-27.656	38.5152	
11	26	11.931	-28.804	50.5006	
11	28	12.322	-25.829	12.5624	
8087	4	12:59:24:513:648:970	54.7768
10	6	15.877	-18.733	13.0072	
10	8	15.486	-21.707	11.3788	
11	23	13.497	-16.906	11.5902	
11	25	13.106	-19.881	18.8005	
8093	6	12:59:24:585:103:630	110.603
2	2	3.194	-15.55	17.8132	
2	4	3.585	-12.576	19.6739	
2	6	0.814	-13.724	10.0031	
2	8	0.422	-16.698	28.9529	
2	16	6.357	-11.428	12.8114	
6	22	0.031	-19.672	21.3483	
8096	4	12:59:24:631:649:710	70.8024
15	22	-15.486	21.707	22.7806	
15	24	-15.877	18.733	13.317	
15	26	-18.649	17.585	21.7917	
15	28	-18.257	20.559	12.9131	
8097	8	12:59:24:643:145:990	201.151
17	19	-18.588	-21.76	16.6153	
21	18	-26.119	-19.255	10.028	
21	20	-23.348	-18.107	47.1971	
21	22	-20.968	-19.934	67.1374	
21	24	-21.359	-22.908	8.51601	
21	25	-22.956	-15.133	10.4908	
21	27	-25.728	-16.281	21.1475	
21	28	-23.739	-21.082	20.019	
8100	70	12:59:24:717:803:980	4934.03
2	2	3.194	-15.55	58.8696	
2	4	3.585	-12.576	16.7767	
2	6	0.814	-13.724	29.7323	
2	7	-0.783	-5.949	9.43689	
2	8	0.422	-16.698	92.8838	
2	9	-1.175	-8.923	14.469	
2	10	2.802	-18.524	60.0933	
2	11	1.205	-10.749	10.3879	
2	12	5.574	-17.376	44.9479	
2	14	5.965	-14.402	47.7895	
2	16	6.357	-11.428	14.5785	
2	22	11.9	-9.131	11.3713	
2	24	11.509	-12.106	10.1182	
2	26	8.737	-13.254	17.9843	
2	28	9.129	-10.279	14.859	
6	2	-8.676	-26.091	659.61	
6	3	-10.273	-18.316	19.3105	
6	4	-8.284	-23.116	335.758	
6	5	-9.881	-15.341	14.838	
6	6	-11.056	-24.264	116.264	
6	7	-12.653	-16.49	19.9384	
6	8	-11.448	-27.239	96.7125	
6	9	-13.044	-19.464	58.529	
6	10	-9.067	-29.065	65.3052	
6	11	-10.664	-21.29	39.8184	
6	12	-6.296	-27.917	107.633	
6	13	-7.893	-20.142	76.7868	
6	14	-5.904	-24.943	578.974	
6	15	-7.501	-17.168	26.7394	
6	16	-5.513	-21.968	545.058	
6	17	-7.11	-14.193	14.4526	
6	18	-5.121	-18.994	96.5875	
6	19	-6.718	-11.219	10.7869	
6	20	-2.349	-17.846	54.9786	
6	22	0.031	-19.672	146.843	
6	24	-0.361	-22.647	121.292	
6	25	-1.958	-14.872	19.5838	
6	26	-3.133	-23.795	291.545	
6	27	-4.73	-16.02	24.2657	
6	28	-2.741	-20.82	307.536	
6	29	-4.338	-13.045	14.2876	
11	3	4.791	-23.325	17.1273	
11	5	5.182	-20.351	8.35027	
11	7	2.411	-21.499	36.6454	
11	9	2.019	-24.473	36.0858	
11	11	4.399	-26.299	13.826	
11	15	7.562	-22.177	12.8808	
11	17	7.954	-19.202	17.0687	
11	19	8.346	-16.228	20.2413	
11	21	11.117	-15.08	11.6643	
11	27	10.334	-21.029	9.43541	
11	29	10.726	-18.054	18.4825	
17	12	-16.208	-23.586	13.9268	
17	19	-18.588	-21.76	21.9971	
17	20	-14.219	-28.387	18.9571	
17	21	-15.816	-20.612	12.0846	
17	22	-11.839	-30.213	16.4432	
17	23	-13.436	-22.438	33.677	
17	24	-12.231	-33.187	10.0355	
18	3	-7.079	-33.866	15.0543	
18	5	-6.687	-30.891	13.723	
18	7	-9.459	-32.039	17.6268	
18	9	-9.851	-35.014	9.37864	
18	15	-4.307	-32.718	15.4666	
18	17	-3.916	-29.743	21.0467	
18	19	-3.524	-26.769	65.4701	
18	21	-0.753	-25.621	53.7523	
18	25	1.236	-30.422	10.281	
18	27	-1.536	-31.57	15.0468	
18	29	-1.144	-28.595	50.5241	
8103	35	12:59:24:763:646:250	997.927
4	17	16.63	6.888	12.675	
4	18	18.618	2.088	7.02858	
4	19	17.021	9.863	12.4512	
4	20	21.39	3.236	12.6811	
4	21	19.793	11.011	31.2869	
4	23	22.173	9.184	136.322	
4	25	21.782	6.21	56.4655	
4	27	19.01	5.062	27.2642	
4	29	19.401	8.036	45.0281	
13	2	26.933	5.532	24.5609	
13	3	25.336	13.307	54.2745	
13	4	27.325	8.506	19.9986	
13	5	25.728	16.281	50.8162	
13	6	24.553	7.358	28.4579	
13	7	22.956	15.133	54.645	
13	8	24.162	4.384	12.5379	
13	9	22.565	12.159	68.4698	
13	10	26.542	2.558	11.7365	
13	11	24.945	10.332	44.3707	
13	12	29.313	3.706	10.6283	
13	13	27.716	11.481	43.2711	
13	14	29.705	6.68	13.9954	
13	15	28.108	14.455	18.4951	
13	16	30.096	9.654	19.1685	
13	17	28.5	17.429	14.6422	
13	18	30.488	12.629	22.196	
13	20	33.26	13.777	8.31588	
13	27	30.88	15.603	7.3716	
14	2	17.805	15.811	9.42745	
14	8	15.033	14.663	7.24634	
14	10	17.413	12.837	17.1559	
14	12	20.185	13.985	29.3652	
14	14	20.576	16.959	13.9472	
14	24	26.119	19.255	35.5563	
14	26	23.348	18.107	16.0734	
8108	8	12:59:24:828:492:830	135.543
10	16	21.421	-16.437	13.5932	
10	20	24.584	-12.314	7.41184	
10	22	26.964	-14.14	16.6257	
10	24	26.572	-17.115	20.5305	
10	26	23.801	-18.263	25.4318	
10	28	24.192	-15.289	15.0333	
22	21	26.181	-20.089	22.3033	
22	29	25.789	-23.063	14.6135	
8137	17	12:59:25:276:712:730	551.453
2	24	11.509	-12.106	16.5514	
10	2	18.257	-20.559	111.204	
10	4	18.649	-17.585	27.072	
10	6	15.877	-18.733	57.4422	
10	7	14.28	-10.958	13.0535	
10	8	15.486	-21.707	38.2742	
10	9	13.889	-13.932	20.9636	
10	10	17.866	-23.533	38.4981	
10	11	16.269	-15.758	40.5151	
10	12	20.637	-22.385	65.1511	
10	14	21.029	-19.411	32.6539	
11	23	13.497	-16.906	17.0598	
22	5	20.246	-25.36	29.2106	
22	15	22.626	-27.186	7.56988	
22	17	23.017	-24.212	12.5553	
22	19	23.409	-21.237	8.4341	
22	21	26.181	-20.089	15.2445	
8146	11	12:59:25:352:108:680	187.028
4	21	19.793	11.011	13.2137	
4	23	22.173	9.184	36.514	
4	29	19.401	8.036	8.96592	
12	17	31.693	1.879	13.9853	
13	2	26.933	5.532	29.3051	
13	4	27.325	8.506	8.5256	
13	6	24.553	7.358	21.2543	
13	8	24.162	4.384	11.9944	
13	9	22.565	12.159	7.88252	
13	12	29.313	3.706	23.9137	
13	14	29.705	6.68	11.4737	
8156	5	12:59:25:438:431:140	74.9293
5	5	-19.01	-5.062	9.14536	
9	2	-26.933	-5.532	15.343	
9	6	-29.313	-3.706	16.2598	
9	14	-24.162	-4.384	14.0498	
9	26	-21.39	-3.236	20.1313	
8169	15	12:59:25:527:993:470	707.406
3	17	7.501	17.168	24.8806	
3	19	7.893	20.142	16.6323	
3	21	10.664	21.29	133.938	
3	23	13.044	19.464	61.2535	
3	25	12.653	16.49	13.0994	
3	27	9.881	15.341	11.2109	
3	29	10.273	18.316	104.373	
14	3	16.208	23.586	11.9861	
14	6	15.425	17.638	10.7127	
14	7	13.828	25.413	23.8981	
14	9	13.436	22.438	246.016	
14	11	15.816	20.612	7.78321	
16	10	8.284	23.116	12.4422	
16	12	11.056	24.264	22.0904	
16	14	11.448	27.239	7.08908	
8174	7	12:59:25:671:907:310	99.4761
5	2	-17.805	-15.811	10.776	
5	10	-18.196	-18.786	14.8841	
5	12	-15.425	-17.638	8.99852	
17	12	-16.208	-23.586	19.7887	
17	19	-18.588	-21.76	8.09091	
17	21	-15.816	-20.612	27.9051	
17	23	-13.436	-22.438	9.0327	
8194	18	12:59:25:957:059:580	504.679
1	8	-8.706	-6.418	15.7942	
5	12	-15.425	-17.638	14.5297	
5	14	-15.033	-14.663	18.0452	
5	16	-14.641	-11.689	21.4451	
5	18	-14.25	-8.715	13.212	
5	20	-11.478	-7.567	20.1248	
5	22	-9.098	-9.393	36.4531	
5	24	-9.49	-12.367	36.4148	
5	26	-12.261	-13.515	97.0437	
5	28	-11.87	-10.541	55.6587	
6	5	-9.881	-15.341	28.6236	
6	7	-12.653	-16.49	32.4471	
6	9	-13.044	-19.464	55.9445	
6	15	-7.501	-17.168	7.99682	
6	17	-7.11	-14.193	10.9072	
6	19	-6.718	-11.219	16.7775	
6	21	-3.946	-10.071	13.6923	
6	29	-4.338	-13.045	9.56814	
8199	8	12:59:26:052:280:690	196.106
6	10	-9.067	-29.065	12.2092	
6	12	-6.296	-27.917	34.9027	
6	14	-5.904	-24.943	28.7645	
6	24	-0.361	-22.647	27.2977	
6	26	-3.133	-23.795	29.3964	
18	17	-3.916	-29.743	15.7768	
18	19	-3.524	-26.769	27.5823	
18	21	-0.753	-25.621	20.1761	
8209	5	12:59:26:140:243:790	98.5738
10	13	19.04	-14.61	30.0054	
10	16	21.421	-16.437	30.2773	
10	18	21.812	-13.462	15.6249	
10	26	23.801	-18.263	10.1187	
10	28	24.192	-15.289	12.5475	
8210	8	12:59:26:163:981:430	212.05
2	4	3.585	-12.576	23.548	
2	7	-0.783	-5.949	7.77906	
2	9	-1.175	-8.923	20.77	
2	11	1.205	-10.749	53.8349	
2	16	6.357	-11.428	8.66554	
6	19	-6.718	-11.219	12.6612	
6	21	-3.946	-10.071	36.8904	
6	23	-1.566	-11.897	47.901	
8215	5	12:59:26:229:318:630	75.2579
1	5	-7.14	5.479	8.31505	
1	7	-9.912	4.331	22.5636	
7	12	-12.683	3.183	22.8726	
7	14	-12.292	6.157	8.73023	
7	26	-9.52	7.305	12.7764	
8219	4	12:59:26:305:157:300	62.5012
7	14	-12.292	6.157	7.78736	
7	16	-11.9	9.131	12.0079	
7	26	-9.52	7.305	30.2517	
7	28	-9.129	10.279	12.4542	
8227	42	12:59:26:358:701:010	2664.47
2	2	3.194	-15.55	33.6067	
2	8	0.422	-16.698	290.605	
2	10	2.802	-18.524	155.23	
2	12	5.574	-17.376	27.1261	
6	5	-9.881	-15.341	11.716	
6	13	-7.893	-20.142	9.92433	
6	15	-7.501	-17.168	25.7814	
6	17	-7.11	-14.193	97.1161	
6	18	-5.121	-18.994	32.1688	
6	20	-2.349	-17.846	320.922	
6	22	0.031	-19.672	177.225	
6	23	-1.566	-11.897	18.0105	
6	24	-0.361	-22.647	11.0193	
6	25	-1.958	-14.872	66.434	
6	26	-3.133	-23.795	7.27599	
6	27	-4.73	-16.02	364.382	
6	28	-2.741	-20.82	15.1504	
6	29	-4.338	-13.045	21.1727	
10	8	15.486	-21.707	11.4541	
10	10	17.866	-23.533	9.38244	
11	3	4.791	-23.325	49.5262	
11	5	5.182	-20.351	170.124	
11	7	2.411	-21.499	88.5234	
11	9	2.019	-24.473	14.9909	
11	11	4.399	-26.299	12.8325	
11	13	7.171	-25.151	35.9021	
11	15	7.562	-22.177	140.45	
11	16	9.551	-26.977	23.635	
11	17	7.954	-19.202	40.9134	
11	18	9.942	-24.003	103.088	
11	20	12.714	-22.855	40.1449	
11	22	15.094	-24.681	35.1923	
11	24	14.703	-27.656	21.7824	
11	26	11.931	-28.804	16.6495	
11	27	10.334	-21.029	33.4528	
11	28	12.322	-25.829	55.3579	
22	3	19.854	-28.334	16.5304	
22	5	20.246	-25.36	12.2537	
22	7	17.474	-26.508	17.4038	
22	9	17.083	-29.482	8.82771	
22	11	19.463	-31.308	7.71689	
22	13	22.234	-30.16	13.4714	
8228	6	12:59:26:381:205:470	136.831
1	2	-5.935	-5.27	16.607	
1	4	-5.543	-2.296	10.6238	
1	6	-8.315	-3.444	53.3059	
1	8	-8.706	-6.418	36.7099	
1	11	-7.923	-0.47	10.2146	
1	12	-3.555	-7.097	9.37025	
8231	15	12:59:26:410:635:970	977.591
5	4	-17.413	-12.837	8.39486	
5	6	-20.185	-13.985	16.4085	
21	3	-31.271	-18.577	307.856	
21	5	-30.88	-15.603	49.4784	
21	7	-33.651	-16.751	41.7492	
21	9	-34.043	-19.725	215.169	
21	11	-31.663	-21.552	26.3514	
21	13	-28.891	-20.404	27.5475	
21	15	-28.5	-17.429	136.171	
21	17	-28.108	-14.455	52.4388	
21	18	-26.119	-19.255	8.58607	
21	20	-23.348	-18.107	12.3293	
21	25	-22.956	-15.133	18.0418	
21	27	-25.728	-16.281	27.0906	
21	29	-25.336	-13.307	29.9786	
8240	9	12:59:26:541:210:470	280.819
7	15	-13.889	13.932	7.60323	
7	17	-13.497	16.906	43.0763	
7	18	-11.509	12.106	8.5107	
7	20	-8.737	13.254	33.3472	
7	21	-10.334	21.029	9.95949	
7	25	-8.346	16.228	38.3305	
7	27	-11.117	15.08	110.902	
7	29	-10.726	18.054	15.8968	
8	8	-5.965	14.402	13.1927	
8244	7	12:59:26:571:037:650	87.1867
4	13	15.847	0.94	13.7841	
4	15	16.238	3.914	9.69943	
4	16	18.227	-0.887	10.9115	
4	18	18.618	2.088	14.3816	
4	20	21.39	3.236	8.29516	
4	24	23.378	-1.565	14.1616	
4	28	20.998	0.261	15.9533	
8247	11	12:59:26:596:279:370	422.094
1	2	-5.935	-5.27	55.7704	
1	4	-5.543	-2.296	7.31141	
1	6	-8.315	-3.444	16.0482	
1	8	-8.706	-6.418	102.467	
1	10	-6.326	-8.245	39.6028	
1	14	-3.163	-4.122	7.04144	
5	20	-11.478	-7.567	11.3065	
5	22	-9.098	-9.393	107.627	
5	24	-9.49	-12.367	48.4388	
6	5	-9.881	-15.341	15.6448	
6	17	-7.11	-14.193	10.8349	
8248	27	12:59:26:609:477:290	752.227
1	2	-5.935	-5.27	52.96	
1	4	-5.543	-2.296	13.4918	
1	6	-8.315	-3.444	65.4832	
1	8	-8.706	-6.418	15.5597	
1	9	-10.303	1.356	24.5738	
1	11	-7.923	-0.47	13.7547	
1	12	-3.555	-7.097	36.0985	
1	14	-3.163	-4.122	11.685	
2	7	-0.783	-5.949	21.1374	
2	9	-1.175	-8.923	16.0359	
2	11	1.205	-10.749	13.1414	
5	21	-13.075	0.208	65.2573	
5	23	-10.695	-1.618	65.5147	
5	25	-11.087	-4.592	11.7822	
5	29	-13.467	-2.766	18.2385	
7	2	-15.064	5.009	20.3404	
7	6	-17.444	6.835	16.2501	
7	8	-17.835	3.861	47.0296	
7	10	-15.455	2.035	72.2159	
7	12	-12.683	3.183	18.0998	
9	17	-25.367	6.366	14.1476	
9	19	-24.975	9.34	22.4531	
9	20	-20.607	2.713	12.6552	
9	22	-18.227	0.887	15.6064	
9	25	-20.215	5.687	35.4834	
9	28	-20.998	-0.261	7.11501	
9	29	-22.595	7.514	26.1164	
8264	5	12:59:26:725:376:270	70.1338
1	2	-5.935	-5.27	10.5117	
1	4	-5.543	-2.296	26.0949	
1	6	-8.315	-3.444	14.3144	
1	13	-5.152	0.678	9.92575	
1	14	-3.163	-4.122	9.28709	
8265	6	12:59:26:725:762:800	115.081
11	18	9.942	-24.003	16.9536	
11	20	12.714	-22.855	19.9654	
11	22	15.094	-24.681	26.8491	
11	24	14.703	-27.656	10.7887	
11	28	12.322	-25.829	25.9601	
22	7	17.474	-26.508	14.5637	
8272	9	12:59:26:815:900:920	137.333
3	7	1.958	14.872	17.8513	
3	9	1.566	11.897	23.7552	
8	12	-0.814	13.724	11.9883	
8	14	-0.422	16.698	15.4233	
8	16	-0.031	19.672	11.1301	
8	18	0.361	22.647	21.1261	
8	26	2.349	17.846	7.18311	
8	27	0.753	25.621	16.1685	
8	29	1.144	28.595	12.7072	
8273	7	12:59:26:817:856:820	84.418
6	2	-8.676	-26.091	8.60731	
6	12	-6.296	-27.917	15.2274	
6	14	-5.904	-24.943	8.61263	
18	17	-3.916	-29.743	10.8033	
18	19	-3.524	-26.769	15.9129	
18	27	-1.536	-31.57	17.0489	
18	29	-1.144	-28.595	8.20562	
8276	157	12:59:26:850:829:300	10157.7
1	3	-7.532	2.505	11.9524	
1	4	-5.543	-2.296	14.9864	
1	5	-7.14	5.479	17.1748	
1	6	-8.315	-3.444	9.71764	
1	7	-9.912	4.331	8.85502	
1	9	-10.303	1.356	11.7712	
1	11	-7.923	-0.47	7.11705	
1	14	-3.163	-4.122	9.43934	
1	15	-4.76	3.653	10.3795	
1	16	-2.772	-1.148	8.90478	
1	17	-4.369	6.627	15.1446	
1	19	-3.977	9.601	17.5542	
1	21	-1.205	10.749	8.38955	
1	23	1.175	8.923	9.07775	
1	25	0.783	5.949	9.34478	
1	27	-1.988	4.801	11.0574	
1	29	-1.597	7.775	14.5045	
3	5	4.73	16.02	21.5234	
3	7	1.958	14.872	10.5555	
3	9	1.566	11.897	10.2514	
3	15	7.11	14.193	9.62101	
3	19	7.893	20.142	9.8088	
5	19	-15.847	-0.94	11.5363	
5	21	-13.075	0.208	11.3491	
7	2	-15.064	5.009	16.5663	
7	3	-16.66	12.784	64.3164	
7	4	-14.672	7.983	61.2415	
7	5	-16.269	15.758	59.8935	
7	6	-17.444	6.835	42.5964	
7	7	-19.04	14.61	31.9296	
7	8	-17.835	3.861	28.2243	
7	9	-19.432	11.636	33.944	
7	10	-15.455	2.035	21.7285	
7	11	-17.052	9.81	45.0502	
7	12	-12.683	3.183	16.6881	
7	13	-14.28	10.958	110.13	
7	14	-12.292	6.157	29.159	
7	15	-13.889	13.932	122.431	
7	16	-11.9	9.131	36.2568	
7	17	-13.497	16.906	132.549	
7	18	-11.509	12.106	90.2852	
7	19	-13.106	19.881	111.321	
7	20	-8.737	13.254	76.7288	
7	21	-10.334	21.029	329.376	
7	22	-6.357	11.428	46.4653	
7	23	-7.954	19.202	498.531	
7	24	-6.749	8.453	29.7189	
7	25	-8.346	16.228	213.927	
7	26	-9.52	7.305	17.8746	
7	27	-11.117	15.08	198.401	
7	28	-9.129	10.279	45.2912	
7	29	-10.726	18.054	288.124	
8	2	-3.194	15.55	65.059	
8	3	-4.791	23.325	807.073	
8	4	-2.802	18.524	25.0159	
8	5	-4.399	26.299	582.227	
8	6	-5.574	17.376	150.998	
8	7	-7.171	25.151	525.622	
8	8	-5.965	14.402	84.6117	
8	9	-7.562	22.177	839.75	
8	10	-3.585	12.576	69.9201	
8	11	-5.182	20.351	402.715	
8	12	-0.814	13.724	42.4301	
8	13	-2.411	21.499	209.117	
8	14	-0.422	16.698	53.8145	
8	15	-2.019	24.473	303.259	
8	16	-0.031	19.672	60.0409	
8	17	-1.627	27.447	222.884	
8	18	0.361	22.647	110.674	
8	19	-1.236	30.422	60.6185	
8	20	3.133	23.795	39.0637	
8	21	1.536	31.57	34.6848	
8	22	5.513	21.968	12.5843	
8	23	3.916	29.743	21.0615	
8	24	5.121	18.994	21.8955	
8	25	3.524	26.769	28.0771	
8	26	2.349	17.846	36.5166	
8	27	0.753	25.621	60.8918	
8	28	2.741	20.82	47.5145	
8	29	1.144	28.595	52.4517	
9	3	-28.53	2.243	8.13057	
9	5	-28.139	5.217	14.2155	
9	7	-30.91	4.069	11.3401	
9	13	-26.15	0.417	7.4901	
9	15	-25.758	3.391	15.8321	
9	17	-25.367	6.366	21.7873	
9	18	-23.378	1.565	13.5528	
9	19	-24.975	9.34	15.8015	
9	20	-20.607	2.713	16.863	
9	21	-22.204	10.488	24.7274	
9	22	-18.227	0.887	19.2885	
9	23	-19.824	8.662	37.9194	
9	24	-18.618	-2.088	7.90378	
9	25	-20.215	5.687	20.5548	
9	26	-21.39	-3.236	13.9659	
9	27	-22.987	4.539	22.6788	
9	28	-20.998	-0.261	20.4718	
9	29	-22.595	7.514	28.1866	
15	2	-24.192	15.289	10.6978	
15	3	-25.789	23.063	14.3565	
15	4	-23.801	18.263	14.9816	
15	5	-25.398	26.038	12.8368	
15	6	-26.572	17.115	10.3237	
15	8	-26.964	14.14	20.5158	
15	9	-28.561	21.915	7.43255	
15	10	-24.584	12.314	11.4757	
15	11	-26.181	20.089	20.4914	
15	12	-21.812	13.462	18.3969	
15	13	-23.409	21.237	20.1503	
15	14	-21.421	16.437	21.6478	
15	15	-23.017	24.212	10.9667	
15	16	-21.029	19.411	23.5116	
15	18	-20.637	22.385	16.8417	
15	19	-22.234	30.16	9.52091	
15	20	-17.866	23.533	16.6611	
15	22	-15.486	21.707	33.4378	
15	23	-17.083	29.482	15.6949	
15	24	-15.877	18.733	54.9414	
15	25	-17.474	26.508	26.6324	
15	26	-18.649	17.585	34.8592	
15	27	-20.246	25.36	23.0666	
15	28	-18.257	20.559	26.6489	
15	29	-19.854	28.334	14.988	
16	4	9.067	29.065	7.66566	
16	8	5.904	24.943	10.6305	
16	9	4.307	32.718	7.17486	
16	11	6.687	30.891	19.293	
19	2	-12.322	25.829	44.0276	
19	4	-11.931	28.804	49.9803	
19	5	-13.528	36.579	16.9488	
19	6	-14.703	27.656	31.2385	
19	7	-16.299	35.431	15.9827	
19	8	-15.094	24.681	41.1693	
19	10	-12.714	22.855	97.2187	
19	11	-14.311	30.63	22.629	
19	12	-9.942	24.003	198.84	
19	13	-11.539	31.778	27.6227	
19	14	-9.551	26.977	113.316	
19	15	-11.148	34.752	25.7035	
19	16	-9.159	29.952	52.4229	
19	18	-8.768	32.926	29.5732	
19	20	-5.996	34.074	27.1417	
19	22	-3.616	32.248	23.0319	
19	24	-4.008	29.274	124.138	
19	26	-6.779	28.125	129.632	
19	28	-6.388	31.1	58.3256	
20	16	-32.899	8.87	13.7146	
20	17	-34.496	16.645	8.467	
20	20	-29.735	12.992	11.3519	
20	21	-31.332	20.767	9.70231	
20	22	-27.355	11.166	15.3876	
20	23	-28.952	18.941	10.2524	
20	25	-29.344	15.967	14.6485	
20	26	-30.519	7.044	14.0903	
20	27	-32.116	14.819	8.25877	
20	28	-30.127	10.018	10.7561	
20	29	-31.724	17.793	15.3507	
8279	4	12:59:26:923:555:810	68.1899
8	17	-1.627	27.447	28.8643	
8	18	0.361	22.647	7.48484	
8	27	0.753	25.621	21.3689	
8	29	1.144	28.595	10.472	
8281	5	12:59:26:946:958:350	56.8609
6	2	-8.676	-26.091	8.76345	
6	12	-6.296	-27.917	19.8757	
18	5	-6.687	-30.891	11.4242	
18	17	-3.916	-29.743	8.43186	
18	19	-3.524	-26.769	8.36562	
8283	4	12:59:26:964:095:010	43.3501
6	18	-5.121	-18.994	7.18923	
6	20	-2.349	-17.846	11.7084	
6	24	-0.361	-22.647	9.30198	
6	28	-2.741	-20.82	15.1504	
8284	12	12:59:26:964:413:710	868.817
4	23	22.173	9.184	32.4462	
13	3	25.336	13.307	130.562	
13	5	25.728	16.281	114.23	
13	7	22.956	15.133	147.703	
13	9	22.565	12.159	305.229	
13	11	24.945	10.332	22.1854	
13	15	28.108	14.455	10.1461	
13	17	28.5	17.429	16.1028	
14	22	26.511	22.23	15.7446	
14	24	26.119	19.255	47.6273	
14	26	23.348	18.107	18.8162	
14	28	23.739	21.082	8.02514	
8289	54	12:59:27:044:866:460	2812.97
1	3	-7.532	2.505	19.2545	
1	4	-5.543	-2.296	7.83654	
1	5	-7.14	5.479	93.3537	
1	7	-9.912	4.331	46.7945	
1	11	-7.923	-0.47	15.3035	
1	13	-5.152	0.678	18.5176	
1	15	-4.76	3.653	301.072	
1	16	-2.772	-1.148	13.7987	
1	17	-4.369	6.627	14.6318	
1	18	-2.38	1.826	314.646	
1	19	-3.977	9.601	8.44715	
1	20	0.392	2.974	184.459	
1	22	2.772	1.148	269.735	
1	24	2.38	-1.826	40.6798	
1	25	0.783	5.949	14.8357	
1	27	-1.988	4.801	72.5185	
1	28	0	0	155.256	
1	29	-1.597	7.775	7.37515	
2	5	1.988	-4.801	14.7195	
2	15	4.369	-6.627	10.521	
2	17	4.76	-3.653	20.7534	
2	19	5.152	-0.678	199.721	
2	21	7.923	0.47	81.9419	
2	22	11.9	-9.131	11.3713	
2	23	10.303	-1.356	110.455	
2	25	9.912	-4.331	56.9562	
2	27	7.14	-5.479	11.4899	
2	29	7.532	-2.505	101.95	
3	8	3.163	4.122	31.1171	
3	10	5.543	2.296	41.0795	
3	12	8.315	3.444	19.6347	
4	2	15.064	-5.009	46.5576	
4	4	15.455	-2.035	31.5407	
4	6	12.683	-3.183	95.983	
4	8	12.292	-6.157	29.6267	
4	9	10.695	1.618	10.305	
4	10	14.672	-7.983	13.4243	
4	11	13.075	-0.208	9.27036	
4	12	17.444	-6.835	14.7554	
4	13	15.847	0.94	8.27044	
4	14	17.835	-3.861	40.7199	
4	26	20.607	-2.713	12.279	
7	14	-12.292	6.157	12.0826	
7	24	-6.749	8.453	8.08997	
7	26	-9.52	7.305	23.8636	
7	28	-9.129	10.279	12.9647	
10	5	17.052	-9.81	8.45591	
10	17	19.824	-8.662	16.3505	
10	19	20.215	-5.687	37.9485	
10	23	25.367	-6.366	15.9145	
10	25	24.975	-9.34	11.9343	
10	27	22.204	-10.488	13.9478	
10	29	22.595	-7.514	15.1736	
12	6	27.747	-8.192	13.2866	
8293	16	12:59:27:117:174:580	297.621
4	2	15.064	-5.009	33.9745	
4	6	12.683	-3.183	25.7129	
4	8	12.292	-6.157	11.0001	
4	10	14.672	-7.983	35.4118	
4	12	17.444	-6.835	12.5133	
4	14	17.835	-3.861	9.19703	
10	3	16.66	-12.784	15.1284	
10	5	17.052	-9.81	19.8059	
10	7	14.28	-10.958	29.3947	
10	9	13.889	-13.932	31.8069	
10	11	16.269	-15.758	8.51095	
10	17	19.824	-8.662	12.7548	
11	19	8.346	-16.228	18.2213	
11	21	11.117	-15.08	12.8657	
11	23	13.497	-16.906	10.9716	
11	29	10.726	-18.054	10.3511	
8299	15	12:59:27:174:405:110	317.525
4	5	13.858	5.74	16.0974	
4	13	15.847	0.94	9.63047	
4	15	16.238	3.914	27.5659	
4	16	18.227	-0.887	26.2212	
4	18	18.618	2.088	22.6356	
4	24	23.378	-1.565	23.0427	
4	26	20.607	-2.713	43.3736	
4	28	20.998	0.261	14.6295	
10	21	22.987	-4.539	40.3725	
10	23	25.367	-6.366	17.5742	
10	25	24.975	-9.34	13.982	
10	29	22.595	-7.514	10.8837	
12	8	27.355	-11.166	24.6532	
12	10	29.735	-12.992	18.6953	
12	12	32.507	-11.844	8.16736	
8302	31	12:59:27:237:026:620	2733.96
7	5	-16.269	15.758	29.3856	
7	7	-19.04	14.61	11.0604	
7	17	-13.497	16.906	13.999	
7	19	-13.106	19.881	18.9022	
7	21	-10.334	21.029	8.7482	
8	9	-7.562	22.177	21.306	
15	3	-25.789	23.063	17.2498	
15	4	-23.801	18.263	9.7978	
15	5	-25.398	26.038	51.5412	
15	7	-28.169	24.89	14.9769	
15	11	-26.181	20.089	7.18483	
15	13	-23.409	21.237	30.7616	
15	14	-21.421	16.437	7.72456	
15	15	-23.017	24.212	143.876	
15	16	-21.029	19.411	53.991	
15	17	-22.626	27.186	86.7218	
15	18	-20.637	22.385	320.933	
15	19	-22.234	30.16	23.1274	
15	20	-17.866	23.533	196.379	
15	21	-19.463	31.308	10.777	
15	22	-15.486	21.707	133.11	
15	23	-17.083	29.482	10.4572	
15	24	-15.877	18.733	463.097	
15	25	-17.474	26.508	30.1888	
15	26	-18.649	17.585	57.849	
15	27	-20.246	25.36	140.597	
15	28	-18.257	20.559	741.374	
15	29	-19.854	28.334	30.8936	
19	8	-15.094	24.681	11.4591	
19	10	-12.714	22.855	28.0909	
19	12	-9.942	24.003	8.4019	
8305	7	12:59:27:295:490:320	190.979
1	2	-5.935	-5.27	24.6368	
1	10	-6.326	-8.245	43.6922	
1	12	-3.555	-7.097	69.624	
1	14	-3.163	-4.122	10.8476	
2	7	-0.783	-5.949	18.4274	
6	21	-3.946	-10.071	8.40757	
6	23	-1.566	-11.897	15.3436	
8307	22	12:59:27:315:848:560	523.263
8	5	-4.399	26.299	7.26156	
8	6	-5.574	17.376	19.6586	
8	11	-5.182	20.351	10.5782	
8	13	-2.411	21.499	47.5356	
8	15	-2.019	24.473	19.4065	
8	17	-1.627	27.447	16.0613	
8	18	0.361	22.647	27.1528	
8	19	-1.236	30.422	17.1937	
8	21	1.536	31.57	18.4114	
8	23	3.916	29.743	60.9947	
8	25	3.524	26.769	33.7471	
8	27	0.753	25.621	65.1782	
8	29	1.144	28.595	50.982	
16	3	7.079	33.866	12.8342	
16	4	9.067	29.065	15.2583	
16	5	7.471	36.84	35.1405	
16	7	4.699	35.692	7.77635	
16	9	4.307	32.718	22.8009	
16	13	9.459	32.039	7.43545	
16	15	9.851	35.014	11.428	
19	22	-3.616	32.248	7.62449	
19	24	-4.008	29.274	8.803	
8313	11	12:59:27:399:092:480	386.515
6	5	-9.881	-15.341	12.2071	
6	7	-12.653	-16.49	19.3927	
6	9	-13.044	-19.464	78.4892	
17	12	-16.208	-23.586	89.4227	
17	14	-13.828	-25.413	16.5304	
17	15	-19.371	-27.709	23.2597	
17	17	-18.979	-24.734	23.03	
17	18	-16.991	-29.535	7.09663	
17	21	-15.816	-20.612	18.9465	
17	23	-13.436	-22.438	28.3072	
17	27	-16.599	-26.561	69.8329	
8316	5	12:59:27:425:101:860	84.0204
7	8	-17.835	3.861	22.0216	
9	18	-23.378	1.565	8.08796	
9	20	-20.607	2.713	30.5383	
9	25	-20.215	5.687	10.9008	
9	27	-22.987	4.539	12.4718	
8321	4	12:59:27:478:236:520	72.0793
15	16	-21.029	19.411	12.6122	
15	20	-17.866	23.533	16.622	
15	26	-18.649	17.585	23.851	
15	28	-18.257	20.559	18.9941	
8327	19	12:59:27:627:545:190	699.198
7	6	-17.444	6.835	10.9616	
9	5	-28.139	5.217	8.75038	
9	15	-25.758	3.391	7.47724	
9	17	-25.367	6.366	179.493	
9	19	-24.975	9.34	67.1321	
9	20	-20.607	2.713	12.6871	
9	21	-22.204	10.488	15.7934	
9	23	-19.824	8.662	9.10912	
9	25	-20.215	5.687	28.9941	
9	27	-22.987	4.539	35.2715	
9	29	-22.595	7.514	136.563	
15	12	-21.812	13.462	7.92482	
20	16	-32.899	8.87	8.03862	
20	18	-32.507	11.844	8.99043	
20	20	-29.735	12.992	10.882	
20	22	-27.355	11.166	15.5214	
20	24	-27.747	8.192	104.198	
20	26	-30.519	7.044	12.7939	
20	28	-30.127	10.018	18.6164	
8329	8	12:59:27:634:220:260	176.446
1	3	-7.532	2.505	35.1654	
1	4	-5.543	-2.296	14.3805	
1	5	-7.14	5.479	16.267	
1	13	-5.152	0.678	38.3299	
1	15	-4.76	3.653	34.5624	
1	16	-2.772	-1.148	22.7403	
1	27	-1.988	4.801	7.04605	
7	26	-9.52	7.305	7.95452	
8344	69	12:59:27:896:082:310	8499.24
5	2	-17.805	-15.811	12.5315	
5	4	-17.413	-12.837	8.72052	
5	6	-20.185	-13.985	27.1513	
5	8	-20.576	-16.959	20.1067	
5	10	-18.196	-18.786	31.4432	
5	12	-15.425	-17.638	12.8373	
6	2	-8.676	-26.091	16.1802	
6	4	-8.284	-23.116	12.1028	
6	6	-11.056	-24.264	17.4276	
6	8	-11.448	-27.239	50.8446	
6	9	-13.044	-19.464	40.1194	
6	10	-9.067	-29.065	27.9879	
6	12	-6.296	-27.917	10.4989	
6	14	-5.904	-24.943	13.7969	
9	2	-26.933	-5.532	12.9324	
9	8	-29.705	-6.68	10.552	
9	10	-27.325	-8.506	16.1277	
9	12	-24.553	-7.358	11.6563	
17	3	-22.143	-28.857	733.999	
17	5	-21.751	-25.882	386.677	
17	7	-24.523	-27.03	326.297	
17	9	-24.914	-30.005	254.608	
17	10	-14.611	-31.361	207.222	
17	11	-22.534	-31.831	401.223	
17	12	-16.208	-23.586	89.124	
17	13	-19.762	-30.683	869.539	
17	14	-13.828	-25.413	57.9997	
17	15	-19.371	-27.709	412.611	
17	16	-17.382	-32.509	1276.61	
17	17	-18.979	-24.734	138.573	
17	18	-16.991	-29.535	318.593	
17	19	-18.588	-21.76	79.4643	
17	20	-14.219	-28.387	124.287	
17	21	-15.816	-20.612	34.8433	
17	22	-11.839	-30.213	84.1889	
17	23	-13.436	-22.438	45.3769	
17	24	-12.231	-33.187	112.373	
17	26	-15.002	-34.336	756.396	
17	27	-16.599	-26.561	114.008	
18	3	-7.079	-33.866	23.2713	
18	5	-6.687	-30.891	22.0822	
18	7	-9.459	-32.039	41.1074	
18	9	-9.851	-35.014	49.2034	
18	11	-7.471	-36.84	18.4466	
18	13	-4.699	-35.692	11.8925	
18	15	-4.307	-32.718	8.99364	
18	17	-3.916	-29.743	15.7109	
18	27	-1.536	-31.57	14.296	
18	29	-1.144	-28.595	10.5217	
21	3	-31.271	-18.577	46.2624	
21	5	-30.88	-15.603	35.6003	
21	7	-33.651	-16.751	17.1175	
21	9	-34.043	-19.725	46.0254	
21	11	-31.663	-21.552	37.2467	
21	13	-28.891	-20.404	84.0519	
21	15	-28.5	-17.429	53.7449	
21	16	-26.511	-22.23	111.856	
21	17	-28.108	-14.455	20.068	
21	18	-26.119	-19.255	97.0373	
21	19	-27.716	-11.481	21.6349	
21	20	-23.348	-18.107	29.5186	
21	21	-24.945	-10.332	12.7139	
21	22	-20.968	-19.934	48.5227	
21	24	-21.359	-22.908	89.3947	
21	25	-22.956	-15.133	25.2523	
21	26	-24.131	-24.056	199.716	
21	27	-25.728	-16.281	22.9878	
21	28	-23.739	-21.082	94.0966	
21	29	-25.336	-13.307	13.8298	
8352	5	12:59:27:953:309:410	69.5428
1	2	-5.935	-5.27	18.1765	
1	10	-6.326	-8.245	10.8477	
1	12	-3.555	-7.097	14.8618	
2	9	-1.175	-8.923	9.76822	
6	21	-3.946	-10.071	15.8886	
8359	4	12:59:28:096:414:370	107.983
6	4	-8.284	-23.116	8.48402	
6	12	-6.296	-27.917	43.1575	
6	14	-5.904	-24.943	47.0768	
18	5	-6.687	-30.891	9.26479	
8363	18	12:59:28:134:088:920	725.75
1	3	-7.532	2.505	7.03307	
1	5	-7.14	5.479	11.2562	
1	7	-9.912	4.331	27.3061	
1	17	-4.369	6.627	13.0934	
7	12	-12.683	3.183	7.37772	
7	13	-14.28	10.958	9.34114	
7	16	-11.9	9.131	32.5262	
7	18	-11.509	12.106	38.1188	
7	20	-8.737	13.254	75.6237	
7	21	-10.334	21.029	12.1465	
7	22	-6.357	11.428	8.98659	
7	24	-6.749	8.453	28.248	
7	25	-8.346	16.228	15.7872	
7	26	-9.52	7.305	203.757	
7	27	-11.117	15.08	49.0598	
7	28	-9.129	10.279	157.229	
7	29	-10.726	18.054	14.5425	
8	8	-5.965	14.402	14.3169	
8378	10	12:59:28:306:001:660	322.225
5	2	-17.805	-15.811	82.4538	
5	4	-17.413	-12.837	27.609	
5	6	-20.185	-13.985	35.5027	
5	12	-15.425	-17.638	22.001	
5	14	-15.033	-14.663	64.0009	
6	3	-10.273	-18.316	9.16685	
6	5	-9.881	-15.341	15.7149	
6	7	-12.653	-16.49	42.6471	
6	9	-13.044	-19.464	14.6322	
6	15	-7.501	-17.168	8.49662	
8380	14	12:59:28:335:772:650	348.026
4	20	21.39	3.236	57.2398	
4	22	23.77	1.409	32.7038	
4	25	21.782	6.21	13.0935	
4	28	20.998	0.261	8.14638	
12	5	28.922	0.731	8.587	
12	7	26.15	-0.417	10.1345	
12	17	31.693	1.879	17.1235	
12	19	32.085	4.854	7.04082	
13	2	26.933	5.532	37.4501	
13	6	24.553	7.358	9.99872	
13	8	24.162	4.384	68.6325	
13	10	26.542	2.558	34.4599	
13	12	29.313	3.706	35.8508	
13	14	29.705	6.68	7.56506	
8401	13	12:59:28:479:522:580	222.939
4	10	14.672	-7.983	11.0311	
10	3	16.66	-12.784	11.2124	
10	5	17.052	-9.81	22.4898	
10	7	14.28	-10.958	7.12896	
10	13	19.04	-14.61	17.1176	
10	15	19.432	-11.636	14.9813	
10	16	21.421	-16.437	19.3429	
10	18	21.812	-13.462	13.0765	
10	24	26.572	-17.115	11.7457	
10	26	23.801	-18.263	28.9396	
10	28	24.192	-15.289	25.7756	
22	21	26.181	-20.089	14.8799	
22	23	28.561	-21.915	25.2175	
8406	4	12:59:28:535:867:440	73.3378
7	21	-10.334	21.029	15.3766	
8	3	-4.791	23.325	25.5282	
8	7	-7.171	25.151	14.0884	
8	9	-7.562	22.177	18.3446	
8408	4	12:59:28:569:785:230	69.1365
7	5	-16.269	15.758	15.6111	
7	7	-19.04	14.61	25.6384	
15	12	-21.812	13.462	20.6965	
15	14	-21.421	16.437	7.19051	
8414	5	12:59:28:653:664:170	101.246
13	3	25.336	13.307	27.4029	
13	4	27.325	8.506	11.4532	
13	5	25.728	16.281	8.53802	
13	7	22.956	15.133	14.9106	
13	11	24.945	10.332	38.9415	
8420	8	12:59:28:701:143:490	136.545
3	10	5.543	2.296	10.7952	
3	12	8.315	3.444	21.4398	
4	3	13.467	2.766	13.161	
4	9	10.695	1.618	22.4642	
4	11	13.075	-0.208	20.9704	
4	13	15.847	0.94	33.2655	
4	15	16.238	3.914	7.33117	
4	16	18.227	-0.887	7.11767	
8421	23	12:59:28:733:470:160	856.639
6	2	-8.676	-26.091	10.9885	
6	8	-11.448	-27.239	17.5426	
17	3	-22.143	-28.857	31.5018	
17	5	-21.751	-25.882	19.9855	
17	7	-24.523	-27.03	7.83082	
17	9	-24.914	-30.005	13.8208	
17	10	-14.611	-31.361	19.0797	
17	11	-22.534	-31.831	13.4605	
17	12	-16.208	-23.586	16.9138	
17	13	-19.762	-30.683	15.1295	
17	14	-13.828	-25.413	112.887	
17	15	-19.371	-27.709	122.501	
17	16	-17.382	-32.509	9.74505	
17	17	-18.979	-24.734	11.6172	
17	18	-16.991	-29.535	63.1739	
17	19	-18.588	-21.76	11.9196	
17	20	-14.219	-28.387	115.565	
17	21	-15.816	-20.612	9.37795	
17	22	-11.839	-30.213	10.5236	
17	23	-13.436	-22.438	7.29017	
17	24	-12.231	-33.187	10.0355	
17	27	-16.599	-26.561	190.74	
21	24	-21.359	-22.908	15.0087	
8429	13	12:59:28:769:564:420	357.97
11	3	4.791	-23.325	7.11384	
11	6	4.008	-29.274	17.119	
11	8	3.616	-32.248	12.572	
11	9	2.019	-24.473	10.9065	
11	11	4.399	-26.299	33.9716	
18	18	-1.927	-34.544	20.6648	
18	20	0.844	-33.396	44.3653	
18	22	3.224	-35.222	7.83147	
18	23	1.627	-27.447	34.162	
18	25	1.236	-30.422	75.0768	
18	27	-1.536	-31.57	60.5626	
18	28	0.453	-36.37	17.8087	
18	29	-1.144	-28.595	15.8157	
8451	6	12:59:29:048:879:360	61.7055
1	15	-4.76	3.653	8.00088	
1	17	-4.369	6.627	16.4778	
1	19	-3.977	9.601	13.5286	
1	23	1.175	8.923	15.4734	
1	27	-1.988	4.801	11.4062	
1	29	-1.597	7.775	12.2919	
8455	12	12:59:29:052:554:950	214.738
1	14	-3.163	-4.122	14.6158	
1	16	-2.772	-1.148	17.6256	
1	17	-4.369	6.627	7.48682	
1	18	-2.38	1.826	40.052	
1	20	0.392	2.974	9.09078	
1	21	-1.205	10.749	27.5657	
1	27	-1.988	4.801	29.3701	
1	29	-1.597	7.775	18.2974	
8	2	-3.194	15.55	22.1074	
8	10	-3.585	12.576	12.5869	
8	12	-0.814	13.724	7.92723	
8	14	-0.422	16.698	8.01208	
8457	5	12:59:29:074:942:400	99.8064
13	4	27.325	8.506	14.8951	
13	6	24.553	7.358	9.99872	
13	11	24.945	10.332	28.4738	
13	13	27.716	11.481	18.9863	
13	16	30.096	9.654	27.4525	
8459	9	12:59:29:092:008:080	141.472
15	2	-24.192	15.289	16.8304	
15	4	-23.801	18.263	11.3787	
15	6	-26.572	17.115	14.1516	
15	9	-28.561	21.915	8.41869	
15	11	-26.181	20.089	19.685	
15	12	-21.812	13.462	15.602	
15	14	-21.421	16.437	10.5092	
20	21	-31.332	20.767	25.648	
20	23	-28.952	18.941	19.2487	
8464	7	12:59:29:149:217:450	189.955
15	2	-24.192	15.289	16.5578	
15	4	-23.801	18.263	48.4743	
15	11	-26.181	20.089	10.9605	
15	12	-21.812	13.462	16.8049	
15	13	-23.409	21.237	29.4675	
15	14	-21.421	16.437	31.5658	
15	16	-21.029	19.411	36.1238	
8469	5	12:59:29:205:289:460	78.6897
14	13	18.588	21.76	7.75338	
14	14	20.576	16.959	19.4368	
14	16	20.968	19.934	24.9425	
14	26	23.348	18.107	17.666	
14	28	23.739	21.082	8.89105	
8478	6	12:59:29:306:847:150	99.8292
2	9	-1.175	-8.923	11.3018	
6	20	-2.349	-17.846	8.55859	
6	23	-1.566	-11.897	32.1765	
6	25	-1.958	-14.872	15.6739	
6	27	-4.73	-16.02	13.9842	
6	29	-4.338	-13.045	18.1342	
8487	10	12:59:29:393:549:040	135.348
9	5	-28.139	5.217	10.4391	
9	13	-26.15	0.417	7.85792	
9	15	-25.758	3.391	16.3235	
9	16	-23.77	-1.409	13.8087	
9	17	-25.367	6.366	29.7099	
9	18	-23.378	1.565	15.4577	
9	20	-20.607	2.713	7.9374	
9	27	-22.987	4.539	11.0525	
9	28	-20.998	-0.261	11.8368	
9	29	-22.595	7.514	10.9243	
8495	10	12:59:29:477:434:720	253.661
4	22	23.77	1.409	23.1199	
4	25	21.782	6.21	7.08043	
12	5	28.922	0.731	7.55949	
12	7	26.15	-0.417	25.5085	
12	9	25.758	-3.391	12.3651	
13	2	26.933	5.532	24.5189	
13	6	24.553	7.358	33.0352	
13	8	24.162	4.384	65.7698	
13	10	26.542	2.558	46.1372	
13	12	29.313	3.706	8.56611	
8509	12	12:59:29:694:349:410	623.985
17	10	-14.611	-31.361	93.634	
17	12	-16.208	-23.586	34.0516	
17	13	-19.762	-30.683	14.291	
17	14	-13.828	-25.413	30.1627	
17	15	-19.371	-27.709	22.8152	
17	16	-17.382	-32.509	35.758	
17	18	-16.991	-29.535	109.596	
17	20	-14.219	-28.387	44.7269	
17	22	-11.839	-30.213	14.8508	
17	24	-12.231	-33.187	13.4714	
17	26	-15.002	-34.336	65.4277	
17	27	-16.599	-26.561	145.2	
8514	7	12:59:29:740:790:020	109.723
3	24	14.25	8.715	20.6233	
4	5	13.858	5.74	7.45563	
4	17	16.63	6.888	11.5292	
4	19	17.021	9.863	8.58522	
4	23	22.173	9.184	16.4313	
4	25	21.782	6.21	9.96241	
4	29	19.401	8.036	35.1358	
8524	9	12:59:29:798:455:920	173.311
1	21	-1.205	10.749	12.3846	
3	2	5.935	5.27	7.18511	
3	4	6.326	8.245	34.2006	
3	9	1.566	11.897	20.4458	
3	11	3.946	10.071	32.2184	
3	14	8.706	6.418	23.0787	
3	26	11.478	7.567	18.896	
4	5	13.858	5.74	9.5737	
4	7	11.087	4.592	15.3281	
8528	7	12:59:29:870:853:810	99.9229
10	20	24.584	-12.314	18.9678	
10	22	26.964	-14.14	11.019	
10	23	25.367	-6.366	14.157	
10	24	26.572	-17.115	11.9409	
10	25	24.975	-9.34	20.3492	
10	28	24.192	-15.289	16.0691	
10	29	22.595	-7.514	7.41996	
8529	8	12:59:29:873:579:330	228.464
10	4	18.649	-17.585	34.0894	
10	12	20.637	-22.385	25.1484	
10	13	19.04	-14.61	12.6564	
10	14	21.029	-19.411	33.618	
10	16	21.421	-16.437	14.4573	
22	17	23.017	-24.212	53.0809	
22	19	23.409	-21.237	28.8265	
22	27	25.398	-26.038	26.5867	
8533	8	12:59:29:941:673:610	393.171
14	2	17.805	15.811	103.729	
14	4	18.196	18.786	55.0276	
14	6	15.425	17.638	31.768	
14	8	15.033	14.663	136.759	
14	10	17.413	12.837	13.4276	
14	16	20.968	19.934	21.1251	
14	18	21.359	22.908	17.1013	
14	20	24.131	24.056	14.233	
8537	13	12:59:29:967:896:410	217.02
3	22	14.641	11.689	20.9141	
3	24	14.25	8.715	8.01811	
4	17	16.63	6.888	8.48578	
4	19	17.021	9.863	35.1245	
4	20	21.39	3.236	7.34169	
4	21	19.793	11.011	24.1641	
4	22	23.77	1.409	9.32042	
4	23	22.173	9.184	7.78325	
4	25	21.782	6.21	17.3631	
4	29	19.401	8.036	30.9341	
13	2	26.933	5.532	11.2938	
13	6	24.553	7.358	21.8546	
13	8	24.162	4.384	14.4222	
8543	4	12:59:30:033:134:320	57.6476
10	13	19.04	-14.61	8.98839	
10	16	21.421	-16.437	8.54146	
10	18	21.812	-13.462	27.9528	
10	20	24.584	-12.314	12.1649	
8555	7	12:59:30:160:288:920	142.766
11	14	9.159	-29.952	13.9371	
11	16	9.551	-26.977	7.08761	
11	18	9.942	-24.003	9.85061	
11	20	12.714	-22.855	16.6814	
11	25	13.106	-19.881	11.4009	
11	26	11.931	-28.804	52.4823	
11	28	12.322	-25.829	31.3256	
8565	16	12:59:30:268:553:180	234.734
1	12	-3.555	-7.097	8.02616	
1	14	-3.163	-4.122	15.3009	
1	16	-2.772	-1.148	11.8853	
1	22	2.772	1.148	7.99726	
1	24	2.38	-1.826	20.0857	
2	2	3.194	-15.55	8.47617	
2	3	1.597	-7.775	12.0038	
2	4	3.585	-12.576	14.0143	
2	5	1.988	-4.801	38.6735	
2	7	-0.783	-5.949	40.2343	
2	9	-1.175	-8.923	7.36784	
2	11	1.205	-10.749	8.17089	
2	13	3.977	-9.601	8.62223	
2	17	4.76	-3.653	10.5446	
6	21	-3.946	-10.071	8.92232	
6	23	-1.566	-11.897	14.4084	
8570	8	12:59:30:336:174:040	140.141
8	3	-4.791	23.325	24.1939	
8	5	-4.399	26.299	8.05213	
8	7	-7.171	25.151	12.8978	
8	15	-2.019	24.473	25.2408	
8	18	0.361	22.647	25.9215	
8	20	3.133	23.795	10.4373	
8	22	5.513	21.968	11.1057	
8	28	2.741	20.82	22.2916	
8575	12	12:59:30:407:018:770	174.355
7	4	-14.672	7.983	15.4208	
7	6	-17.444	6.835	9.58338	
7	13	-14.28	10.958	7.21816	
7	16	-11.9	9.131	20.535	
7	18	-11.509	12.106	13.9562	
7	20	-8.737	13.254	8.10954	
8	2	-3.194	15.55	19.8651	
8	6	-5.574	17.376	10.7961	
8	8	-5.965	14.402	33.924	
8	14	-0.422	16.698	17.5598	
8	16	-0.031	19.672	8.55096	
8	26	2.349	17.846	8.83612	
8581	4	12:59:30:481:077:980	75.0818
5	9	-22.173	-9.184	9.00731	
21	21	-24.945	-10.332	15.3049	
21	23	-22.565	-12.159	18.9628	
21	29	-25.336	-13.307	31.8068	
8587	4	12:59:30:539:252:350	57.4093
21	18	-26.119	-19.255	14.8454	
21	20	-23.348	-18.107	15.1018	
21	27	-25.728	-16.281	18.3721	
21	29	-25.336	-13.307	9.09007	
8600	21	12:59:30:622:526:690	1034.66
5	2	-17.805	-15.811	19.1054	
5	4	-17.413	-12.837	12.5923	
5	6	-20.185	-13.985	11.1475	
5	8	-20.576	-16.959	37.3846	
5	10	-18.196	-18.786	38.7901	
17	3	-22.143	-28.857	77.3855	
17	5	-21.751	-25.882	269.401	
17	7	-24.523	-27.03	26.0042	
17	9	-24.914	-30.005	7.28596	
17	11	-22.534	-31.831	10.8982	
17	12	-16.208	-23.586	18.4073	
17	13	-19.762	-30.683	7.94755	
17	15	-19.371	-27.709	52.5564	
17	17	-18.979	-24.734	106.787	
17	19	-18.588	-21.76	71.0844	
17	21	-15.816	-20.612	11.3984	
17	23	-13.436	-22.438	7.89472	
21	22	-20.968	-19.934	62.7169	
21	24	-21.359	-22.908	143.941	
21	26	-24.131	-24.056	30.5754	
21	28	-23.739	-21.082	11.3613	
8602	16	12:59:30:625:619:830	525.94
5	22	-9.098	-9.393	7.78594	
5	24	-9.49	-12.367	16.1691	
5	26	-12.261	-13.515	53.0042	
5	28	-11.87	-10.541	7.35698	
6	3	-10.273	-18.316	32.1967	
6	5	-9.881	-15.341	31.044	
6	6	-11.056	-24.264	14.5645	
6	7	-12.653	-16.49	89.9116	
6	8	-11.448	-27.239	10.1606	
6	9	-13.044	-19.464	162.8	
6	11	-10.664	-21.29	40.9624	
6	19	-6.718	-11.219	7.99367	
17	10	-14.611	-31.361	7.49954	
17	21	-15.816	-20.612	17.536	
17	22	-11.839	-30.213	14.3661	
17	23	-13.436	-22.438	12.5889	
8609	8	12:59:30:667:321:780	114.322
2	14	5.965	-14.402	16.4097	
11	5	5.182	-20.351	9.17867	
11	17	7.954	-19.202	21.6146	
11	19	8.346	-16.228	13.2743	
11	23	13.497	-16.906	11.8181	
11	25	13.106	-19.881	11.9237	
11	27	10.334	-21.029	11.0049	
11	29	10.726	-18.054	19.0978	
8642	5	12:59:30:965:329:410	87.6484
11	17	7.954	-19.202	13.4234	
11	21	11.117	-15.08	7.86665	
11	25	13.106	-19.881	18.5994	
11	27	10.334	-21.029	16.8815	
11	29	10.726	-18.054	30.8774	
8655	4	12:59:31:112:261:960	58.1476
1	12	-3.555	-7.097	9.83108	
6	21	-3.946	-10.071	14.7905	
6	23	-1.566	-11.897	11.7068	
6	29	-4.338	-13.045	21.8192	
8683	9	12:59:31:401:852:710	150.834
8	19	-1.236	30.422	11.7126	
8	21	1.536	31.57	26.6119	
8	23	3.916	29.743	22.8255	
16	2	8.676	26.091	20.3091	
16	4	9.067	29.065	14.4188	
16	6	6.296	27.917	11.183	
16	9	4.307	32.718	16.5574	
16	11	6.687	30.891	19.293	
16	14	11.448	27.239	7.92309	
8711	5	12:59:31:753:968:540	111.007
7	3	-16.66	12.784	7.38156	
7	4	-14.672	7.983	41.507	
7	9	-19.432	11.636	10.7897	
7	11	-17.052	9.81	43.1881	
9	23	-19.824	8.662	8.14071	
8714	4	12:59:31:809:682:090	52.62
1	2	-5.935	-5.27	16.315	
1	4	-5.543	-2.296	10.139	
1	8	-8.706	-6.418	18.3745	
1	10	-6.326	-8.245	7.79141	
8720	8	12:59:31:862:763:320	195.426
14	3	16.208	23.586	24.1796	
14	4	18.196	18.786	40.5733	
14	5	16.599	26.561	8.46642	
14	9	13.436	22.438	8.86249	
14	11	15.816	20.612	16.1051	
14	13	18.588	21.76	29.0529	
14	14	20.576	16.959	51.1053	
14	16	20.968	19.934	17.0812	
8724	4	12:59:31:924:335:270	56.011
1	7	-9.912	4.331	14.709	
7	2	-15.064	5.009	8.34993	
7	12	-12.683	3.183	22.3012	
7	14	-12.292	6.157	10.6509	
8729	4	12:59:31:991:164:950	61.4054
15	20	-17.866	23.533	26.7908	
15	25	-17.474	26.508	7.03192	
15	27	-20.246	25.36	11.0926	
15	28	-18.257	20.559	16.4901	
8734	19	12:59:32:069:614:070	762.95
9	3	-28.53	2.243	8.88158	
9	5	-28.139	5.217	20.7553	
9	7	-30.91	4.069	50.7234	
9	17	-25.367	6.366	11.1294	
9	19	-24.975	9.34	25.6978	
9	21	-22.204	10.488	7.59558	
15	10	-24.584	12.314	11.5095	
20	2	-36.062	4.748	16.6844	
20	4	-35.67	7.722	8.81663	
20	12	-33.682	2.921	44.3949	
20	14	-33.29	5.896	137.796	
20	16	-32.899	8.87	43.276	
20	18	-32.507	11.844	16.2962	
20	20	-29.735	12.992	16.3772	
20	22	-27.355	11.166	36.7295	
20	24	-27.747	8.192	34.9702	
20	25	-29.344	15.967	8.61044	
20	26	-30.519	7.044	192.378	
20	28	-30.127	10.018	70.3284	
8746	43	12:59:32:161:025:010	2467.96
1	19	-3.977	9.601	11.0869	
1	21	-1.205	10.749	20.4109	
1	23	1.175	8.923	7.83988	
3	3	4.338	13.045	45.9967	
3	4	6.326	8.245	7.60811	
3	5	4.73	16.02	46.5489	
3	7	1.958	14.872	181.557	
3	9	1.566	11.897	31.2869	
3	11	3.946	10.071	22.3677	
3	13	6.718	11.219	24.6287	
3	15	7.11	14.193	35.1974	
3	16	9.098	9.393	10.5048	
3	17	7.501	17.168	14.6334	
3	18	9.49	12.367	14.2206	
3	19	7.893	20.142	11.8248	
3	27	9.881	15.341	7.99295	
3	28	11.87	10.541	8.28933	
7	17	-13.497	16.906	10.859	
7	20	-8.737	13.254	7.78873	
7	22	-6.357	11.428	12.8813	
7	23	-7.954	19.202	52.847	
7	25	-8.346	16.228	37.6756	
7	27	-11.117	15.08	22.658	
7	29	-10.726	18.054	9.41554	
8	2	-3.194	15.55	426.252	
8	3	-4.791	23.325	10.0808	
8	6	-5.574	17.376	419.909	
8	7	-7.171	25.151	17.164	
8	8	-5.965	14.402	50.9852	
8	9	-7.562	22.177	12.12	
8	10	-3.585	12.576	32.8842	
8	11	-5.182	20.351	70.7236	
8	12	-0.814	13.724	113.595	
8	13	-2.411	21.499	37.929	
8	14	-0.422	16.698	394.182	
8	16	-0.031	19.672	41.4038	
8	18	0.361	22.647	18.5015	
8	20	3.133	23.795	16.2359	
8	22	5.513	21.968	7.98431	
8	24	5.121	18.994	41.3976	
8	26	2.349	17.846	70.4786	
8	27	0.753	25.621	12.8591	
8	28	2.741	20.82	24.9975	
8757	8	12:59:32:225:376:400	116.363
10	2	18.257	-20.559	9.94982	
10	6	15.877	-18.733	8.64641	
10	8	15.486	-21.707	15.5166	
11	20	12.714	-22.855	10.5419	
11	23	13.497	-16.906	8.98568	
11	25	13.106	-19.881	22.9024	
11	27	10.334	-21.029	18.3051	
11	29	10.726	-18.054	21.5153	
8760	10	12:59:32:247:177:230	528.45
1	2	-5.935	-5.27	13.9791	
1	4	-5.543	-2.296	39.5867	
1	12	-3.555	-7.097	36.7129	
1	13	-5.152	0.678	20.2046	
1	14	-3.163	-4.122	205.968	
1	15	-4.76	3.653	9.11812	
1	16	-2.772	-1.148	25.5736	
2	3	1.597	-7.775	8.48486	
2	7	-0.783	-5.949	133.349	
2	9	-1.175	-8.923	35.4723	
8769	14	12:59:32:405:008:530	185.975
1	19	-3.977	9.601	7.49025	
1	21	-1.205	10.749	19.5393	
1	23	1.175	8.923	19.7372	
1	25	0.783	5.949	9.00373	
1	29	-1.597	7.775	12.9943	
7	20	-8.737	13.254	13.3496	
7	22	-6.357	11.428	7.77348	
7	25	-8.346	16.228	14.6152	
8	2	-3.194	15.55	15.3489	
8	6	-5.574	17.376	27.9411	
8	8	-5.965	14.402	19.6733	
8	10	-3.585	12.576	21.4176	
8	12	-0.814	13.724	9.58415	
8	14	-0.422	16.698	7.24425	
8780	9	12:59:32:528:018:750	187.96
8	2	-3.194	15.55	17.1491	
8	3	-4.791	23.325	8.95413	
8	6	-5.574	17.376	38.8983	
8	8	-5.965	14.402	9.48947	
8	11	-5.182	20.351	7.68903	
8	13	-2.411	21.499	36.042	
8	14	-0.422	16.698	11.4172	
8	16	-0.031	19.672	31.3945	
8	18	0.361	22.647	26.926	
8795	6	12:59:32:704:396:550	254.776
4	6	12.683	-3.183	22.2541	
4	8	12.292	-6.157	8.2725	
4	11	13.075	-0.208	138.477	
4	13	15.847	0.94	59.8045	
4	15	16.238	3.914	15.6201	
4	17	16.63	6.888	10.3476	
8799	21	12:59:32:829:616:240	518.648
3	16	9.098	9.393	20.7127	
3	18	9.49	12.367	10.8531	
3	20	12.261	13.515	9.38427	
3	22	14.641	11.689	36.2536	
3	24	14.25	8.715	68.8066	
3	26	11.478	7.567	24.4789	
3	28	11.87	10.541	49.1618	
4	15	16.238	3.914	8.86358	
4	17	16.63	6.888	38.8842	
4	19	17.021	9.863	54.9071	
4	20	21.39	3.236	9.78892	
4	21	19.793	11.011	15.8099	
4	23	22.173	9.184	20.6272	
4	25	21.782	6.21	23.0914	
4	27	19.01	5.062	17.4349	
4	29	19.401	8.036	49.4614	
13	2	26.933	5.532	12.7213	
13	6	24.553	7.358	11.7996	
13	8	24.162	4.384	7.71843	
13	10	26.542	2.558	9.4089	
13	12	29.313	3.706	18.4806	
8801	6	12:59:32:852:299:380	145.349
11	6	4.008	-29.274	7.25383	
18	17	-3.916	-29.743	7.74018	
18	19	-3.524	-26.769	11.6391	
18	23	1.627	-27.447	55.8032	
18	25	1.236	-30.422	17.4841	
18	29	-1.144	-28.595	45.4287	
8808	12	12:59:32:936:613:950	211.212
3	14	8.706	6.418	16.161	
3	15	7.11	14.193	19.0229	
3	16	9.098	9.393	12.6949	
3	18	9.49	12.367	24.2501	
3	22	14.641	11.689	12.9076	
3	24	14.25	8.715	27.8956	
3	26	11.478	7.567	12.9194	
3	27	9.881	15.341	11.7645	
3	28	11.87	10.541	30.5018	
4	5	13.858	5.74	8.69823	
4	17	16.63	6.888	7.76968	
4	19	17.021	9.863	26.6264	
8809	9	12:59:32:945:573:420	218.301
2	4	3.585	-12.576	8.99473	
2	6	0.814	-13.724	15.7834	
2	9	-1.175	-8.923	22.1368	
2	11	1.205	-10.749	75.469	
2	13	3.977	-9.601	32.9928	
6	19	-6.718	-11.219	8.17744	
6	21	-3.946	-10.071	16.8495	
6	23	-1.566	-11.897	28.0202	
6	25	-1.958	-14.872	9.87764	
8811	4	12:59:32:957:345:670	52.9754
1	19	-3.977	9.601	14.3536	
8	6	-5.574	17.376	11.0217	
8	8	-5.965	14.402	15.5733	
8	10	-3.585	12.576	12.0268	
8815	4	12:59:32:999:199:300	91.1098
4	24	23.378	-1.565	38.3701	
4	26	20.607	-2.713	7.42239	
10	19	20.215	-5.687	15.1631	
10	21	22.987	-4.539	30.1542	
8818	13	12:59:33:021:295:550	526.982
3	23	13.044	19.464	14.3343	
14	3	16.208	23.586	27.2759	
14	4	18.196	18.786	49.0367	
14	6	15.425	17.638	24.1844	
14	7	13.828	25.413	15.8004	
14	9	13.436	22.438	129.774	
14	11	15.816	20.612	171.24	
14	13	18.588	21.76	33.9248	
14	14	20.576	16.959	17.9615	
14	15	18.979	24.734	8.80099	
14	16	20.968	19.934	11.6463	
14	26	23.348	18.107	8.28738	
16	12	11.056	24.264	14.7143	
8820	10	12:59:33:043:518:340	180.073
4	8	12.292	-6.157	12.651	
4	10	14.672	-7.983	21.3892	
4	12	17.444	-6.835	30.6622	
4	14	17.835	-3.861	18.8043	
4	24	23.378	-1.565	8.70957	
4	26	20.607	-2.713	9.07181	
10	5	17.052	-9.81	7.74451	
10	19	20.215	-5.687	45.7494	
10	21	22.987	-4.539	16.6633	
10	29	22.595	-7.514	8.6275	
8830	4	12:59:33:176:603:340	55.2376
7	2	-15.064	5.009	11.2891	
7	6	-17.444	6.835	18.3014	
7	9	-19.432	11.636	7.90798	
7	11	-17.052	9.81	17.7391	
8833	12	12:59:33:200:201:100	293.247
1	21	-1.205	10.749	64.9373	
1	29	-1.597	7.775	7.37515	
3	7	1.958	14.872	20.2573	
3	9	1.566	11.897	14.0553	
8	2	-3.194	15.55	11.1169	
8	10	-3.585	12.576	27.4145	
8	12	-0.814	13.724	60.3639	
8	14	-0.422	16.698	24.4368	
8	16	-0.031	19.672	15.1522	
8	18	0.361	22.647	10.6602	
8	26	2.349	17.846	29.4237	
8	28	2.741	20.82	8.05331	
8842	6	12:59:33:333:000:860	86.089
1	10	-6.326	-8.245	8.69539	
5	16	-14.641	-11.689	7.83501	
5	22	-9.098	-9.393	20.4402	
5	24	-9.49	-12.367	9.48908	
5	28	-11.87	-10.541	27.2621	
6	19	-6.718	-11.219	12.3672	
8843	13	12:59:33:336:758:380	240.919
5	3	-19.401	-8.036	9.60716	
5	4	-17.413	-12.837	17.4772	
5	9	-22.173	-9.184	9.42361	
5	11	-19.793	-11.011	29.2272	
5	13	-17.021	-9.863	25.4693	
5	16	-14.641	-11.689	10.1892	
5	18	-14.25	-8.715	25.8335	
5	20	-11.478	-7.567	7.94014	
5	22	-9.098	-9.393	19.1171	
5	28	-11.87	-10.541	13.2701	
21	19	-27.716	-11.481	12.0776	
21	21	-24.945	-10.332	31.1821	
21	23	-22.565	-12.159	30.1043	
8846	68	12:59:33:353:572:960	4283.06
1	2	-5.935	-5.27	463.81	
1	3	-7.532	2.505	27.0562	
1	4	-5.543	-2.296	72.3062	
1	6	-8.315	-3.444	119.589	
1	7	-9.912	4.331	9.15143	
1	8	-8.706	-6.418	321.02	
1	9	-10.303	1.356	15.7187	
1	10	-6.326	-8.245	236.901	
1	11	-7.923	-0.47	71.1337	
1	12	-3.555	-7.097	807.356	
1	13	-5.152	0.678	22.637	
1	14	-3.163	-4.122	95.9159	
1	15	-4.76	3.653	11.5688	
1	16	-2.772	-1.148	35.0672	
1	22	2.772	1.148	8.78331	
1	24	2.38	-1.826	27.7495	
1	28	0	0	13.6657	
2	2	3.194	-15.55	10.1317	
2	3	1.597	-7.775	37.7214	
2	4	3.585	-12.576	12.1277	
2	5	1.988	-4.801	40.5134	
2	6	0.814	-13.724	29.94	
2	7	-0.783	-5.949	120.216	
2	8	0.422	-16.698	11.2745	
2	9	-1.175	-8.923	421.355	
2	11	1.205	-10.749	26.694	
2	13	3.977	-9.601	11.4176	
2	14	5.965	-14.402	7.28049	
2	15	4.369	-6.627	22.0735	
2	16	6.357	-11.428	21.2731	
2	17	4.76	-3.653	31.9025	
2	19	5.152	-0.678	10.9597	
2	26	8.737	-13.254	10.6185	
2	27	7.14	-5.479	9.2595	
2	28	9.129	-10.279	13.394	
2	29	7.532	-2.505	10.6187	
5	16	-14.641	-11.689	8.57069	
5	17	-16.238	-3.914	27.5091	
5	19	-15.847	-0.94	29.6192	
5	20	-11.478	-7.567	61.5819	
5	21	-13.075	0.208	18.8801	
5	22	-9.098	-9.393	59.7601	
5	23	-10.695	-1.618	47.8734	
5	24	-9.49	-12.367	21.1363	
5	25	-11.087	-4.592	202.746	
5	26	-12.261	-13.515	7.85622	
5	27	-13.858	-5.74	38.3875	
5	28	-11.87	-10.541	23.3086	
5	29	-13.467	-2.766	69.957	
6	15	-7.501	-17.168	8.62157	
6	17	-7.11	-14.193	16.1167	
6	19	-6.718	-11.219	29.1631	
6	20	-2.349	-17.846	7.03141	
6	21	-3.946	-10.071	164.013	
6	23	-1.566	-11.897	32.6614	
6	25	-1.958	-14.872	11.3867	
6	27	-4.73	-16.02	22.2885	
6	29	-4.338	-13.045	27.3791	
7	10	-15.455	2.035	15.156	
7	12	-12.683	3.183	11.9825	
9	18	-23.378	1.565	8.61883	
9	20	-20.607	2.713	9.40375	
9	22	-18.227	0.887	16.5694	
9	24	-18.618	-2.088	22.679	
9	25	-20.215	5.687	7.64012	
9	26	-21.39	-3.236	11.854	
9	27	-22.987	4.539	14.4347	
9	28	-20.998	-0.261	10.6725	
8858	11	12:59:33:453:964:890	252.931
7	7	-19.04	14.61	11.0604	
15	2	-24.192	15.289	56.5554	
15	4	-23.801	18.263	7.88604	
15	6	-26.572	17.115	7.03715	
15	8	-26.964	14.14	44.9445	
15	10	-24.584	12.314	16.0389	
15	12	-21.812	13.462	34.7418	
15	14	-21.421	16.437	19.2065	
20	20	-29.735	12.992	23.2462	
20	25	-29.344	15.967	20.0434	
20	27	-32.116	14.819	12.1708	
8880	4	12:59:33:609:767:530	55.1582
2	21	7.923	0.47	19.4351	
2	23	10.303	-1.356	19.3956	
2	25	9.912	-4.331	8.62972	
2	29	7.532	-2.505	7.69769	
8893	5	12:59:33:750:499:480	105.069
1	3	-7.532	2.505	8.03231	
1	7	-9.912	4.331	42.6079	
1	9	-10.303	1.356	32.8954	
1	11	-7.923	-0.47	7.44894	
5	23	-10.695	-1.618	14.0846	
8896	10	12:59:33:766:962:050	180.124
10	5	17.052	-9.81	36.3297	
10	17	19.824	-8.662	31.3781	
10	23	25.367	-6.366	14.1245	
10	25	24.975	-9.34	7.42296	
10	27	22.204	-10.488	17.8471	
10	29	22.595	-7.514	22.7048	
12	4	30.519	-7.044	12.6744	
12	11	28.139	-5.217	8.78306	
12	13	30.91	-4.069	19.7681	
12	16	33.29	-5.896	9.09114	
8904	12	12:59:33:826:390:640	301.035
2	23	10.303	-1.356	16.6019	
2	25	9.912	-4.331	8.16504	
4	2	15.064	-5.009	54.2775	
4	4	15.455	-2.035	36.0609	
4	6	12.683	-3.183	76.2251	
4	8	12.292	-6.157	16.2758	
4	9	10.695	1.618	12.1236	
4	10	14.672	-7.983	11.592	
4	11	13.075	-0.208	20.9704	
4	12	17.444	-6.835	21.815	
10	5	17.052	-9.81	15.9902	
10	7	14.28	-10.958	10.9376	
8905	12	12:59:33:847:214:090	202.095
15	19	-22.234	30.16	27.286	
15	21	-19.463	31.308	30.3682	
15	23	-17.083	29.482	25.3032	
15	25	-17.474	26.508	8.60804	
15	29	-19.854	28.334	14.5921	
19	6	-14.703	27.656	18.4936	
19	8	-15.094	24.681	17.8761	
19	9	-16.691	32.456	10.097	
19	10	-12.714	22.855	12.282	
19	11	-14.311	30.63	13.7725	
19	12	-9.942	24.003	16.3417	
19	14	-9.551	26.977	7.07417	
8908	8	12:59:33:899:969:360	130.471
11	3	4.791	-23.325	13.3771	
11	4	6.779	-28.125	7.59639	
11	6	4.008	-29.274	13.289	
11	9	2.019	-24.473	11.1758	
11	11	4.399	-26.299	32.6745	
11	13	7.171	-25.151	20.9154	
11	15	7.562	-22.177	22.6443	
11	18	9.942	-24.003	8.79832	
8911	7	12:59:33:937:364:170	107.051
5	5	-19.01	-5.062	8.17285	
5	17	-16.238	-3.914	26.4541	
5	19	-15.847	-0.94	26.3636	
9	22	-18.227	0.887	7.64743	
9	24	-18.618	-2.088	18.9046	
9	26	-21.39	-3.236	8.44767	
9	28	-20.998	-0.261	11.0606	
8916	10	12:59:34:027:550:870	153.03
6	2	-8.676	-26.091	10.5591	
6	4	-8.284	-23.116	16.2443	
6	6	-11.056	-24.264	9.21173	
6	10	-9.067	-29.065	8.96425	
6	13	-7.893	-20.142	8.87394	
17	22	-11.839	-30.213	10.6967	
17	24	-12.231	-33.187	19.4927	
18	5	-6.687	-30.891	13.8972	
18	7	-9.459	-32.039	24.9195	
18	9	-9.851	-35.014	30.1702	
8917	22	12:59:34:031:373:130	1912.21
10	12	20.637	-22.385	7.27627	
10	20	24.584	-12.314	16.413	
10	22	26.964	-14.14	184.142	
10	24	26.572	-17.115	157.093	
10	25	24.975	-9.34	17.7575	
10	26	23.801	-18.263	12.4123	
10	27	22.204	-10.488	8.78859	
12	2	30.127	-10.018	475.145	
12	4	30.519	-7.044	66.8588	
12	6	27.747	-8.192	33.684	
12	8	27.355	-11.166	119.086	
12	10	29.735	-12.992	430.208	
12	11	28.139	-5.217	8.70862	
12	12	32.507	-11.844	106.081	
12	14	32.899	-8.87	49.8655	
22	17	23.017	-24.212	18.6112	
22	19	23.409	-21.237	23.66	
22	21	26.181	-20.089	77.3822	
22	23	28.561	-21.915	26.7275	
22	25	28.169	-24.89	21.0517	
22	27	25.398	-26.038	19.0522	
22	29	25.789	-23.063	32.208	
8921	6	12:59:34:093:267:280	121.44
12	19	32.085	4.854	8.62179	
13	2	26.933	5.532	21.8739	
13	4	27.325	8.506	10.7806	
13	8	24.162	4.384	17.6111	
13	12	29.313	3.706	25.0638	
13	14	29.705	6.68	37.4891	
8927	7	12:59:34:120:669:300	138.326
4	18	18.618	2.088	13.084	
4	20	21.39	3.236	33.5302	
4	22	23.77	1.409	7.04795	
4	23	22.173	9.184	10.0574	
4	25	21.782	6.21	44.6885	
4	27	19.01	5.062	17.0482	
4	29	19.401	8.036	12.8699	
8930	14	12:59:34:171:750:060	387.106
1	22	2.772	1.148	14.0123	
1	24	2.38	-1.826	14.1653	
2	17	4.76	-3.653	16.8244	
2	19	5.152	-0.678	19.4113	
2	20	9.52	-7.305	39.2209	
2	22	11.9	-9.131	18.8506	
2	25	9.912	-4.331	50.7826	
2	27	7.14	-5.479	33.1179	
2	29	7.532	-2.505	13.2991	
4	6	12.683	-3.183	10.9965	
4	8	12.292	-6.157	75.278	
4	10	14.672	-7.983	61.737	
10	5	17.052	-9.81	10.8488	
10	7	14.28	-10.958	8.56126	
8937	14	12:59:34:277:851:510	197.947
2	3	1.597	-7.775	10.3594	
2	5	1.988	-4.801	9.89402	
2	6	0.814	-13.724	11.2491	
2	8	0.422	-16.698	11.6714	
2	9	-1.175	-8.923	11.6018	
2	11	1.205	-10.749	15.716	
2	13	3.977	-9.601	25.473	
2	15	4.369	-6.627	28.3655	
2	17	4.76	-3.653	18.1677	
2	19	5.152	-0.678	7.45532	
2	27	7.14	-5.479	9.46226	
2	29	7.532	-2.505	10.6187	
6	23	-1.566	-11.897	13.4732	
6	25	-1.958	-14.872	14.4392	
8939	4	12:59:34:327:486:010	63.1781
5	17	-16.238	-3.914	25.6726	
5	19	-15.847	-0.94	11.9255	
5	27	-13.858	-5.74	9.0304	
9	24	-18.618	-2.088	16.5496	
8954	5	12:59:34:494:238:250	72.7409
6	16	-5.513	-21.968	12.3704	
6	26	-3.133	-23.795	22.9614	
18	19	-3.524	-26.769	8.88089	
18	21	-0.753	-25.621	16.1982	
18	23	1.627	-27.447	12.3301	
8960	8	12:59:34:546:192:330	229.615
7	3	-16.66	12.784	77.5971	
7	7	-19.04	14.61	29.4605	
7	9	-19.432	11.636	25.1983	
7	11	-17.052	9.81	13.5249	
7	13	-14.28	10.958	24.1694	
7	15	-13.889	13.932	31.0756	
7	17	-13.497	16.906	8.07885	
7	18	-11.509	12.106	20.5105	
8969	16	12:59:34:646:478:840	394.754
4	12	17.444	-6.835	9.18048	
4	14	17.835	-3.861	11.6245	
4	16	18.227	-0.887	8.22561	
4	26	20.607	-2.713	22.2672	
10	15	19.432	-11.636	11.938	
10	16	21.421	-16.437	11.6656	
10	17	19.824	-8.662	40.8424	
10	18	21.812	-13.462	17.2495	
10	19	20.215	-5.687	79.6187	
10	20	24.584	-12.314	19.2648	
10	22	26.964	-14.14	7.06512	
10	23	25.367	-6.366	8.65694	
10	25	24.975	-9.34	11.8064	
10	27	22.204	-10.488	71.7185	
10	28	24.192	-15.289	19.857	
10	29	22.595	-7.514	43.773	
8978	6	12:59:34:773:740:330	104.746
5	9	-22.173	-9.184	8.21254	
9	12	-24.553	-7.358	19.3389	
21	20	-23.348	-18.107	7.04531	
21	21	-24.945	-10.332	31.3328	
21	23	-22.565	-12.159	18.5159	
21	25	-22.956	-15.133	20.3008	
8983	7	12:59:34:800:709:600	137.73
6	22	0.031	-19.672	8.10426	
6	24	-0.361	-22.647	9.5882	
11	3	4.791	-23.325	10.1295	
11	5	5.182	-20.351	9.64257	
11	7	2.411	-21.499	39.9965	
11	9	2.019	-24.473	45.4215	
11	11	4.399	-26.299	14.847	
8989	6	12:59:34:883:689:880	128.709
8	2	-3.194	15.55	11.0537	
8	14	-0.422	16.698	18.1941	
8	22	5.513	21.968	42.4844	
8	24	5.121	18.994	21.0222	
8	26	2.349	17.846	16.0793	
8	28	2.741	20.82	19.8756	
8993	4	12:59:34:924:513:740	64.7371
11	23	13.497	-16.906	11.8507	
11	25	13.106	-19.881	7.01751	
11	27	10.334	-21.029	16.8815	
11	29	10.726	-18.054	28.9874	
8996	6	12:59:34:942:344:320	101.444
5	5	-19.01	-5.062	12.2499	
5	7	-21.782	-6.21	22.6531	
9	2	-26.933	-5.532	32.8034	
9	6	-29.313	-3.706	12.4432	
9	8	-29.705	-6.68	9.18122	
9	14	-24.162	-4.384	12.1131	
9003	11	12:59:35:034:465:040	702.78
4	12	17.444	-6.835	27.6626	
4	14	17.835	-3.861	42.9422	
4	26	20.607	-2.713	32.4386	
10	3	16.66	-12.784	9.1373	
10	5	17.052	-9.81	10.9781	
10	15	19.432	-11.636	46.3558	
10	17	19.824	-8.662	186.586	
10	18	21.812	-13.462	8.52122	
10	19	20.215	-5.687	266.135	
10	27	22.204	-10.488	44.9328	
10	29	22.595	-7.514	27.09	
9009	15	12:59:35:077:394:490	523.917
5	2	-17.805	-15.811	20.8609	
5	4	-17.413	-12.837	21.928	
5	6	-20.185	-13.985	23.4354	
5	10	-18.196	-18.786	7.23271	
5	12	-15.425	-17.638	19.029	
5	13	-17.021	-9.863	16.566	
5	14	-15.033	-14.663	74.3225	
5	16	-14.641	-11.689	12.3227	
5	24	-9.49	-12.367	24.5277	
5	26	-12.261	-13.515	125.842	
5	28	-11.87	-10.541	10.2792	
6	5	-9.881	-15.341	44.5841	
6	7	-12.653	-16.49	51.1262	
6	9	-13.044	-19.464	54.1154	
6	17	-7.11	-14.193	17.7446	
9014	10	12:59:35:136:750:530	126.164
9	2	-26.933	-5.532	12.6067	
9	4	-26.542	-2.557	7.50264	
9	10	-27.325	-8.506	20.745	
9	14	-24.162	-4.384	18.3457	
9	16	-23.77	-1.409	20.5158	
9	18	-23.378	1.565	15.2079	
9	20	-20.607	2.713	7.17235	
9	27	-22.987	4.539	7.70053	
21	19	-27.716	-11.481	7.29891	
21	21	-24.945	-10.332	9.06843	
9022	8	12:59:35:231:511:640	177.677
10	6	15.877	-18.733	7.6314	
10	8	15.486	-21.707	18.3754	
10	10	17.866	-23.533	50.7854	
11	22	15.094	-24.681	10.429	
11	25	13.106	-19.881	19.3233	
22	3	19.854	-28.334	14.2468	
22	5	20.246	-25.36	18.9405	
22	7	17.474	-26.508	37.945	
9023	9	12:59:35:231:905:630	155.828
10	20	24.584	-12.314	11.3331	
10	23	25.367	-6.366	8.36404	
10	25	24.975	-9.34	37.3708	
10	29	22.595	-7.514	9.96214	
12	2	30.127	-10.018	12.2348	
12	4	30.519	-7.044	22.6814	
12	6	27.747	-8.192	28.6376	
12	8	27.355	-11.166	11.4021	
12	14	32.899	-8.87	13.8418	
9037	19	12:59:35:384:347:540	534.272
3	18	9.49	12.367	12.9029	
3	20	12.261	13.515	36.1394	
3	25	12.653	16.49	19.1639	
3	27	9.881	15.341	7.88914	
14	3	16.208	23.586	12.7521	
14	4	18.196	18.786	67.2947	
14	5	16.599	26.561	8.29976	
14	6	15.425	17.638	56.3686	
14	11	15.816	20.612	23.201	
14	13	18.588	21.76	52.4022	
14	15	18.979	24.734	21.7269	
14	16	20.968	19.934	16.9842	
14	18	21.359	22.908	78.7789	
14	20	24.131	24.056	43.8453	
14	25	24.523	27.03	17.5577	
14	26	23.348	18.107	7.90397	
14	27	21.751	25.882	25.4365	
14	28	23.739	21.082	18.014	
14	29	22.143	28.857	7.61035	
9041	4	12:59:35:409:619:580	61.3575
2	8	0.422	-16.698	19.6086	
2	10	2.802	-18.524	12.7242	
11	5	5.182	-20.351	18.026	
11	15	7.562	-22.177	10.9987	
9045	21	12:59:35:442:018:550	656.253
4	22	23.77	1.409	10.1767	
4	24	23.378	-1.565	21.9111	
4	26	20.607	-2.713	15.0586	
10	17	19.824	-8.662	8.95547	
10	21	22.987	-4.539	17.8654	
10	23	25.367	-6.366	56.9861	
10	29	22.595	-7.514	36.3689	
12	3	28.53	-2.243	74.2054	
12	4	30.519	-7.044	9.91986	
12	5	28.922	0.731	52.9164	
12	6	27.747	-8.192	9.7576	
12	7	26.15	-0.417	51.434	
12	9	25.758	-3.391	64.0262	
12	11	28.139	-5.217	23.0741	
12	13	30.91	-4.069	16.8435	
12	15	31.302	-1.095	54.2896	
12	17	31.693	1.879	68.3574	
12	18	33.682	-2.921	9.54493	
12	27	34.073	0.053	28.1171	
12	29	34.465	3.027	18.3538	
13	12	29.313	3.706	8.09022	
9046	5	12:59:35:447:993:990	77.6738
3	14	8.706	6.418	26.4399	
3	26	11.478	7.567	18.3592	
4	5	13.858	5.74	14.9113	
4	7	11.087	4.592	10.7367	
4	15	16.238	3.914	7.22669	
9048	6	12:59:35:462:540:880	110.893
9	4	-26.542	-2.557	13.6325	
9	6	-29.313	-3.706	33.7969	
9	8	-29.705	-6.68	12.9749	
9	9	-31.302	1.095	13.373	
9	11	-28.922	-0.731	25.6466	
9	13	-26.15	0.417	11.4692	
9063	16	12:59:35:649:426:070	714.247
11	16	9.551	-26.977	9.51764	
11	18	9.942	-24.003	9.00293	
11	20	12.714	-22.855	11.3034	
11	22	15.094	-24.681	18.0178	
11	24	14.703	-27.656	158.548	
11	26	11.931	-28.804	30.0015	
11	28	12.322	-25.829	57.5427	
22	3	19.854	-28.334	100.862	
22	5	20.246	-25.36	19.0045	
22	7	17.474	-26.508	65.19	
22	9	17.083	-29.482	121.903	
22	11	19.463	-31.308	34.8965	
22	13	22.234	-30.16	45.9349	
22	15	22.626	-27.186	10.0723	
22	17	23.017	-24.212	7.96748	
22	27	25.398	-26.038	14.4822	
9069	9	12:59:35:693:756:570	150.698
8	19	-1.236	30.422	9.59194	
8	21	1.536	31.57	40.205	
8	23	3.916	29.743	14.7355	
8	29	1.144	28.595	8.75726	
16	2	8.676	26.091	12.9014	
16	6	6.296	27.917	22.0819	
16	9	4.307	32.718	14.3842	
19	20	-5.996	34.074	8.41511	
19	22	-3.616	32.248	19.6256	
9088	14	12:59:35:891:900:060	475.837
1	3	-7.532	2.505	54.1893	
1	4	-5.543	-2.296	13.7745	
1	5	-7.14	5.479	7.84302	
1	9	-10.303	1.356	7.29034	
1	11	-7.923	-0.47	19.1017	
1	13	-5.152	0.678	120.935	
1	14	-3.163	-4.122	9.13484	
1	15	-4.76	3.653	45.086	
1	16	-2.772	-1.148	58.1018	
1	18	-2.38	1.826	45.9041	
1	22	2.772	1.148	8.98837	
1	24	2.38	-1.826	24.1537	
1	27	-1.988	4.801	10.2551	
1	28	0	0	51.0783	
9093	4	12:59:35:938:090:450	47.9837
1	18	-2.38	1.826	9.82798	
1	20	0.392	2.974	13.7553	
1	25	0.783	5.949	8.38984	
1	27	-1.988	4.801	16.0106	
9108	7	12:59:36:107:833:690	128.666
11	6	4.008	-29.274	8.64657	
11	9	2.019	-24.473	11.49	
11	11	4.399	-26.299	15.399	
18	19	-3.524	-26.769	7.57755	
18	21	-0.753	-25.621	46.8079	
18	23	1.627	-27.447	16.08	
18	29	-1.144	-28.595	22.6647	
9110	4	12:59:36:127:476:330	58.9461
4	2	15.064	-5.009	7.65191	
4	12	17.444	-6.835	7.90794	
4	14	17.835	-3.861	17.2658	
4	16	18.227	-0.887	26.1205	
9116	24	12:59:36:261:741:150	762.321
7	19	-13.106	19.881	10.7603	
7	21	-10.334	21.029	210.676	
7	23	-7.954	19.202	37.022	
7	29	-10.726	18.054	29.5042	
8	3	-4.791	23.325	14.5282	
8	5	-4.399	26.299	10.2482	
8	7	-7.171	25.151	46.2668	
8	9	-7.562	22.177	45.9848	
8	11	-5.182	20.351	12.1005	
8	15	-2.019	24.473	11.822	
15	22	-15.486	21.707	13.8043	
19	2	-12.322	25.829	16.8779	
19	4	-11.931	28.804	14.5453	
19	6	-14.703	27.656	8.42237	
19	8	-15.094	24.681	7.37547	
19	10	-12.714	22.855	33.1946	
19	12	-9.942	24.003	87.9679	
19	13	-11.539	31.778	8.89255	
19	14	-9.551	26.977	51.374	
19	16	-9.159	29.952	29.8041	
19	18	-8.768	32.926	11.1441	
19	20	-5.996	34.074	9.08674	
19	26	-6.779	28.125	23.645	
19	28	-6.388	31.1	17.274	
9120	5	12:59:36:301:634:380	55.8884
4	2	15.064	-5.009	14.6917	
4	4	15.455	-2.035	12.1877	
4	6	12.683	-3.183	7.1461	
4	8	12.292	-6.157	7.15993	
4	13	15.847	0.94	14.703	
9123	14	12:59:36:350:523:570	529.311
1	9	-10.303	1.356	8.10828	
7	2	-15.064	5.009	53.9405	
7	4	-14.672	7.983	14.164	
7	6	-17.444	6.835	128.354	
7	8	-17.835	3.861	34.5256	
7	9	-19.432	11.636	10.8232	
7	10	-15.455	2.035	12.7036	
7	11	-17.052	9.81	8.36321	
7	12	-12.683	3.183	30.4352	
7	14	-12.292	6.157	10.4414	
9	21	-22.204	10.488	53.9052	
9	23	-19.824	8.662	145.258	
9	25	-20.215	5.687	10.6131	
9	29	-22.595	7.514	7.67567	
9126	6	12:59:36:375:075:330	148.297
12	19	32.085	4.854	27.8508	
13	12	29.313	3.706	19.829	
13	14	29.705	6.68	35.7659	
13	16	30.096	9.654	28.0469	
13	18	30.488	12.629	11.1932	
13	26	32.477	7.828	25.6117	
9129	4	12:59:36:405:828:570	64.2732
1	17	-4.369	6.627	27.1782	
1	20	0.392	2.974	9.97602	
1	27	-1.988	4.801	19.6034	
1	29	-1.597	7.775	7.51563	
9141	15	12:59:36:515:133:300	409.54
10	9	13.889	-13.932	25.1695	
10	11	16.269	-15.758	16.6696	
11	3	4.791	-23.325	10.98	
11	4	6.779	-28.125	14.6153	
11	5	5.182	-20.351	13.3538	
11	11	4.399	-26.299	11.0387	
11	13	7.171	-25.151	21.8048	
11	15	7.562	-22.177	31.9667	
11	17	7.954	-19.202	31.2211	
11	18	9.942	-24.003	9.47061	
11	21	11.117	-15.08	14.1832	
11	23	13.497	-16.906	73.1226	
11	25	13.106	-19.881	25.7577	
11	27	10.334	-21.029	36.1904	
11	29	10.726	-18.054	73.9959	
9146	11	12:59:36:566:003:380	173.177
13	5	25.728	16.281	15.8403	
13	7	22.956	15.133	10.3227	
13	17	28.5	17.429	27.8969	
13	19	28.891	20.404	11.434	
13	29	31.271	18.577	11.9974	
14	2	17.805	15.811	35.7458	
14	4	18.196	18.786	8.36825	
14	8	15.033	14.663	21.4371	
14	10	17.413	12.837	8.06265	
14	14	20.576	16.959	12.3689	
14	26	23.348	18.107	9.70301	
9166	24	12:59:36:742:389:130	410.058
8	17	-1.627	27.447	7.1091	
8	19	-1.236	30.422	26.6225	
8	21	1.536	31.57	12.5082	
8	23	3.916	29.743	24.9241	
8	29	1.144	28.595	11.9417	
16	4	9.067	29.065	24.4936	
16	6	6.296	27.917	13.4195	
16	9	4.307	32.718	8.00273	
16	11	6.687	30.891	40.0921	
16	13	9.459	32.039	22.8702	
16	16	11.839	30.213	39.8573	
16	24	16.991	29.535	14.6898	
16	26	14.219	28.387	13.0483	
16	28	14.611	31.361	32.0043	
19	4	-11.931	28.804	7.4661	
19	6	-14.703	27.656	7.04092	
19	11	-14.311	30.63	15.2941	
19	13	-11.539	31.778	8.97847	
19	16	-9.159	29.952	17.8995	
19	18	-8.768	32.926	10.199	
19	22	-3.616	32.248	9.88213	
19	24	-4.008	29.274	12.9506	
19	26	-6.779	28.125	10.2059	
19	28	-6.388	31.1	18.5581	
9172	5	12:59:36:799:641:210	75.3905
2	22	11.9	-9.131	9.40837	
2	24	11.509	-12.106	7.24515	
10	5	17.052	-9.81	22.1988	
10	7	14.28	-10.958	27.3114	
10	17	19.824	-8.662	9.22685	
9176	13	12:59:36:839:790:500	310.076
2	12	5.574	-17.376	15.2563	
11	3	4.791	-23.325	58.4572	
11	4	6.779	-28.125	12.3941	
11	5	5.182	-20.351	27.3703	
11	6	4.008	-29.274	7.83414	
11	7	2.411	-21.499	8.22562	
11	9	2.019	-24.473	54.3083	
11	11	4.399	-26.299	42.3058	
11	13	7.171	-25.151	11.8246	
11	15	7.562	-22.177	15.9981	
11	17	7.954	-19.202	13.7665	
11	19	8.346	-16.228	15.0058	
18	23	1.627	-27.447	27.3296	
9182	12	12:59:36:912:180:300	271.828
10	2	18.257	-20.559	8.51845	
10	10	17.866	-23.533	22.5379	
10	12	20.637	-22.385	24.7796	
10	14	21.029	-19.411	20.6015	
10	16	21.421	-16.437	17.9138	
10	18	21.812	-13.462	9.63614	
22	3	19.854	-28.334	15.3716	
22	5	20.246	-25.36	23.4517	
22	7	17.474	-26.508	49.9328	
22	9	17.083	-29.482	60.4267	
22	11	19.463	-31.308	8.24375	
22	17	23.017	-24.212	10.4143	
9204	11	12:59:37:094:575:120	207.185
11	3	4.791	-23.325	20.7616	
11	4	6.779	-28.125	14.0378	
11	7	2.411	-21.499	13.8399	
11	11	4.399	-26.299	25.8857	
11	13	7.171	-25.151	52.6345	
11	14	9.159	-29.952	9.38787	
11	15	7.562	-22.177	13.3513	
11	16	9.551	-26.977	21.1471	
11	18	9.942	-24.003	11.3998	
18	21	-0.753	-25.621	8.30979	
18	23	1.627	-27.447	16.4295	
9215	8	12:59:37:262:225:010	117.905
1	11	-7.923	-0.47	14.3447	
5	5	-19.01	-5.062	18.1224	
5	7	-21.782	-6.21	13.437	
5	17	-16.238	-3.914	25.2037	
5	19	-15.847	-0.94	7.2898	
5	23	-10.695	-1.618	10.3145	
5	29	-13.467	-2.766	16.1917	
9	24	-18.618	-2.088	13.0009	
9230	13	12:59:37:387:390:760	239.732
10	20	24.584	-12.314	7.76832	
10	22	26.964	-14.14	20.3203	
10	23	25.367	-6.366	23.3672	
10	24	26.572	-17.115	12.3964	
10	25	24.975	-9.34	21.757	
10	29	22.595	-7.514	13.8707	
12	3	28.53	-2.243	13.8788	
12	5	28.922	0.731	10.3851	
12	6	27.747	-8.192	17.1331	
12	7	26.15	-0.417	28.6994	
12	8	27.355	-11.166	10.2722	
12	9	25.758	-3.391	24.4159	
12	11	28.139	-5.217	35.4672	
9237	4	12:59:37:495:296:910	68.2459
11	20	12.714	-22.855	24.5343	
11	23	13.497	-16.906	11.8832	
11	25	13.106	-19.881	23.1035	
11	29	10.726	-18.054	8.72479	
9264	14	12:59:37:788:909:700	272.021
4	19	17.021	9.863	16.8047	
4	21	19.793	11.011	21.7011	
14	2	17.805	15.811	31.4606	
14	4	18.196	18.786	25.5485	
14	6	15.425	17.638	8.9863	
14	10	17.413	12.837	45.3448	
14	11	15.816	20.612	7.89466	
14	12	20.185	13.985	14.4684	
14	13	18.588	21.76	27.8052	
14	15	18.979	24.734	13.2766	
14	16	20.968	19.934	24.1013	
14	18	21.359	22.908	12.6373	
14	26	23.348	18.107	10.4403	
14	28	23.739	21.082	11.5506	
9267	5	12:59:37:809:137:150	88.5538
9	8	-29.705	-6.68	7.90605	
9	10	-27.325	-8.506	22.493	
21	19	-27.716	-11.481	7.98625	
21	21	-24.945	-10.332	21.1496	
21	23	-22.565	-12.159	29.0189	
9268	5	12:59:37:818:149:440	82.1763
4	15	16.238	3.914	40.5217	
4	17	16.63	6.888	8.05612	
4	25	21.782	6.21	10.3894	
4	27	19.01	5.062	15.5335	
4	29	19.401	8.036	7.67562	
9277	5	12:59:37:897:039:200	84.7988
15	25	-17.474	26.508	12.609	
15	27	-20.246	25.36	16.1246	
19	2	-12.322	25.829	25.1891	
19	8	-15.094	24.681	15.5427	
19	12	-9.942	24.003	15.3335	
9285	4	12:59:38:002:305:680	82.3155
5	4	-17.413	-12.837	10.2403	
5	6	-20.185	-13.985	19.7564	
21	25	-22.956	-15.133	38.683	
21	27	-25.728	-16.281	13.6358	
9289	29	12:59:38:042:198:440	1527.99
1	6	-8.315	-3.444	13.5482	
1	8	-8.706	-6.418	10.1255	
1	10	-6.326	-8.245	8.48016	
5	2	-17.805	-15.811	10.1036	
5	13	-17.021	-9.863	10.8372	
5	14	-15.033	-14.663	16.325	
5	16	-14.641	-11.689	30.1629	
5	17	-16.238	-3.914	15.3176	
5	18	-14.25	-8.715	31.3692	
5	19	-15.847	-0.94	12.9164	
5	20	-11.478	-7.567	131.629	
5	21	-13.075	0.208	12.6451	
5	22	-9.098	-9.393	28.9556	
5	23	-10.695	-1.618	20.2733	
5	24	-9.49	-12.367	86.1553	
5	25	-11.087	-4.592	70.4043	
5	26	-12.261	-13.515	216.594	
5	27	-13.858	-5.74	32.2562	
5	28	-11.87	-10.541	222	
5	29	-13.467	-2.766	25.2196	
6	3	-10.273	-18.316	115.546	
6	5	-9.881	-15.341	220.12	
6	7	-12.653	-16.49	124.042	
6	9	-13.044	-19.464	8.15111	
6	13	-7.893	-20.142	11.0472	
6	17	-7.11	-14.193	12.897	
6	19	-6.718	-11.219	15.1604	
6	21	-3.946	-10.071	7.27512	
6	29	-4.338	-13.045	8.43677	
9290	6	12:59:38:046:173:820	77.2236
5	20	-11.478	-7.567	13.0262	
5	24	-9.49	-12.367	13.3601	
5	26	-12.261	-13.515	14.5998	
5	28	-11.87	-10.541	17.3267	
6	5	-9.881	-15.341	7.78731	
6	7	-12.653	-16.49	11.1235	
9321	9	12:59:38:377:259:470	351.445
4	15	16.238	3.914	37.3176	
4	17	16.63	6.888	8.52158	
4	18	18.618	2.088	14.0932	
4	20	21.39	3.236	24.7901	
4	25	21.782	6.21	78.027	
4	27	19.01	5.062	124.068	
4	29	19.401	8.036	19.8838	
13	4	27.325	8.506	10.5828	
13	6	24.553	7.358	34.1607	
9322	7	12:59:38:377:688:330	139.008
10	20	24.584	-12.314	15.4624	
10	22	26.964	-14.14	25.7326	
10	23	25.367	-6.366	7.87587	
10	24	26.572	-17.115	28.2742	
10	25	24.975	-9.34	29.3719	
12	8	27.355	-11.166	19.9965	
22	21	26.181	-20.089	12.295	
9323	6	12:59:38:379:117:920	106.767
3	12	8.315	3.444	15.9846	
3	24	14.25	8.715	26.4038	
3	26	11.478	7.567	10.0564	
4	5	13.858	5.74	25.4451	
4	7	11.087	4.592	19.1425	
4	9	10.695	1.618	9.7345	
9325	7	12:59:38:407:645:760	190.337
5	6	-20.185	-13.985	24.2448	
5	11	-19.793	-11.011	7.3774	
21	13	-28.891	-20.404	34.3975	
21	18	-26.119	-19.255	50.7955	
21	20	-23.348	-18.107	31.8344	
21	25	-22.956	-15.133	29.8014	
21	27	-25.728	-16.281	11.8861	
9327	16	12:59:38:425:460:310	314.116
12	19	32.085	4.854	12.5926	
12	21	34.857	6.002	8.78653	
13	3	25.336	13.307	53.819	
13	4	27.325	8.506	14.3412	
13	5	25.728	16.281	11.3091	
13	6	24.553	7.358	7.18482	
13	9	22.565	12.159	9.35084	
13	11	24.945	10.332	17.5374	
13	13	27.716	11.481	61.4545	
13	14	29.705	6.68	14.2055	
13	15	28.108	14.455	20.5543	
13	16	30.096	9.654	34.3621	
13	18	30.488	12.629	11.8785	
13	26	32.477	7.828	16.2806	
13	27	30.88	15.603	9.27998	
13	28	32.868	10.802	11.1786	
9331	4	12:59:38:443:341:860	68.6889
1	2	-5.935	-5.27	18.578	
1	4	-5.543	-2.296	17.4101	
1	14	-3.163	-4.122	11.8372	
1	16	-2.772	-1.148	20.8637	
9337	7	12:59:38:502:166:860	368.733
2	10	2.802	-18.524	30.8791	
6	20	-2.349	-17.846	9.70398	
6	22	0.031	-19.672	179.335	
6	24	-0.361	-22.647	53.8084	
6	26	-3.133	-23.795	43.5097	
6	28	-2.741	-20.82	38.3973	
11	7	2.411	-21.499	13.1001	
9342	9	12:59:38:534:564:590	272.768
2	21	7.923	0.47	16.1219	
2	23	10.303	-1.356	65.5083	
2	25	9.912	-4.331	7.5676	
3	12	8.315	3.444	10.5695	
4	2	15.064	-5.009	13.0933	
4	4	15.455	-2.035	10.5136	
4	6	12.683	-3.183	115.611	
4	9	10.695	1.618	21.0736	
4	11	13.075	-0.208	12.7094	
9343	4	12:59:38:537:973:990	84.4127
16	4	9.067	29.065	18.6166	
16	10	8.284	23.116	8.77849	
16	12	11.056	24.264	26.3488	
16	14	11.448	27.239	30.6688	
9345	6	12:59:38:550:942:900	164.219
15	13	-23.409	21.237	14.2716	
15	16	-21.029	19.411	17.9451	
15	18	-20.637	22.385	31.9507	
15	20	-17.866	23.533	69.4605	
15	27	-20.246	25.36	22.3688	
15	29	-19.854	28.334	8.2227	
9351	5	12:59:38:644:298:510	128.777
6	3	-10.273	-18.316	14.6144	
6	9	-13.044	-19.464	47.3162	
6	11	-10.664	-21.29	29.5668	
17	14	-13.828	-25.413	13.4176	
17	23	-13.436	-22.438	23.862	
9352	4	12:59:38:650:932:800	58.4574
8	2	-3.194	15.55	17.6544	
8	6	-5.574	17.376	11.763	
8	12	-0.814	13.724	7.40741	
8	14	-0.422	16.698	21.6326	
9353	5	12:59:38:652:354:960	111.408
2	22	11.9	-9.131	8.49461	
10	3	16.66	-12.784	27.9474	
10	5	17.052	-9.81	18.0921	
10	7	14.28	-10.958	26.2372	
10	15	19.432	-11.636	30.6372	
9354	4	12:59:38:664:751:990	85.1241
8	17	-1.627	27.447	7.73444	
8	19	-1.236	30.422	37.2585	
8	29	1.144	28.595	14.8812	
19	22	-3.616	32.248	25.2499	
9366	6	12:59:38:834:683:410	85.2401
10	3	16.66	-12.784	18.1407	
10	5	17.052	-9.81	7.32414	
10	9	13.889	-13.932	24.6438	
10	11	16.269	-15.758	15.9279	
10	13	19.04	-14.61	10.905	
10	15	19.432	-11.636	8.29855	
9369	10	12:59:38:879:735:560	193.936
4	12	17.444	-6.835	9.84705	
10	3	16.66	-12.784	9.40506	
10	4	18.649	-17.585	12.3148	
10	5	17.052	-9.81	17.025	
10	11	16.269	-15.758	11.3294	
10	13	19.04	-14.61	66.6198	
10	15	19.432	-11.636	28.3782	
10	16	21.421	-16.437	12.8953	
10	17	19.824	-8.662	17.9788	
10	19	20.215	-5.687	8.14226	
9370	11	12:59:38:890:732:370	227.72
7	3	-16.66	12.784	13.7043	
7	4	-14.672	7.983	11.7864	
7	6	-17.444	6.835	8.33337	
7	11	-17.052	9.81	30.1859	
7	13	-14.28	10.958	50.2985	
7	15	-13.889	13.932	14.0206	
7	16	-11.9	9.131	19.9354	
7	18	-11.509	12.106	50.8359	
7	20	-8.737	13.254	7.0758	
7	27	-11.117	15.08	14.031	
7	29	-10.726	18.054	7.51309	
9373	4	12:59:38:927:936:260	76.6386
6	13	-7.893	-20.142	12.7495	
6	16	-5.513	-21.968	23.8599	
6	22	0.031	-19.672	19.4233	
6	28	-2.741	-20.82	20.606	
9382	7	12:59:39:011:544:060	105.129
6	14	-5.904	-24.943	7.5256	
6	18	-5.121	-18.994	8.20466	
6	24	-0.361	-22.647	17.3518	
6	26	-3.133	-23.795	14.5885	
6	28	-2.741	-20.82	26.0963	
18	21	-0.753	-25.621	20.1761	
18	23	1.627	-27.447	11.1861	
9392	4	12:59:39:103:339:420	51.6276
13	2	26.933	5.532	20.2785	
13	4	27.325	8.506	8.24866	
13	6	24.553	7.358	16.0017	
13	12	29.313	3.706	7.09877	
9393	4	12:59:39:107:881:870	74.1351
7	23	-7.954	19.202	18.4786	
7	25	-8.346	16.228	19.1308	
7	27	-11.117	15.08	12.7289	
7	29	-10.726	18.054	23.7968	
9397	4	12:59:39:146:368:080	49.5909
9	2	-26.933	-5.532	14.3006	
9	6	-29.313	-3.706	11.6862	
9	10	-27.325	-8.506	9.79535	
9	12	-24.553	-7.358	13.8088	
9398	7	12:59:39:166:086:230	109.86
5	21	-13.075	0.208	11.0689	
7	2	-15.064	5.009	9.45212	
7	10	-15.455	2.035	25.4235	
7	12	-12.683	3.183	7.98272	
9	20	-20.607	2.713	13.739	
9	22	-18.227	0.887	27.4458	
9	28	-20.998	-0.261	14.7475	
9400	5	12:59:39:204:971:500	74.3264
7	8	-17.835	3.861	9.3206	
9	18	-23.378	1.565	23.327	
9	20	-20.607	2.713	15.7792	
9	22	-18.227	0.887	7.33587	
9	28	-20.998	-0.261	18.5637	
9406	14	12:59:39:248:841:180	274.946
3	4	6.326	8.245	37.7535	
3	6	3.555	7.097	8.14818	
3	11	3.946	10.071	10.7395	
3	12	8.315	3.444	13.5377	
3	13	6.718	11.219	7.72212	
3	14	8.706	6.418	16.2782	
3	16	9.098	9.393	48.5524	
3	18	9.49	12.367	15.6848	
3	21	10.664	21.29	7.55342	
3	23	13.044	19.464	8.89716	
3	25	12.653	16.49	12.9608	
3	26	11.478	7.567	11.0585	
3	27	9.881	15.341	32.3178	
3	29	10.273	18.316	43.7419	
9416	7	12:59:39:410:591:260	191.935
5	15	-16.63	-6.888	14.6327	
5	18	-14.25	-8.715	23.9144	
5	20	-11.478	-7.567	21.5518	
5	26	-12.261	-13.515	9.00263	
5	27	-13.858	-5.74	29.5904	
5	28	-11.87	-10.541	85.5679	
5	29	-13.467	-2.766	7.67554	
9419	4	12:59:39:437:686:660	52.543
14	15	18.979	24.734	14.813	
14	20	24.131	24.056	9.67971	
14	25	24.523	27.03	10.9696	
14	27	21.751	25.882	17.0807	
9422	5	12:59:39:481:708:190	242.291
8	2	-3.194	15.55	88.6386	
8	6	-5.574	17.376	44.9893	
8	8	-5.965	14.402	76.6431	
8	10	-3.585	12.576	10.6099	
8	12	-0.814	13.724	21.41	
9430	6	12:59:39:558:968:330	140.82
9	13	-26.15	0.417	15.7493	
9	14	-24.162	-4.384	12.6061	
9	16	-23.77	-1.409	60.5611	
9	18	-23.378	1.565	10.8984	
9	26	-21.39	-3.236	20.4038	
9	28	-20.998	-0.261	20.6012	
9432	6	12:59:39:588:829:620	145.13
1	4	-5.543	-2.296	22.4594	
1	6	-8.315	-3.444	11.0079	
1	9	-10.303	1.356	16.0387	
1	11	-7.923	-0.47	60.1078	
5	21	-13.075	0.208	14.8519	
5	23	-10.695	-1.618	20.6645	
9437	13	12:59:39:609:478:040	252.712
7	23	-7.954	19.202	24.5951	
7	25	-8.346	16.228	9.85839	
8	3	-4.791	23.325	14.6468	
8	5	-4.399	26.299	17.2169	
8	6	-5.574	17.376	38.6405	
8	7	-7.171	25.151	26.0602	
8	8	-5.965	14.402	23.5749	
8	9	-7.562	22.177	25.7482	
8	11	-5.182	20.351	24.1544	
8	13	-2.411	21.499	8.56018	
19	24	-4.008	29.274	9.14158	
19	26	-6.779	28.125	17.2176	
19	28	-6.388	31.1	13.2972	
9450	5	12:59:39:748:018:280	51.0005
2	4	3.585	-12.576	7.81565	
2	13	3.977	-9.601	10.8664	
2	16	6.357	-11.428	15.1222	
2	18	6.749	-8.453	8.09247	
2	28	9.129	-10.279	9.10376	
9457	23	12:59:39:844:889:390	1136.99
1	22	2.772	1.148	9.26178	
3	2	5.935	5.27	13.1049	
3	8	3.163	4.122	7.56263	
3	10	5.543	2.296	21.7552	
3	12	8.315	3.444	25.7718	
3	14	8.706	6.418	19.3658	
3	24	14.25	8.715	26.9259	
3	26	11.478	7.567	19.2897	
4	5	13.858	5.74	72.1275	
4	7	11.087	4.592	41.393	
4	15	16.238	3.914	22.3766	
4	17	16.63	6.888	79.2722	
4	19	17.021	9.863	12.9736	
4	21	19.793	11.011	18.5391	
4	23	22.173	9.184	232.335	
4	25	21.782	6.21	45.9338	
4	27	19.01	5.062	37.8025	
4	29	19.401	8.036	144.418	
13	4	27.325	8.506	73.3676	
13	6	24.553	7.358	47.3673	
13	9	22.565	12.159	11.7079	
13	11	24.945	10.332	137.963	
13	13	27.716	11.481	16.3772	
9458	14	12:59:39:851:636:380	410.798
1	2	-5.935	-5.27	22.7753	
1	4	-5.543	-2.296	9.49272	
1	6	-8.315	-3.444	17.9434	
1	8	-8.706	-6.418	57.0391	
1	9	-10.303	1.356	13.1937	
1	10	-6.326	-8.245	15.2815	
1	12	-3.555	-7.097	11.444	
1	14	-3.163	-4.122	8.90647	
5	18	-14.25	-8.715	8.48815	
5	20	-11.478	-7.567	72.0833	
5	22	-9.098	-9.393	98.1029	
5	23	-10.695	-1.618	19.8465	
5	25	-11.087	-4.592	46.8037	
5	27	-13.858	-5.74	9.39695	
9460	8	12:59:39:864:860:400	124.597
6	16	-5.513	-21.968	16.5832	
6	17	-7.11	-14.193	11.4499	
6	18	-5.121	-18.994	25.8325	
6	20	-2.349	-17.846	8.9722	
6	26	-3.133	-23.795	13.7842	
6	27	-4.73	-16.02	27.7887	
6	28	-2.741	-20.82	7.64471	
6	29	-4.338	-13.045	12.542	
9470	9	12:59:39:998:083:550	119.939
7	11	-17.052	9.81	12.8715	
7	13	-14.28	10.958	19.0416	
7	16	-11.9	9.131	12.9072	
7	18	-11.509	12.106	18.4562	
7	20	-8.737	13.254	16.8073	
7	22	-6.357	11.428	9.75277	
7	27	-11.117	15.08	10.1896	
7	28	-9.129	10.279	10.7869	
8	8	-5.965	14.402	9.12576	
9480	8	12:59:40:170:171:430	147.37
15	5	-25.398	26.038	21.2137	
15	17	-22.626	27.186	22.3494	
15	20	-17.866	23.533	13.4541	
15	25	-17.474	26.508	10.7095	
15	27	-20.246	25.36	32.5798	
15	29	-19.854	28.334	7.32306	
19	2	-12.322	25.829	25.5726	
19	8	-15.094	24.681	14.1676	
9483	38	12:59:40:178:557:920	4590.19
10	2	18.257	-20.559	51.1805	
10	4	18.649	-17.585	28.7576	
10	6	15.877	-18.733	33.909	
10	8	15.486	-21.707	32.9704	
10	10	17.866	-23.533	242.826	
10	11	16.269	-15.758	19.896	
10	12	20.637	-22.385	110.722	
10	14	21.029	-19.411	19.4766	
10	16	21.421	-16.437	27.1864	
10	24	26.572	-17.115	11.7782	
10	26	23.801	-18.263	39.4968	
10	28	24.192	-15.289	7.93096	
11	4	6.779	-28.125	7.72966	
11	14	9.159	-29.952	15.9635	
11	16	9.551	-26.977	34.7437	
11	18	9.942	-24.003	13.5336	
11	20	12.714	-22.855	25.4386	
11	22	15.094	-24.681	87.0711	
11	23	13.497	-16.906	18.7202	
11	24	14.703	-27.656	35.7202	
11	25	13.106	-19.881	16.1463	
11	26	11.931	-28.804	27.3376	
11	27	10.334	-21.029	8.37689	
11	28	12.322	-25.829	24.7713	
22	3	19.854	-28.334	502.122	
22	5	20.246	-25.36	1158.94	
22	7	17.474	-26.508	471.516	
22	9	17.083	-29.482	75.8827	
22	11	19.463	-31.308	61.4252	
22	13	22.234	-30.16	154.46	
22	15	22.626	-27.186	406.386	
22	17	23.017	-24.212	203.255	
22	19	23.409	-21.237	58.3544	
22	21	26.181	-20.089	97.8259	
22	23	28.561	-21.915	70.9412	
22	25	28.169	-24.89	104.925	
22	27	25.398	-26.038	174.942	
22	29	25.789	-23.063	107.537	
9485	12	12:59:40:211:259:840	400.837
7	5	-16.269	15.758	11.3257	
7	17	-13.497	16.906	18.2183	
7	21	-10.334	21.029	10.7334	
7	23	-7.954	19.202	45.1449	
7	29	-10.726	18.054	24.1838	
8	3	-4.791	23.325	68.8756	
8	6	-5.574	17.376	19.4975	
8	9	-7.562	22.177	65.7004	
8	11	-5.182	20.351	63.3607	
8	13	-2.411	21.499	14.9074	
8	15	-2.019	24.473	47.8408	
8	18	0.361	22.647	11.0491	
9486	8	12:59:40:228:216:590	105.467
2	3	1.597	-7.775	12.3326	
2	6	0.814	-13.724	10.0031	
2	7	-0.783	-5.949	7.77906	
2	8	0.422	-16.698	8.38822	
2	9	-1.175	-8.923	19.2697	
6	21	-3.946	-10.071	9.0939	
6	23	-1.566	-11.897	19.2227	
6	25	-1.958	-14.872	19.378	
9490	4	12:59:40:250:041:390	56.3628
9	17	-25.367	6.366	7.35674	
9	19	-24.975	9.34	14.0819	
9	27	-22.987	4.539	14.8273	
9	29	-22.595	7.514	20.0969	
9499	5	12:59:40:341:900:620	83.6183
14	19	19.762	30.683	10.15	
14	20	24.131	24.056	13.3733	
14	21	22.534	31.831	20.7208	
14	27	21.751	25.882	19.631	
14	29	22.143	28.857	19.7433	
9500	4	12:59:40:360:487:160	55.9241
20	20	-29.735	12.992	11.3881	
20	22	-27.355	11.166	16.8594	
20	24	-27.747	8.192	16.4378	
20	28	-30.127	10.018	11.2388	
9519	6	12:59:40:641:562:070	120.335
9	12	-24.553	-7.358	12.0868	
9	13	-26.15	0.417	30.6292	
9	14	-24.162	-4.384	14.0498	
9	15	-25.758	3.391	43.4944	
9	16	-23.77	-1.409	7.98933	
9	18	-23.378	1.565	12.0851	
9533	11	12:59:40:784:253:720	284.771
5	9	-22.173	-9.184	10.6347	
9	2	-26.933	-5.532	37.7223	
9	4	-26.542	-2.557	9.0351	
9	6	-29.313	-3.706	7.61732	
9	8	-29.705	-6.68	7.71478	
9	10	-27.325	-8.506	39.907	
9	11	-28.922	-0.731	14.572	
9	12	-24.553	-7.358	81.3624	
9	14	-24.162	-4.384	49.2975	
21	19	-27.716	-11.481	9.52458	
21	21	-24.945	-10.332	17.3837	
9542	4	12:59:40:828:911:970	75.3205
21	19	-27.716	-11.481	18.6237	
21	21	-24.945	-10.332	34.4359	
21	23	-22.565	-12.159	11.1734	
21	29	-25.336	-13.307	11.0875	
9546	7	12:59:40:893:227:400	172.309
5	7	-21.782	-6.21	35.9352	
5	9	-22.173	-9.184	42.6522	
9	12	-24.553	-7.358	38.3135	
9	14	-24.162	-4.384	10.1764	
9	26	-21.39	-3.236	14.5109	
21	21	-24.945	-10.332	22.8669	
21	23	-22.565	-12.159	7.85329	
9556	4	12:59:40:993:470:380	108.611
5	5	-19.01	-5.062	9.36979	
9	4	-26.542	-2.557	18.6768	
9	14	-24.162	-4.384	36.6914	
9	26	-21.39	-3.236	43.8734	
9581	4	12:59:41:318:671:230	59.7877
5	3	-19.401	-8.036	13.7193	
5	5	-19.01	-5.062	13.8957	
5	15	-16.63	-6.888	24.3752	
5	27	-13.858	-5.74	7.79747	
9582	6	12:59:41:327:291:410	147.615
3	4	6.326	8.245	12.3811	
3	16	9.098	9.393	39.4952	
3	18	9.49	12.367	17.8444	
3	24	14.25	8.715	11.8966	
3	26	11.478	7.567	37.5415	
3	28	11.87	10.541	28.4564	
9587	14	12:59:41:445:357:650	201.815
11	3	4.791	-23.325	8.08039	
11	4	6.779	-28.125	13.9934	
11	5	5.182	-20.351	14.3479	
11	13	7.171	-25.151	16.7324	
11	14	9.159	-29.952	9.18109	
11	15	7.562	-22.177	9.61648	
11	16	9.551	-26.977	15.1299	
11	18	9.942	-24.003	14.9074	
11	24	14.703	-27.656	9.26078	
11	26	11.931	-28.804	24.9011	
11	28	12.322	-25.829	12.8515	
22	9	17.083	-29.482	14.6237	
22	11	19.463	-31.308	26.1878	
22	13	22.234	-30.16	12.0013	
9588	6	12:59:41:446:816:670	67.0323
5	4	-17.413	-12.837	7.70735	
5	9	-22.173	-9.184	11.5051	
5	11	-19.793	-11.011	16.6256	
9	10	-27.325	-8.506	9.16871	
21	21	-24.945	-10.332	14.4914	
21	23	-22.565	-12.159	7.53405	
9592	6	12:59:41:488:379:620	88.2003
4	22	23.77	1.409	12.4492	
4	24	23.378	-1.565	16.7334	
4	26	20.607	-2.713	12.3096	
10	19	20.215	-5.687	8.20727	
10	21	22.987	-4.539	30.7553	
10	23	25.367	-6.366	7.74569	
9593	4	12:59:41:496:805:450	38.5184
4	2	15.064	-5.009	8.36608	
4	4	15.455	-2.035	14.4311	
4	13	15.847	0.94	8.23368	
4	14	17.835	-3.861	7.48754	
9596	4	12:59:41:532:342:270	67.7464
11	22	15.094	-24.681	13.6687	
11	24	14.703	-27.656	20.4781	
22	7	17.474	-26.508	13.8042	
22	9	17.083	-29.482	19.7955	
9600	5	12:59:41:555:162:630	80.8685
11	9	2.019	-24.473	7.89939	
18	19	-3.524	-26.769	12.2756	
18	21	-0.753	-25.621	37.571	
18	23	1.627	-27.447	13.7919	
18	29	-1.144	-28.595	9.33058	
9604	8	12:59:41:579:280:850	119.078
4	4	15.455	-2.035	11.652	
4	11	13.075	-0.208	11.5506	
4	13	15.847	0.94	24.8481	
4	15	16.238	3.914	10.0825	
4	16	18.227	-0.887	32.936	
4	18	18.618	2.088	7.56924	
4	26	20.607	-2.713	8.18601	
4	28	20.998	0.261	12.2535	
9607	7	12:59:41:627:902:130	175.69
2	21	7.923	0.47	11.5791	
2	23	10.303	-1.356	7.5463	
4	3	13.467	2.766	60.7944	
4	7	11.087	4.592	8.97083	
4	9	10.695	1.618	54.556	
4	11	13.075	-0.208	15.9615	
4	15	16.238	3.914	16.2818	
9615	7	12:59:41:710:029:300	85.4828
6	15	-7.501	-17.168	10.9956	
6	18	-5.121	-18.994	8.04219	
6	20	-2.349	-17.846	7.19049	
6	23	-1.566	-11.897	19.2574	
6	25	-1.958	-14.872	9.70616	
6	27	-4.73	-16.02	18.6217	
6	29	-4.338	-13.045	11.6693	
9622	6	12:59:41:803:743:270	85.1858
11	3	4.791	-23.325	14.3823	
11	5	5.182	-20.351	14.9775	
11	7	2.411	-21.499	9.66184	
11	11	4.399	-26.299	11.0387	
11	15	7.562	-22.177	26.2909	
11	17	7.954	-19.202	8.83455	
9643	6	12:59:42:039:367:280	78.3423
11	2	6.388	-31.1	9.53691	
11	4	6.779	-28.125	29.7636	
11	6	4.008	-29.274	9.05278	
11	11	4.399	-26.299	11.701	
11	13	7.171	-25.151	8.59674	
11	16	9.551	-26.977	9.69122	
9645	4	12:59:42:044:600:550	48.2512
6	4	-8.284	-23.116	13.7514	
6	6	-11.056	-24.264	9.12875	
6	9	-13.044	-19.464	10.0597	
6	11	-10.664	-21.29	15.3114	
9663	7	12:59:42:260:970:170	185.696
10	23	25.367	-6.366	15.231	
12	2	30.127	-10.018	18.8543	
12	4	30.519	-7.044	13.1277	
12	6	27.747	-8.192	17.1331	
12	9	25.758	-3.391	50.3338	
12	11	28.139	-5.217	47.5625	
12	12	32.507	-11.844	23.4537	
9687	8	12:59:42:467:040:970	159.984
4	24	23.378	-1.565	31.4093	
4	26	20.607	-2.713	11.8819	
10	19	20.215	-5.687	15.0331	
10	21	22.987	-4.539	33.6939	
10	23	25.367	-6.366	10.3493	
10	25	24.975	-9.34	9.2787	
10	27	22.204	-10.488	8.21869	
10	29	22.595	-7.514	40.1187	
9723	9	12:59:42:830:672:880	714.781
11	2	6.388	-31.1	34.914	
11	4	6.779	-28.125	168.909	
11	10	5.996	-34.074	9.52419	
11	11	4.399	-26.299	23.8712	
11	12	8.768	-32.926	41.7142	
11	13	7.171	-25.151	16.403	
11	14	9.159	-29.952	325.915	
11	16	9.551	-26.977	63.7885	
11	26	11.931	-28.804	29.7416	
9724	6	12:59:42:841:744:750	118.558
7	9	-19.432	11.636	10.3876	
7	11	-17.052	9.81	21.6594	
9	21	-22.204	10.488	26.367	
9	23	-19.824	8.662	18.5814	
15	8	-26.964	14.14	9.8739	
15	10	-24.584	12.314	31.6892	
9739	6	12:59:42:971:273:110	69.4068
11	3	4.791	-23.325	7.11384	
11	5	5.182	-20.351	11.2662	
11	15	7.562	-22.177	14.1453	
11	17	7.954	-19.202	7.16199	
11	25	13.106	-19.881	8.38482	
11	27	10.334	-21.029	21.3346	
9744	13	12:59:42:997:140:840	303.936
4	20	21.39	3.236	8.54941	
4	22	23.77	1.409	23.1528	
12	5	28.922	0.731	12.8071	
12	17	31.693	1.879	19.4771	
12	19	32.085	4.854	38.219	
12	21	34.857	6.002	25.9461	
12	23	37.237	4.175	23.0357	
12	29	34.465	3.027	21.0688	
13	2	26.933	5.532	14.3167	
13	8	24.162	4.384	8.62435	
13	10	26.542	2.558	44.9931	
13	12	29.313	3.706	53.6175	
13	14	29.705	6.68	10.1288	
9751	7	12:59:43:049:367:040	117.583
12	3	28.53	-2.243	7.86466	
12	6	27.747	-8.192	16.1097	
12	8	27.355	-11.166	23.6602	
12	11	28.139	-5.217	18.4965	
12	13	30.91	-4.069	7.13095	
12	15	31.302	-1.095	22.524	
12	17	31.693	1.879	21.7966	
9755	7	12:59:43:089:394:770	82.2791
5	3	-19.401	-8.036	12.4093	
5	7	-21.782	-6.21	16.8059	
5	9	-22.173	-9.184	11.1645	
9	14	-24.162	-4.384	8.34536	
9	16	-23.77	-1.409	8.58113	
9	26	-21.39	-3.236	15.4647	
9	28	-20.998	-0.261	9.50825	
9757	8	12:59:43:090:961:660	148.098
5	7	-21.782	-6.21	21.5689	
5	9	-22.173	-9.184	26.3785	
9	4	-26.542	-2.557	29.9786	
9	11	-28.922	-0.731	10.629	
9	12	-24.553	-7.358	8.97404	
9	13	-26.15	0.417	7.95824	
9	14	-24.162	-4.384	28.7686	
9	16	-23.77	-1.409	13.8416	
9758	9	12:59:43:097:257:200	318.838
15	21	-19.463	31.308	30.0114	
15	22	-15.486	21.707	12.2307	
15	23	-17.083	29.482	35.2006	
15	25	-17.474	26.508	41.747	
19	2	-12.322	25.829	15.9829	
19	4	-11.931	28.804	14.2359	
19	6	-14.703	27.656	28.8767	
19	8	-15.094	24.681	82.0886	
19	10	-12.714	22.855	58.464	
9764	10	12:59:43:178:917:030	217.673
7	2	-15.064	5.009	13.6271	
7	4	-14.672	7.983	15.4208	
7	10	-15.455	2.035	14.3712	
7	12	-12.683	3.183	13.4614	
7	14	-12.292	6.157	32.8606	
7	16	-11.9	9.131	43.8179	
7	18	-11.509	12.106	14.9019	
7	20	-8.737	13.254	27.4655	
7	26	-9.52	7.305	16.124	
7	28	-9.129	10.279	25.6231	
9767	14	12:59:43:223:597:810	216.833
17	10	-14.611	-31.361	20.8076	
17	12	-16.208	-23.586	8.99827	
17	15	-19.371	-27.709	7.25938	
17	17	-18.979	-24.734	25.1861	
17	19	-18.588	-21.76	12.2808	
17	20	-14.219	-28.387	19.9198	
17	22	-11.839	-30.213	12.6006	
17	24	-12.231	-33.187	21.84	
17	27	-16.599	-26.561	21.8271	
18	9	-9.851	-35.014	16.8264	
21	20	-23.348	-18.107	16.6021	
21	22	-20.968	-19.934	12.0875	
21	24	-21.359	-22.908	11.7775	
21	25	-22.956	-15.133	8.81973	
9776	34	12:59:43:329:140:340	1502.21
9	3	-28.53	2.243	33.3712	
9	4	-26.542	-2.557	18.3575	
9	5	-28.139	5.217	49.4013	
9	11	-28.922	-0.731	18.5492	
9	12	-24.553	-7.358	16.5904	
9	13	-26.15	0.417	34.9427	
9	14	-24.162	-4.384	12.0427	
9	15	-25.758	3.391	28.8558	
9	17	-25.367	6.366	17.5116	
9	18	-23.378	1.565	10.3363	
9	19	-24.975	9.34	19.8574	
9	29	-22.595	7.514	9.36368	
15	2	-24.192	15.289	9.60761	
15	3	-25.789	23.063	7.17827	
15	6	-26.572	17.115	35.0311	
15	7	-28.169	24.89	46.8761	
15	8	-26.964	14.14	41.6532	
15	9	-28.561	21.915	92.6786	
15	10	-24.584	12.314	11.1377	
15	11	-26.181	20.089	15.4327	
20	16	-32.899	8.87	15.3569	
20	17	-34.496	16.645	9.65598	
20	18	-32.507	11.844	12.293	
20	19	-34.104	19.619	20.2335	
20	20	-29.735	12.992	119.841	
20	21	-31.332	20.767	139.319	
20	22	-27.355	11.166	60.9816	
20	23	-28.952	18.941	168.17	
20	24	-27.747	8.192	72.7807	
20	25	-29.344	15.967	163.215	
20	26	-30.519	7.044	26.5089	
20	27	-32.116	14.819	48.9006	
20	28	-30.127	10.018	40.8526	
20	29	-31.724	17.793	75.3202	
9780	6	12:59:43:360:734:490	114.388
4	21	19.793	11.011	24.7299	
4	23	22.173	9.184	43.8809	
4	25	21.782	6.21	12.88	
13	6	24.553	7.358	7.56001	
13	9	22.565	12.159	11.8624	
13	11	24.945	10.332	13.4753	
9782	5	12:59:43:372:012:390	63.4273
5	12	-15.425	-17.638	18.1209	
5	14	-15.033	-14.663	15.7984	
6	7	-12.653	-16.49	11.963	
6	9	-13.044	-19.464	9.46324	
17	21	-15.816	-20.612	8.08181	
9788	15	12:59:43:430:899:170	638.632
1	7	-9.912	4.331	13.6716	
1	9	-10.303	1.356	10.2065	
5	15	-16.63	-6.888	9.78041	
5	17	-16.238	-3.914	30.0881	
5	18	-14.25	-8.715	9.22625	
5	19	-15.847	-0.94	44.2342	
5	21	-13.075	0.208	148.732	
5	23	-10.695	-1.618	10.7769	
5	25	-11.087	-4.592	26.0221	
5	27	-13.858	-5.74	30.6567	
5	29	-13.467	-2.766	87.7204	
7	2	-15.064	5.009	9.75272	
7	10	-15.455	2.035	34.0234	
7	12	-12.683	3.183	157.014	
7	14	-12.292	6.157	16.7271	
9798	19	12:59:43:555:139:530	580.027
9	19	-24.975	9.34	21.1552	
15	2	-24.192	15.289	59.1106	
15	3	-25.789	23.063	44.6444	
15	4	-23.801	18.263	49.9081	
15	5	-25.398	26.038	33.43	
15	6	-26.572	17.115	64.6877	
15	7	-28.169	24.89	14.9769	
15	8	-26.964	14.14	37.5208	
15	9	-28.561	21.915	10.1353	
15	10	-24.584	12.314	41.1536	
15	11	-26.181	20.089	57.8819	
15	12	-21.812	13.462	8.13709	
15	13	-23.409	21.237	32.8321	
15	15	-23.017	24.212	35.4088	
15	17	-22.626	27.186	7.87694	
15	19	-22.234	30.16	14.3361	
20	22	-27.355	11.166	18.7327	
20	23	-28.952	18.941	11.9498	
20	25	-29.344	15.967	16.149	
9800	10	12:59:43:561:554:400	468.569
5	3	-19.401	-8.036	120.774	
5	5	-19.01	-5.062	36.4131	
5	6	-20.185	-13.985	9.52869	
5	7	-21.782	-6.21	11.0749	
5	9	-22.173	-9.184	74.859	
5	11	-19.793	-11.011	50.3005	
5	17	-16.238	-3.914	8.1277	
21	21	-24.945	-10.332	7.11013	
21	23	-22.565	-12.159	138.189	
21	25	-22.956	-15.133	12.1929	
9801	6	12:59:43:563:838:580	91.6636
11	3	4.791	-23.325	15.2329	
11	4	6.779	-28.125	21.0567	
11	9	2.019	-24.473	15.6641	
11	11	4.399	-26.299	22.9605	
11	13	7.171	-25.151	9.22256	
11	14	9.159	-29.952	7.52684	
9822	9	12:59:43:869:113:710	231.252
13	3	25.336	13.307	28.7693	
13	4	27.325	8.506	9.3564	
13	5	25.728	16.281	11.6462	
13	7	22.956	15.133	9.50348	
13	13	27.716	11.481	67.3551	
13	15	28.108	14.455	20.3296	
13	16	30.096	9.654	49.4814	
13	18	30.488	12.629	18.9598	
13	26	32.477	7.828	15.8512	
9823	11	12:59:43:873:591:810	154.102
8	3	-4.791	23.325	9.93256	
8	5	-4.399	26.299	14.611	
8	9	-7.562	22.177	18.9752	
8	11	-5.182	20.351	17.4751	
8	13	-2.411	21.499	9.86393	
8	15	-2.019	24.473	23.3984	
8	17	-1.627	27.447	11.5852	
8	21	1.536	31.57	10.7852	
8	23	3.916	29.743	15.435	
8	27	0.753	25.621	12.7016	
8	29	1.144	28.595	9.33904	
9825	4	12:59:43:922:385:800	50.3202
10	19	20.215	-5.687	11.8152	
10	25	24.975	-9.34	13.2461	
10	27	22.204	-10.488	7.28883	
10	29	22.595	-7.514	17.97	
9826	4	12:59:43:926:496:860	73.7981
19	2	-12.322	25.829	25.7431	
19	10	-12.714	22.855	13.6513	
19	12	-9.942	24.003	15.1654	
19	14	-9.551	26.977	19.2383	
9838	22	12:59:44:047:919:690	601.543
1	17	-4.369	6.627	14.5976	
1	19	-3.977	9.601	13.4956	
1	21	-1.205	10.749	19.7572	
1	29	-1.597	7.775	12.5378	
3	3	4.338	13.045	8.61569	
3	7	1.958	14.872	20.1797	
3	9	1.566	11.897	8.31146	
8	12	-0.814	13.724	24.4314	
8	14	-0.422	16.698	34.8192	
8	15	-2.019	24.473	13.9408	
8	16	-0.031	19.672	19.9113	
8	17	-1.627	27.447	12.1776	
8	18	0.361	22.647	16.1686	
8	20	3.133	23.795	101.237	
8	22	5.513	21.968	33.8758	
8	24	5.121	18.994	10.3171	
8	25	3.524	26.769	39.1442	
8	26	2.349	17.846	49.2899	
8	27	0.753	25.621	16.1054	
8	28	2.741	20.82	83.7222	
16	6	6.296	27.917	14.0586	
16	8	5.904	24.943	34.8482	
9845	5	12:59:44:132:110:870	56.4306
9	3	-28.53	2.243	11.9836	
9	11	-28.922	-0.731	7.23455	
9	13	-26.15	0.417	15.4483	
9	16	-23.77	-1.409	14.2361	
9	26	-21.39	-3.236	7.52796	
9855	12	12:59:44:216:288:270	281.861
4	2	15.064	-5.009	9.2503	
4	4	15.455	-2.035	11.4846	
4	12	17.444	-6.835	16.5733	
4	14	17.835	-3.861	18.0863	
4	16	18.227	-0.887	15.0411	
4	24	23.378	-1.565	33.9811	
4	26	20.607	-2.713	104.13	
4	28	20.998	0.261	20.8072	
10	5	17.052	-9.81	8.42357	
10	7	14.28	-10.958	15.3972	
10	19	20.215	-5.687	15.2281	
10	21	22.987	-4.539	13.4575	
9859	4	12:59:44:253:618:410	58.2327
1	23	1.175	8.923	8.2525	
1	25	0.783	5.949	31.8882	
1	27	-1.988	4.801	17.0221	
3	6	3.555	7.097	9.32237	
9861	4	12:59:44:265:029:630	76.3756
9	5	-28.139	5.217	18.8517	
9	15	-25.758	3.391	12.1461	
20	24	-27.747	8.192	25.3135	
20	28	-30.127	10.018	20.0643	
9867	30	12:59:44:392:032:350	3180.96
10	2	18.257	-20.559	8.62318	
10	3	16.66	-12.784	519.251	
10	4	18.649	-17.585	31.7159	
10	5	17.052	-9.81	22.4251	
10	6	15.877	-18.733	14.1726	
10	7	14.28	-10.958	21.7124	
10	9	13.889	-13.932	417.545	
10	11	16.269	-15.758	148.615	
10	13	19.04	-14.61	419.243	
10	14	21.029	-19.411	17.6125	
10	15	19.432	-11.636	117.943	
10	16	21.421	-16.437	92.5592	
10	17	19.824	-8.662	11.5336	
10	18	21.812	-13.462	316.937	
10	20	24.584	-12.314	145.93	
10	22	26.964	-14.14	260.558	
10	24	26.572	-17.115	50.2363	
10	25	24.975	-9.34	28.2521	
10	26	23.801	-18.263	30.1201	
10	27	22.204	-10.488	29.8752	
10	28	24.192	-15.289	176.72	
11	21	11.117	-15.08	11.8969	
12	2	30.127	-10.018	16.5858	
12	4	30.519	-7.044	8.24621	
12	6	27.747	-8.192	11.6279	
12	8	27.355	-11.166	30.8507	
12	10	29.735	-12.992	128.864	
12	12	32.507	-11.844	62.3121	
12	14	32.899	-8.87	17.1008	
12	16	33.29	-5.896	11.8992	
9875	4	12:59:44:500:633:920	45.0767
8	23	3.916	29.743	9.53471	
16	2	8.676	26.091	11.2356	
16	4	9.067	29.065	8.61475	
16	6	6.296	27.917	15.6916	
9876	8	12:59:44:557:990:350	146.136
10	15	19.432	-11.636	7.95343	
10	18	21.812	-13.462	8.23452	
10	20	24.584	-12.314	29.9593	
10	22	26.964	-14.14	9.81987	
10	25	24.975	-9.34	22.4609	
10	27	22.204	-10.488	32.9347	
12	6	27.747	-8.192	9.29883	
12	8	27.355	-11.166	25.475	
9882	5	12:59:44:593:436:920	95.9909
12	19	32.085	4.854	12.7764	
13	10	26.542	2.558	12.2099	
13	12	29.313	3.706	24.7465	
13	14	29.705	6.68	32.0674	
13	16	30.096	9.654	14.1906	
9884	16	12:59:44:627:340:790	488.267
8	21	1.536	31.57	10.9447	
8	23	3.916	29.743	7.37533	
8	25	3.524	26.769	12.7954	
16	2	8.676	26.091	18.7141	
16	3	7.079	33.866	63.9661	
16	4	9.067	29.065	38.9489	
16	5	7.471	36.84	15.1675	
16	6	6.296	27.917	16.6857	
16	7	4.699	35.692	58.6761	
16	8	5.904	24.943	7.60324	
16	9	4.307	32.718	100.84	
16	10	8.284	23.116	7.58142	
16	11	6.687	30.891	85.3482	
16	13	9.459	32.039	21.3549	
16	14	11.448	27.239	11.1454	
16	16	11.839	30.213	11.1197	
9894	5	12:59:44:755:694:910	236.388
6	20	-2.349	-17.846	103.694	
6	21	-3.946	-10.071	18.3594	
6	25	-1.958	-14.872	21.0929	
6	27	-4.73	-16.02	26.1351	
6	29	-4.338	-13.045	67.1063	
9896	25	12:59:44:764:739:330	1309.61
10	16	21.421	-16.437	9.63823	
10	17	19.824	-8.662	7.39505	
10	18	21.812	-13.462	13.1083	
10	20	24.584	-12.314	167.754	
10	22	26.964	-14.14	290.806	
10	23	25.367	-6.366	18.0299	
10	24	26.572	-17.115	147.798	
10	25	24.975	-9.34	118.526	
10	26	23.801	-18.263	20.8783	
10	27	22.204	-10.488	52.8216	
10	28	24.192	-15.289	52.8237	
10	29	22.595	-7.514	39.4513	
12	2	30.127	-10.018	17.6271	
12	6	27.747	-8.192	12.5102	
12	8	27.355	-11.166	80.9789	
12	9	25.758	-3.391	16.6964	
12	10	29.735	-12.992	40.9641	
12	11	28.139	-5.217	8.37368	
12	12	32.507	-11.844	15.5062	
22	19	23.409	-21.237	9.42634	
22	21	26.181	-20.089	38.0117	
22	23	28.561	-21.915	85.4881	
22	25	28.169	-24.89	18.86	
22	27	25.398	-26.038	7.53443	
22	29	25.789	-23.063	18.599	
9902	6	12:59:44:887:063:310	74.7255
6	2	-8.676	-26.091	15.3604	
6	12	-6.296	-27.917	7.25303	
6	14	-5.904	-24.943	9.99233	
18	17	-3.916	-29.743	12.7466	
18	19	-3.524	-26.769	17.0647	
18	29	-1.144	-28.595	12.3084	
9904	7	12:59:44:914:534:440	121.799
3	19	7.893	20.142	24.3475	
3	23	13.044	19.464	7.22419	
3	25	12.653	16.49	11.0548	
3	29	10.273	18.316	21.7081	
8	20	3.133	23.795	29.664	
8	22	5.513	21.968	16.4615	
8	28	2.741	20.82	11.3391	
9909	9	12:59:45:023:870:900	307.504
1	23	1.175	8.923	7.46164	
3	3	4.338	13.045	23.9711	
3	6	3.555	7.097	13.0229	
3	7	1.958	14.872	18.317	
3	9	1.566	11.897	75.4118	
3	11	3.946	10.071	20.1457	
3	13	6.718	11.219	18.4582	
8	10	-3.585	12.576	10.0498	
8	12	-0.814	13.724	128.128	
9910	8	12:59:45:057:290:920	246.998
4	19	17.021	9.863	18.9989	
4	21	19.793	11.011	65.1366	
4	23	22.173	9.184	24.7911	
4	25	21.782	6.21	12.4886	
4	29	19.401	8.036	68.6505	
14	2	17.805	15.811	12.8556	
14	10	17.413	12.837	30.4319	
14	12	20.185	13.985	13.6445	
9915	16	12:59:45:141:445:510	288.506
10	23	25.367	-6.366	13.441	
10	25	24.975	-9.34	15.6778	
12	3	28.53	-2.243	9.31423	
12	9	25.758	-3.391	7.99891	
12	11	28.139	-5.217	36.807	
12	13	30.91	-4.069	38.1822	
12	14	32.899	-8.87	14.9281	
12	15	31.302	-1.095	15.426	
12	16	33.29	-5.896	9.72296	
12	18	33.682	-2.921	22.2715	
12	20	36.453	-1.773	18.8509	
12	23	37.237	4.175	7.41032	
12	25	36.845	1.201	24.7281	
12	26	35.67	-7.722	16.4419	
12	27	34.073	0.053	20.3265	
12	28	36.062	-4.748	16.9791	
9917	31	12:59:45:152:329:170	1410.68
7	3	-16.66	12.784	15.4287	
7	5	-16.269	15.758	10.5434	
7	7	-19.04	14.61	10.756	
7	9	-19.432	11.636	22.7522	
7	15	-13.889	13.932	8.37053	
9	5	-28.139	5.217	32.1154	
9	7	-30.91	4.069	44.0356	
9	9	-31.302	1.095	13.756	
9	15	-25.758	3.391	12.3919	
9	17	-25.367	6.366	18.2347	
9	19	-24.975	9.34	52.8881	
9	21	-22.204	10.488	52.9013	
9	23	-19.824	8.662	15.1314	
9	27	-22.987	4.539	15.0689	
9	29	-22.595	7.514	22.8996	
15	2	-24.192	15.289	7.59751	
15	10	-24.584	12.314	18.2361	
15	12	-21.812	13.462	9.30458	
20	2	-36.062	4.748	198.893	
20	4	-35.67	7.722	53.1987	
20	6	-38.442	6.574	30.078	
20	8	-38.834	3.6	49.4264	
20	10	-36.453	1.773	25.2849	
20	12	-33.682	2.921	44.5331	
20	14	-33.29	5.896	231.604	
20	16	-32.899	8.87	54.7433	
20	20	-29.735	12.992	10.665	
20	22	-27.355	11.166	27.0955	
20	24	-27.747	8.192	92.0587	
20	26	-30.519	7.044	176.627	
20	28	-30.127	10.018	34.061	
9926	4	12:59:45:234:891:880	70.5057
6	16	-5.513	-21.968	13.9789	
6	24	-0.361	-22.647	23.0403	
6	26	-3.133	-23.795	18.6836	
6	28	-2.741	-20.82	14.8029	
9931	4	12:59:45:264:920:250	66.4954
10	3	16.66	-12.784	32.1981	
10	5	17.052	-9.81	13.0476	
10	7	14.28	-10.958	13.1837	
10	11	16.269	-15.758	8.06593	
9935	5	12:59:45:286:462:130	65.3163
4	21	19.793	11.011	9.01994	
4	23	22.173	9.184	12.5877	
13	3	25.336	13.307	10.5133	
13	9	22.565	12.159	14.8377	
13	11	24.945	10.332	18.3576	
9943	10	12:59:45:378:515:730	201.284
7	3	-16.66	12.784	8.22862	
7	5	-16.269	15.758	13.2643	
7	7	-19.04	14.61	18.4001	
15	2	-24.192	15.289	39.4525	
15	4	-23.801	18.263	16.7096	
15	6	-26.572	17.115	53.0106	
15	8	-26.964	14.14	11.7024	
15	14	-21.421	16.437	10.4711	
15	16	-21.029	19.411	7.3571	
20	25	-29.344	15.967	22.6873	
9944	6	12:59:45:382:426:150	89.2995
1	5	-7.14	5.479	12.7086	
1	13	-5.152	0.678	10.6712	
1	15	-4.76	3.653	21.588	
1	17	-4.369	6.627	25.5031	
1	18	-2.38	1.826	9.72471	
1	27	-1.988	4.801	9.10405	
9945	6	12:59:45:402:376:160	101.575
1	15	-4.76	3.653	9.911	
1	18	-2.38	1.826	18.2274	
1	20	0.392	2.974	27.1702	
1	22	2.772	1.148	14.8667	
1	27	-1.988	4.801	12.2085	
1	28	0	0	19.1917	
9953	8	12:59:45:438:873:710	179.749
2	19	5.152	-0.678	9.31056	
2	21	7.923	0.47	20.2891	
2	23	10.303	-1.356	17.3404	
3	2	5.935	5.27	28.153	
3	8	3.163	4.122	41.8308	
3	10	5.543	2.296	40.9147	
4	9	10.695	1.618	14.5839	
4	11	13.075	-0.208	7.32657	
9961	4	12:59:45:511:453:790	59.6442
13	14	29.705	6.68	11.0534	
13	24	35.248	8.976	14.2458	
13	26	32.477	7.828	26.4316	
13	28	32.868	10.802	7.91337	
9973	4	12:59:45:677:788:550	53.5687
8	16	-0.031	19.672	7.69126	
8	18	0.361	22.647	7.97087	
8	24	5.121	18.994	22.1865	
8	28	2.741	20.82	15.7201	
9974	5	12:59:45:679:693:790	61.3653
19	2	-12.322	25.829	15.301	
19	4	-11.931	28.804	9.78716	
19	6	-14.703	27.656	11.6309	
19	10	-12.714	22.855	14.8546	
19	14	-9.551	26.977	9.79169	
9981	4	12:59:45:766:293:220	73.0567
14	2	17.805	15.811	13.8912	
14	10	17.413	12.837	17.6711	
14	12	20.185	13.985	27.6844	
14	14	20.576	16.959	13.8099	
9982	4	12:59:45:776:237:980	81.9343
12	3	28.53	-2.243	27.6959	
12	9	25.758	-3.391	20.5387	
12	11	28.139	-5.217	17.9755	
12	13	30.91	-4.069	15.7242	
10007	4	12:59:46:042:124:600	109.246
9	2	-26.933	-5.532	11.3362	
9	8	-29.705	-6.68	27.9581	
9	10	-27.325	-8.506	61.9712	
9	12	-24.553	-7.358	7.9806	
10012	21	12:59:46:083:629:450	472.283
2	6	0.814	-13.724	11.0068	
2	8	0.422	-16.698	20.5106	
6	2	-8.676	-26.091	8.56827	
6	4	-8.284	-23.116	7.63964	
6	10	-9.067	-29.065	16.1843	
6	12	-6.296	-27.917	25.2854	
6	14	-5.904	-24.943	31.1476	
6	20	-2.349	-17.846	13.8719	
6	24	-0.361	-22.647	7.22693	
6	25	-1.958	-14.872	8.09418	
6	26	-3.133	-23.795	51.6632	
6	28	-2.741	-20.82	35.3047	
18	3	-7.079	-33.866	43.3845	
18	5	-6.687	-30.891	49.8069	
18	7	-9.459	-32.039	24.4617	
18	9	-9.851	-35.014	23.5156	
18	11	-7.471	-36.84	31.998	
18	13	-4.699	-35.692	13.6034	
18	15	-4.307	-32.718	16.1201	
18	17	-3.916	-29.743	14.097	
18	19	-3.524	-26.769	18.7923	
10013	16	12:59:46:086:763:500	436.864
4	21	19.793	11.011	10.3846	
13	3	25.336	13.307	26.8336	
13	5	25.728	16.281	41.4169	
13	7	22.956	15.133	20.1949	
13	9	22.565	12.159	10.6259	
13	15	28.108	14.455	51.6665	
13	17	28.5	17.429	45.1317	
13	19	28.891	20.404	9.44545	
13	21	31.663	21.552	10.3211	
13	23	34.043	19.725	24.7637	
13	25	33.651	16.751	46.0385	
13	27	30.88	15.603	58.1496	
13	29	31.271	18.577	38.0425	
14	12	20.185	13.985	17.5994	
14	24	26.119	19.255	16.6054	
14	26	23.348	18.107	9.64403	
10019	5	12:59:46:199:040:110	80.4067
3	4	6.326	8.245	12.9553	
3	9	1.566	11.897	7.05618	
3	11	3.946	10.071	30.626	
3	13	6.718	11.219	16.8888	
3	16	9.098	9.393	12.8805	
10021	10	12:59:46:204:118:000	121.063
4	2	15.064	-5.009	12.039	
4	10	14.672	-7.983	11.6668	
4	12	17.444	-6.835	14.1494	
4	14	17.835	-3.861	9.29959	
4	26	20.607	-2.713	16.8607	
4	28	20.998	0.261	8.75735	
10	5	17.052	-9.81	17.704	
10	7	14.28	-10.958	8.3985	
10	17	19.824	-8.662	12.5173	
10	19	20.215	-5.687	9.66995	
10023	37	12:59:46:228:623:390	1392.6
1	3	-7.532	2.505	26.1723	
1	5	-7.14	5.479	7.51622	
1	7	-9.912	4.331	7.85467	
1	9	-10.303	1.356	23.0446	
1	11	-7.923	-0.47	7.59644	
1	13	-5.152	0.678	30.915	
1	15	-4.76	3.653	15.9657	
1	16	-2.772	-1.148	19.8702	
1	18	-2.38	1.826	50.9644	
1	20	0.392	2.974	29.3492	
1	22	2.772	1.148	101.198	
1	24	2.38	-1.826	11.2233	
1	25	0.783	5.949	7.57132	
1	28	0	0	53.1319	
2	19	5.152	-0.678	118.099	
2	21	7.923	0.47	116.139	
2	23	10.303	-1.356	82.913	
2	25	9.912	-4.331	8.39738	
2	29	7.532	-2.505	25.7735	
3	2	5.935	5.27	11.8848	
3	8	3.163	4.122	13.6679	
3	10	5.543	2.296	36.0939	
3	12	8.315	3.444	11.853	
4	2	15.064	-5.009	8.53613	
4	3	13.467	2.766	19.6305	
4	4	15.455	-2.035	49.6214	
4	6	12.683	-3.183	14.0312	
4	9	10.695	1.618	70.174	
4	11	13.075	-0.208	183.405	
4	13	15.847	0.94	65.7592	
4	16	18.227	-0.887	83.0955	
4	18	18.618	2.088	9.08309	
4	24	23.378	-1.565	8.09236	
4	26	20.607	-2.713	20.6788	
4	28	20.998	0.261	17.8881	
7	2	-15.064	5.009	7.38134	
7	12	-12.683	3.183	18.0326	
10027	36	12:59:46:288:119:930	4052.41
6	2	-8.676	-26.091	11.535	
6	8	-11.448	-27.239	10.4095	
6	10	-9.067	-29.065	35.3703	
6	12	-6.296	-27.917	22.841	
6	14	-5.904	-24.943	9.99233	
6	26	-3.133	-23.795	15.6489	
11	2	6.388	-31.1	13.936	
11	6	4.008	-29.274	24.7791	
11	11	4.399	-26.299	19.8972	
17	10	-14.611	-31.361	23.6015	
17	16	-17.382	-32.509	26.3273	
17	18	-16.991	-29.535	25.1165	
17	20	-14.219	-28.387	10.182	
17	22	-11.839	-30.213	34.5825	
17	24	-12.231	-33.187	73.7524	
17	26	-15.002	-34.336	53.9546	
17	27	-16.599	-26.561	11.2733	
18	3	-7.079	-33.866	636.54	
18	5	-6.687	-30.891	62.2761	
18	7	-9.459	-32.039	93.7477	
18	9	-9.851	-35.014	467.332	
18	11	-7.471	-36.84	755.951	
18	13	-4.699	-35.692	770.522	
18	15	-4.307	-32.718	303.829	
18	16	-2.319	-37.518	82.1636	
18	17	-3.916	-29.743	41.2041	
18	18	-1.927	-34.544	193.292	
18	19	-3.524	-26.769	12.0938	
18	20	0.844	-33.396	42.4209	
18	22	3.224	-35.222	10.2262	
18	24	2.833	-38.197	32.3892	
18	25	1.236	-30.422	10.4714	
18	26	0.061	-39.345	18.0847	
18	27	-1.536	-31.57	37.9455	
18	28	0.453	-36.37	36.9147	
18	29	-1.144	-28.595	21.8044	
10037	5	12:59:46:332:762:330	91.8311
16	4	9.067	29.065	24.3841	
16	11	6.687	30.891	12.6947	
16	13	9.459	32.039	8.35167	
16	14	11.448	27.239	30.5551	
16	16	11.839	30.213	15.8456	
10045	4	12:59:46:407:035:020	40.398
21	11	-31.663	-21.552	7.41133	
21	13	-28.891	-20.404	14.0442	
21	15	-28.5	-17.429	11.5362	
21	18	-26.119	-19.255	7.40631	
10048	10	12:59:46:430:735:230	216.83
6	4	-8.284	-23.116	31.5236	
6	12	-6.296	-27.917	11.6209	
6	13	-7.893	-20.142	39.4438	
6	14	-5.904	-24.943	34.0742	
6	15	-7.501	-17.168	9.82943	
6	16	-5.513	-21.968	45.0389	
6	18	-5.121	-18.994	10.2355	
6	25	-1.958	-14.872	8.26567	
6	26	-3.133	-23.795	9.50631	
6	27	-4.73	-16.02	17.2916	
10049	12	12:59:46:438:795:140	234.041
11	3	4.791	-23.325	19.1378	
11	5	5.182	-20.351	15.0769	
11	7	2.411	-21.499	8.96549	
11	11	4.399	-26.299	7.69949	
11	13	7.171	-25.151	12.3846	
11	15	7.562	-22.177	54.1111	
11	17	7.954	-19.202	8.27703	
11	18	9.942	-24.003	45.5993	
11	20	12.714	-22.855	27.7707	
11	22	15.094	-24.681	7.9438	
11	27	10.334	-21.029	17.7575	
11	28	12.322	-25.829	9.31735	
10050	7	12:59:46:442:021:360	245.579
1	22	2.772	1.148	21.121	
1	24	2.38	-1.826	16.7441	
2	15	4.369	-6.627	8.93943	
2	17	4.76	-3.653	31.4996	
2	19	5.152	-0.678	101.125	
2	29	7.532	-2.505	7.14785	
3	10	5.543	2.296	59.0028	
10057	5	12:59:46:523:280:380	102.63
10	17	19.824	-8.662	7.83604	
10	19	20.215	-5.687	46.8546	
10	21	22.987	-4.539	25.045	
10	23	25.367	-6.366	12.0742	
10	29	22.595	-7.514	10.8201	
10059	4	12:59:46:547:183:210	56.9028
8	7	-7.171	25.151	11.575	
19	16	-9.159	29.952	17.6019	
19	24	-4.008	29.274	9.1839	
19	26	-6.779	28.125	18.5421	
10063	5	12:59:46:582:783:620	67.885
10	19	20.215	-5.687	12.8228	
10	21	22.987	-4.539	25.2788	
10	23	25.367	-6.366	11.3256	
10	29	22.595	-7.514	7.41996	
12	9	25.758	-3.391	11.0378	
10065	5	12:59:46:600:094:380	67.1993
9	11	-28.922	-0.731	9.25748	
9	13	-26.15	0.417	18.9259	
9	15	-25.758	3.391	13.5503	
9	18	-23.378	1.565	7.58832	
9	27	-22.987	4.539	17.8773	
10070	4	12:59:46:653:081:350	66.5517
8	14	-0.422	16.698	20.8648	
8	16	-0.031	19.672	17.9463	
8	18	0.361	22.647	14.9373	
8	26	2.349	17.846	12.8034	
10071	12	12:59:46:664:373:940	233.108
5	2	-17.805	-15.811	19.8151	
5	8	-20.576	-16.959	12.447	
5	10	-18.196	-18.786	35.6306	
5	12	-15.425	-17.638	37.3562	
5	14	-15.033	-14.663	21.7315	
5	24	-9.49	-12.367	19.6633	
5	26	-12.261	-13.515	10.2165	
21	16	-26.511	-22.23	8.74794	
21	18	-26.119	-19.255	10.8801	
21	20	-23.348	-18.107	7.79551	
21	22	-20.968	-19.934	30.4605	
21	28	-23.739	-21.082	18.3643	
10072	8	12:59:46:687:129:220	163.684
7	4	-14.672	7.983	29.1772	
7	6	-17.444	6.835	18.4296	
7	9	-19.432	11.636	9.9855	
7	11	-17.052	9.81	17.5431	
7	14	-12.292	6.157	10.9652	
9	21	-22.204	10.488	17.3661	
9	23	-19.824	8.662	47.8456	
9	25	-20.215	5.687	12.3712	
10085	8	12:59:46:816:694:850	133.778
1	12	-3.555	-7.097	10.0231	
2	3	1.597	-7.775	27.0003	
2	5	1.988	-4.801	11.2132	
2	7	-0.783	-5.949	7.97035	
2	9	-1.175	-8.923	14.3356	
2	13	3.977	-9.601	26.221	
2	15	4.369	-6.627	26.2682	
2	17	4.76	-3.653	10.7461	
10097	5	12:59:46:945:976:650	71.4443
11	3	4.791	-23.325	13.7637	
11	5	5.182	-20.351	19.9479	
11	15	7.562	-22.177	20.8798	
11	17	7.954	-19.202	7.16199	
11	27	10.334	-21.029	9.69091	
10106	8	12:59:47:033:458:520	277.447
5	12	-15.425	-17.638	13.3739	
5	14	-15.033	-14.663	46.1663	
5	16	-14.641	-11.689	15.2286	
5	18	-14.25	-8.715	9.85363	
5	26	-12.261	-13.515	49.5987	
6	5	-9.881	-15.341	17.5741	
6	7	-12.653	-16.49	101.119	
6	9	-13.044	-19.464	24.5329	
10115	6	12:59:47:112:913:140	196.662
3	17	7.501	17.168	51.6896	
3	19	7.893	20.142	47.9972	
3	27	9.881	15.341	22.318	
3	29	10.273	18.316	21.3463	
8	22	5.513	21.968	13.11	
8	24	5.121	18.994	40.201	
10120	8	12:59:47:138:772:490	154.036
15	4	-23.801	18.263	13.2169	
15	13	-23.409	21.237	24.4022	
15	14	-21.421	16.437	11.5773	
15	15	-23.017	24.212	21.8617	
15	16	-21.029	19.411	27.8714	
15	18	-20.637	22.385	29.0744	
15	20	-17.866	23.533	9.50389	
15	27	-20.246	25.36	16.5286	
10123	4	12:59:47:169:067:720	92.5033
1	17	-4.369	6.627	10.5636	
1	25	0.783	5.949	36.4583	
1	27	-1.988	4.801	10.0807	
1	29	-1.597	7.775	35.4007	
10125	20	12:59:47:176:502:350	567
14	3	16.208	23.586	46.3322	
14	5	16.599	26.561	73.2979	
14	7	13.828	25.413	13.6607	
14	9	13.436	22.438	7.38541	
14	13	18.588	21.76	61.4032	
14	15	18.979	24.734	59.8033	
14	16	20.968	19.934	32.642	
14	17	19.371	27.709	32.7189	
14	18	21.359	22.908	17.0384	
14	19	19.762	30.683	8.33207	
14	27	21.751	25.882	7.0806	
16	5	7.471	36.84	7.32093	
16	15	9.851	35.014	14.7612	
16	16	11.839	30.213	10.0773	
16	18	12.231	33.187	33.761	
16	20	15.002	34.336	28.569	
16	22	17.382	32.509	8.47776	
16	24	16.991	29.535	26.3583	
16	26	14.219	28.387	21.7886	
16	28	14.611	31.361	56.191	
10127	4	12:59:47:198:107:060	173.541
2	23	10.303	-1.356	35.9011	
2	25	9.912	-4.331	43.3477	
2	27	7.14	-5.479	55.1852	
2	29	7.532	-2.505	39.107	
10134	8	12:59:47:294:030:290	241.902
10	2	18.257	-20.559	14.0345	
10	4	18.649	-17.585	27.4504	
10	10	17.866	-23.533	11.8199	
10	12	20.637	-22.385	33.4977	
10	14	21.029	-19.411	63.1222	
22	17	23.017	-24.212	27.1445	
22	19	23.409	-21.237	49.1504	
22	29	25.789	-23.063	15.6828	
10156	9	12:59:47:479:541:760	241.619
2	23	10.303	-1.356	14.5788	
4	3	13.467	2.766	15.5712	
4	4	15.455	-2.035	19.1856	
4	9	10.695	1.618	10.5546	
4	11	13.075	-0.208	29.5306	
4	13	15.847	0.94	74.9486	
4	15	16.238	3.914	8.65461	
4	16	18.227	-0.887	39.1472	
4	18	18.618	2.088	29.4479	
10162	5	12:59:47:548:477:770	65.0615
12	3	28.53	-2.243	8.72823	
12	5	28.922	0.731	12.0365	
12	15	31.302	-1.095	15.9179	
12	17	31.693	1.879	11.6317	
12	19	32.085	4.854	16.7472	
10174	57	12:59:47:695:195:120	1614.56
6	2	-8.676	-26.091	33.0435	
6	4	-8.284	-23.116	22.6777	
6	6	-11.056	-24.264	30.2908	
6	8	-11.448	-27.239	26.2932	
6	9	-13.044	-19.464	22.9026	
6	10	-9.067	-29.065	22.9988	
6	11	-10.664	-21.29	10.2516	
6	12	-6.296	-27.917	51.8131	
6	13	-7.893	-20.142	13.4739	
6	14	-5.904	-24.943	21.657	
6	16	-5.513	-21.968	15.7406	
6	18	-5.121	-18.994	7.3517	
6	26	-3.133	-23.795	18.4642	
11	2	6.388	-31.1	123.124	
11	3	4.791	-23.325	8.04173	
11	4	6.779	-28.125	9.19564	
11	6	4.008	-29.274	46.5406	
11	8	3.616	-32.248	94.0163	
11	9	2.019	-24.473	15.709	
11	10	5.996	-34.074	80.3153	
11	11	4.399	-26.299	26.5481	
11	12	8.768	-32.926	118.495	
11	13	7.171	-25.151	8.26737	
11	14	9.159	-29.952	25.7649	
11	24	14.703	-27.656	10.7514	
11	26	11.931	-28.804	14.1155	
17	12	-16.208	-23.586	10.5664	
17	14	-13.828	-25.413	43.0793	
17	17	-18.979	-24.734	9.05214	
17	19	-18.588	-21.76	16.0012	
17	20	-14.219	-28.387	10.9596	
17	21	-15.816	-20.612	8.11993	
17	22	-11.839	-30.213	20.9088	
17	23	-13.436	-22.438	16.2517	
17	27	-16.599	-26.561	15.5222	
18	3	-7.079	-33.866	9.9953	
18	5	-6.687	-30.891	31.4863	
18	15	-4.307	-32.718	18.4852	
18	17	-3.916	-29.743	52.238	
18	18	-1.927	-34.544	19.4893	
18	19	-3.524	-26.769	30.2496	
18	20	0.844	-33.396	38.37	
18	21	-0.753	-25.621	14.3104	
18	22	3.224	-35.222	27.216	
18	23	1.627	-27.447	35.3378	
18	24	2.833	-38.197	16.5795	
18	25	1.236	-30.422	94.2029	
18	27	-1.536	-31.57	33.2531	
18	28	0.453	-36.37	11.6464	
18	29	-1.144	-28.595	49.9947	
21	13	-28.891	-20.404	10.1111	
21	16	-26.511	-22.23	11.7611	
21	18	-26.119	-19.255	19.1384	
21	22	-20.968	-19.934	14.2633	
21	26	-24.131	-24.056	9.71983	
21	28	-23.739	-21.082	21.7328	
22	9	17.083	-29.482	16.6746	
10180	5	12:59:47:744:714:010	103.131
1	3	-7.532	2.505	27.0946	
1	5	-7.14	5.479	12.4907	
1	7	-9.912	4.331	38.6064	
1	15	-4.76	3.653	8.109	
7	26	-9.52	7.305	16.8304	
10184	6	12:59:47:814:805:660	95.2222
8	3	-4.791	23.325	13.8166	
8	5	-4.399	26.299	11.7708	
8	15	-2.019	24.473	28.035	
8	17	-1.627	27.447	10.3016	
8	25	3.524	26.769	16.7371	
8	27	0.753	25.621	14.5611	
10187	5	12:59:47:843:647:300	119.132
2	23	10.303	-1.356	12.3631	
4	2	15.064	-5.009	29.0772	
4	6	12.683	-3.183	48.4891	
4	12	17.444	-6.835	13.4223	
10	19	20.215	-5.687	15.7807	
10189	19	12:59:47:849:697:820	584.505
7	19	-13.106	19.881	17.7536	
7	21	-10.334	21.029	18.2366	
7	23	-7.954	19.202	8.64063	
15	3	-25.789	23.063	34.9391	
15	5	-25.398	26.038	34.7486	
15	7	-28.169	24.89	45.7692	
15	9	-28.561	21.915	11.0484	
15	11	-26.181	20.089	7.95463	
15	13	-23.409	21.237	27.2122	
15	15	-23.017	24.212	90.2781	
15	16	-21.029	19.411	10.043	
15	18	-20.637	22.385	74.5747	
15	20	-17.866	23.533	48.3408	
15	22	-15.486	21.707	50.3892	
15	24	-15.877	18.733	8.50615	
15	25	-17.474	26.508	12.0836	
15	27	-20.246	25.36	28.6129	
15	28	-18.257	20.559	31.7641	
19	10	-12.714	22.855	23.6097	
10197	44	12:59:47:914:911:810	1054.41
1	3	-7.532	2.505	71.7912	
1	4	-5.543	-2.296	9.04838	
1	5	-7.14	5.479	12.0187	
1	7	-9.912	4.331	59.3917	
1	9	-10.303	1.356	32.1486	
1	11	-7.923	-0.47	18.9911	
1	13	-5.152	0.678	71.9911	
1	14	-3.163	-4.122	8.75423	
1	16	-2.772	-1.148	61.8183	
1	18	-2.38	1.826	10.5853	
1	28	0	0	10.9774	
2	5	1.988	-4.801	70.3691	
2	7	-0.783	-5.949	18.1405	
2	13	3.977	-9.601	7.59859	
2	15	4.369	-6.627	60.7537	
2	16	6.357	-11.428	12.7434	
2	17	4.76	-3.653	25.7907	
2	18	6.749	-8.453	45.7907	
2	19	5.152	-0.678	7.97066	
2	20	9.52	-7.305	10.979	
2	22	11.9	-9.131	12.0143	
2	24	11.509	-12.106	10.9614	
2	25	9.912	-4.331	7.00335	
2	27	7.14	-5.479	18.3162	
2	28	9.129	-10.279	32.1248	
7	2	-15.064	5.009	31.8299	
7	4	-14.672	7.983	45.7189	
7	6	-17.444	6.835	18.077	
7	11	-17.052	9.81	12.9042	
7	12	-12.683	3.183	18.0998	
7	14	-12.292	6.157	35.7939	
7	16	-11.9	9.131	10.3757	
7	26	-9.52	7.305	9.06017	
9	23	-19.824	8.662	17.1288	
10	3	16.66	-12.784	12.9194	
10	4	18.649	-17.585	12.6588	
10	7	14.28	-10.958	13.1186	
10	9	13.889	-13.932	19.485	
10	11	16.269	-15.758	14.8524	
10	13	19.04	-14.61	17.7455	
10	14	21.029	-19.411	10.349	
10	15	19.432	-11.636	8.1103	
10	16	21.421	-16.437	20.5394	
10	26	23.801	-18.263	17.5729	
10202	18	12:59:47:961:021:630	324.374
1	8	-8.706	-6.418	11.2593	
1	10	-6.326	-8.245	9.03976	
5	3	-19.401	-8.036	33.807	
5	4	-17.413	-12.837	8.68434	
5	9	-22.173	-9.184	13.9273	
5	11	-19.793	-11.011	17.2257	
5	13	-17.021	-9.863	27.5491	
5	15	-16.63	-6.888	13.3059	
5	16	-14.641	-11.689	12.8009	
5	18	-14.25	-8.715	27.1252	
5	20	-11.478	-7.567	11.5626	
5	22	-9.098	-9.393	20.2027	
5	24	-9.49	-12.367	20.2799	
5	28	-11.87	-10.541	41.5635	
6	19	-6.718	-11.219	12.5877	
6	21	-3.946	-10.071	20.1439	
6	23	-1.566	-11.897	9.7326	
6	29	-4.338	-13.045	13.5764	
10209	8	12:59:48:000:335:360	106.779
14	2	17.805	15.811	29.5322	
14	4	18.196	18.786	13.4399	
14	6	15.425	17.638	12.1924	
14	8	15.033	14.663	13.0736	
14	10	17.413	12.837	9.30538	
14	13	18.588	21.76	8.10986	
14	14	20.576	16.959	7.08509	
14	16	20.968	19.934	14.0402	
10210	8	12:59:48:007:165:180	123.191
3	23	13.044	19.464	11.8629	
3	25	12.653	16.49	17.154	
14	5	16.599	26.561	25.8993	
14	7	13.828	25.413	15.2737	
14	8	15.033	14.663	7.45769	
14	9	13.436	22.438	22.7402	
16	24	16.991	29.535	9.72376	
16	26	14.219	28.387	13.0793	
10215	7	12:59:48:065:605:770	84.8429
2	4	3.585	-12.576	12.633	
2	12	5.574	-17.376	10.3305	
2	13	3.977	-9.601	11.8113	
2	14	5.965	-14.402	16.6061	
2	16	6.357	-11.428	9.44714	
2	18	6.749	-8.453	14.5864	
2	27	7.14	-5.479	9.42847	
10220	23	12:59:48:114:104:190	588.413
1	4	-5.543	-2.296	17.0869	
1	6	-8.315	-3.444	19.5562	
1	8	-8.706	-6.418	10.8683	
1	11	-7.923	-0.47	17.7742	
1	16	-2.772	-1.148	19.0974	
1	28	0	0	9.74521	
5	3	-19.401	-8.036	93.3423	
5	5	-19.01	-5.062	17.6361	
5	7	-21.782	-6.21	23.8536	
5	9	-22.173	-9.184	89.354	
5	11	-19.793	-11.011	12.5663	
5	13	-17.021	-9.863	10.8737	
5	15	-16.63	-6.888	63.0799	
5	17	-16.238	-3.914	8.4403	
5	18	-14.25	-8.715	19.8918	
5	20	-11.478	-7.567	11.4894	
5	23	-10.695	-1.618	11.2037	
5	25	-11.087	-4.592	34.2986	
5	27	-13.858	-5.74	44.8521	
9	10	-27.325	-8.506	9.30063	
9	14	-24.162	-4.384	7.35941	
9	26	-21.39	-3.236	7.97078	
21	21	-24.945	-10.332	28.7719	
10223	5	12:59:48:131:480:400	77.083
7	3	-16.66	12.784	8.59165	
7	15	-13.889	13.932	15.7296	
7	17	-13.497	16.906	27.8344	
7	25	-8.346	16.228	9.78945	
7	27	-11.117	15.08	15.1379	
10225	24	12:59:48:153:135:800	826.66
6	2	-8.676	-26.091	144.656	
6	3	-10.273	-18.316	15.1779	
6	4	-8.284	-23.116	105.99	
6	5	-9.881	-15.341	13.2595	
6	6	-11.056	-24.264	22.158	
6	7	-12.653	-16.49	7.30374	
6	10	-9.067	-29.065	44.3345	
6	11	-10.664	-21.29	25.255	
6	12	-6.296	-27.917	107.754	
6	13	-7.893	-20.142	46.6878	
6	14	-5.904	-24.943	65.0964	
6	15	-7.501	-17.168	26.6561	
6	16	-5.513	-21.968	16.3151	
6	17	-7.11	-14.193	9.93048	
6	24	-0.361	-22.647	9.19465	
6	26	-3.133	-23.795	14.1863	
17	12	-16.208	-23.586	12.1719	
17	15	-19.371	-27.709	19.3707	
17	17	-18.979	-24.734	13.7362	
17	21	-15.816	-20.612	23.8642	
17	23	-13.436	-22.438	10.1707	
18	5	-6.687	-30.891	58.6189	
18	17	-3.916	-29.743	7.74018	
18	19	-3.524	-26.769	7.03197	
10226	13	12:59:48:155:583:600	279.557
1	3	-7.532	2.505	18.1015	
1	5	-7.14	5.479	13.3259	
1	7	-9.912	4.331	89.6618	
1	9	-10.303	1.356	17.9236	
1	11	-7.923	-0.47	8.18645	
7	2	-15.064	5.009	30.0597	
7	4	-14.672	7.983	10.4277	
7	10	-15.455	2.035	11.9515	
7	12	-12.683	3.183	20.8559	
7	14	-12.292	6.157	23.2573	
7	16	-11.9	9.131	8.81021	
7	24	-6.749	8.453	10.196	
7	26	-9.52	7.305	16.7997	
10229	4	12:59:48:167:895:360	100.463
9	21	-22.204	10.488	9.46937	
9	23	-19.824	8.662	50.7206	
9	25	-20.215	5.687	21.4499	
9	29	-22.595	7.514	18.8229	
10232	11	12:59:48:184:369:240	192.757
14	2	17.805	15.811	9.32032	
14	4	18.196	18.786	30.2398	
14	6	15.425	17.638	19.7144	
14	8	15.033	14.663	20.2294	
14	11	15.816	20.612	7.7089	
14	13	18.588	21.76	39.0343	
14	15	18.979	24.734	13.2766	
14	18	21.359	22.908	12.3858	
14	23	24.914	30.005	7.78981	
14	27	21.751	25.882	11.443	
14	29	22.143	28.857	21.6146	
10241	11	12:59:48:265:452:820	416.315
5	5	-19.01	-5.062	74.6404	
5	7	-21.782	-6.21	145.965	
5	9	-22.173	-9.184	9.19654	
5	15	-16.63	-6.888	8.45361	
5	17	-16.238	-3.914	9.06551	
5	19	-15.847	-0.94	15.6058	
5	29	-13.467	-2.766	8.07759	
9	14	-24.162	-4.384	7.85239	
9	22	-18.227	0.887	13.4255	
9	24	-18.618	-2.088	76.6506	
9	26	-21.39	-3.236	47.3819	
10248	5	12:59:48:353:107:280	106.233
13	2	26.933	5.532	10.0763	
13	4	27.325	8.506	48.2458	
13	11	24.945	10.332	25.271	
13	13	27.716	11.481	13.6878	
13	14	29.705	6.68	8.95198	
10249	26	12:59:48:365:105:150	596.373
3	5	4.73	16.02	7.69735	
3	7	1.958	14.872	20.2961	
3	17	7.501	17.168	15.5787	
3	19	7.893	20.142	18.3382	
3	27	9.881	15.341	8.23516	
3	29	10.273	18.316	11.6139	
7	3	-16.66	12.784	66.8576	
7	4	-14.672	7.983	8.01609	
7	7	-19.04	14.61	9.03095	
7	9	-19.432	11.636	31.9	
7	11	-17.052	9.81	16.4651	
7	13	-14.28	10.958	27.1089	
7	15	-13.889	13.932	53.6411	
7	16	-11.9	9.131	18.17	
7	18	-11.509	12.106	32.5102	
7	20	-8.737	13.254	28.6418	
7	25	-8.346	16.228	15.408	
7	27	-11.117	15.08	18.9468	
8	2	-3.194	15.55	26.6868	
8	6	-5.574	17.376	22.4302	
8	8	-5.965	14.402	39.049	
8	10	-3.585	12.576	16.2444	
8	14	-0.422	16.698	39.9936	
8	24	5.121	18.994	11.5784	
8	26	2.349	17.846	20.5575	
9	21	-22.204	10.488	11.3766	
10257	8	12:59:48:446:017:890	117.119
18	19	-3.524	-26.769	10.7601	
18	20	0.844	-33.396	14.9721	
18	21	-0.753	-25.621	11.7146	
18	23	1.627	-27.447	8.10354	
18	25	1.236	-30.422	13.708	
18	27	-1.536	-31.57	30.6254	
18	28	0.453	-36.37	7.81342	
18	29	-1.144	-28.595	19.4222	
10265	11	12:59:48:528:863:640	193.36
5	7	-21.782	-6.21	11.0749	
9	2	-26.933	-5.532	23.6823	
9	4	-26.542	-2.557	26.2114	
9	6	-29.313	-3.706	49.0947	
9	8	-29.705	-6.68	18.8406	
9	10	-27.325	-8.506	10.7518	
9	11	-28.922	-0.731	11.6576	
9	12	-24.553	-7.358	7.41766	
9	14	-24.162	-4.384	15.8104	
9	16	-23.77	-1.409	9.00855	
9	26	-21.39	-3.236	9.8102	
10269	4	12:59:48:571:884:420	52.8829
7	21	-10.334	21.029	8.20985	
7	23	-7.954	19.202	24.3685	
8	9	-7.562	22.177	12.833	
8	11	-5.182	20.351	7.47157	
10284	8	12:59:48:718:096:340	255.214
6	3	-10.273	-18.316	114.084	
6	4	-8.284	-23.116	21.5116	
6	5	-9.881	-15.341	11.9616	
6	7	-12.653	-16.49	7.93338	
6	9	-13.044	-19.464	30.7357	
6	11	-10.664	-21.29	23.8911	
6	13	-7.893	-20.142	37.4879	
6	14	-5.904	-24.943	7.60922	
10288	5	12:59:48:768:440:470	73.4545
7	2	-15.064	5.009	11.3225	
7	6	-17.444	6.835	9.45517	
7	8	-17.835	3.861	28.0274	
9	23	-19.824	8.662	10.1683	
9	25	-20.215	5.687	14.4811	
10293	6	12:59:48:796:351:400	107.983
5	24	-9.49	-12.367	37.7165	
5	26	-12.261	-13.515	21.2084	
5	28	-11.87	-10.541	14.7483	
6	5	-9.881	-15.341	13.505	
6	7	-12.653	-16.49	8.14325	
6	19	-6.718	-11.219	12.6612	
10308	14	12:59:48:964:347:070	433.385
7	2	-15.064	5.009	7.94913	
7	6	-17.444	6.835	11.3462	
7	8	-17.835	3.861	24.6799	
9	13	-26.15	0.417	9.22888	
9	14	-24.162	-4.384	10.3173	
9	16	-23.77	-1.409	121.345	
9	18	-23.378	1.565	66.0152	
9	20	-20.607	2.713	41.3765	
9	22	-18.227	0.887	25.5764	
9	24	-18.618	-2.088	9.42002	
9	25	-20.215	5.687	16.1114	
9	26	-21.39	-3.236	17.7129	
9	27	-22.987	4.539	9.24064	
9	28	-20.998	-0.261	63.0649	
10321	6	12:59:49:057:995:720	95.2508
9	17	-25.367	6.366	12.5756	
9	27	-22.987	4.539	17.5149	
20	16	-32.899	8.87	9.45042	
20	18	-32.507	11.844	24.0023	
20	24	-27.747	8.192	15.1597	
20	28	-30.127	10.018	16.5479	
10325	5	12:59:49:163:194:850	69.5153
2	3	1.597	-7.775	21.5081	
2	5	1.988	-4.801	12.0811	
2	7	-0.783	-5.949	17.8536	
2	11	1.205	-10.749	10.3164	
2	13	3.977	-9.601	7.75607	
10336	5	12:59:49:271:548:580	103.033
5	12	-15.425	-17.638	8.21424	
6	3	-10.273	-18.316	20.4	
6	7	-12.653	-16.49	10.8297	
6	9	-13.044	-19.464	47.8331	
6	13	-7.893	-20.142	15.7558	
10345	12	12:59:49:328:783:360	328.136
7	17	-13.497	16.906	17.3679	
7	19	-13.106	19.881	14.5103	
7	21	-10.334	21.029	12.3148	
7	23	-7.954	19.202	17.3783	
7	25	-8.346	16.228	83.2793	
7	27	-11.117	15.08	13.9334	
7	29	-10.726	18.054	107.115	
8	8	-5.965	14.402	10.2499	
15	22	-15.486	21.707	13.5182	
15	24	-15.877	18.733	12.6198	
19	10	-12.714	22.855	15.8089	
19	12	-9.942	24.003	10.0403	
10379	9	12:59:49:646:808:730	147.098
14	3	16.208	23.586	14.4758	
14	9	13.436	22.438	15.4235	
14	11	15.816	20.612	9.49217	
14	13	18.588	21.76	51.0357	
14	15	18.979	24.734	8.50038	
14	16	20.968	19.934	9.44643	
14	18	21.359	22.908	20.4964	
14	28	23.739	21.082	8.79828	
16	12	11.056	24.264	9.4293	
10385	48	12:59:49:737:952:910	960.25
10	2	18.257	-20.559	22.4831	
10	3	16.66	-12.784	16.2664	
10	4	18.649	-17.585	68.8668	
10	6	15.877	-18.733	25.3377	
10	7	14.28	-10.958	7.35682	
10	9	13.889	-13.932	10.7775	
10	10	17.866	-23.533	8.74804	
10	11	16.269	-15.758	28.7221	
10	12	20.637	-22.385	12.4736	
10	13	19.04	-14.61	50.4275	
10	14	21.029	-19.411	19.6052	
10	16	21.421	-16.437	107.241	
10	18	21.812	-13.462	8.04339	
10	20	24.584	-12.314	14.8682	
10	22	26.964	-14.14	19.6397	
10	23	25.367	-6.366	15.6541	
10	24	26.572	-17.115	12.4289	
10	26	23.801	-18.263	20.4061	
10	28	24.192	-15.289	28.4686	
10	29	22.595	-7.514	9.64437	
11	16	9.551	-26.977	8.30263	
11	17	7.954	-19.202	11.7508	
11	18	9.942	-24.003	8.62294	
11	20	12.714	-22.855	24.4867	
11	21	11.117	-15.08	9.37798	
11	22	15.094	-24.681	31.287	
11	23	13.497	-16.906	18.8504	
11	24	14.703	-27.656	33.7823	
11	25	13.106	-19.881	11.6422	
11	26	11.931	-28.804	16.7144	
11	28	12.322	-25.829	37.3015	
11	29	10.726	-18.054	18.6143	
12	2	30.127	-10.018	21.1599	
12	4	30.519	-7.044	9.15277	
12	6	27.747	-8.192	20.9091	
12	8	27.355	-11.166	22.1194	
12	10	29.735	-12.992	13.9932	
12	11	28.139	-5.217	8.29924	
12	12	32.507	-11.844	7.55862	
12	14	32.899	-8.87	11.1435	
22	3	19.854	-28.334	8.28224	
22	5	20.246	-25.36	20.3482	
22	7	17.474	-26.508	29.6558	
22	9	17.083	-29.482	8.05492	
22	13	22.234	-30.16	9.54102	
22	15	22.626	-27.186	15.8905	
22	17	23.017	-24.212	7.17226	
22	19	23.409	-21.237	8.77625	
10395	6	12:59:49:868:727:470	75.1749
3	23	13.044	19.464	19.2392	
3	29	10.273	18.316	9.11742	
14	3	16.208	23.586	7.1661	
14	6	15.425	17.638	8.06147	
14	11	15.816	20.612	18.3713	
14	13	18.588	21.76	13.2194	
10403	11	12:59:49:953:911:100	196.457
7	2	-15.064	5.009	34.5019	
7	6	-17.444	6.835	8.20517	
7	8	-17.835	3.861	19.2976	
7	10	-15.455	2.035	16.1697	
7	12	-12.683	3.183	38.3675	
7	14	-12.292	6.157	12.0477	
9	17	-25.367	6.366	9.58891	
9	20	-20.607	2.713	10.3919	
9	25	-20.215	5.687	25.4138	
9	27	-22.987	4.539	14.7971	
9	29	-22.595	7.514	7.67567	
10407	4	12:59:49:987:085:960	66.8707
5	9	-22.173	-9.184	7.2664	
5	11	-19.793	-11.011	20.4379	
21	19	-27.716	-11.481	11.7503	
21	21	-24.945	-10.332	27.4162	
10414	6	12:59:50:066:110:390	83.9698
2	16	6.357	-11.428	8.69952	
2	17	4.76	-3.653	9.57076	
2	18	6.749	-8.453	18.8158	
2	20	9.52	-7.305	16.9741	
2	25	9.912	-4.331	12.9114	
2	27	7.14	-5.479	16.9983	
10415	13	12:59:50:073:943:180	313.53
8	16	-0.031	19.672	9.7791	
8	22	5.513	21.968	27.1401	
8	24	5.121	18.994	13.0985	
8	28	2.741	20.82	19.8756	
16	2	8.676	26.091	76.1325	
16	4	9.067	29.065	11.608	
16	8	5.904	24.943	21.2609	
16	10	8.284	23.116	57.7857	
16	12	11.056	24.264	12.9653	
16	14	11.448	27.239	33.3983	
16	16	11.839	30.213	8.75679	
16	26	14.219	28.387	14.0711	
16	28	14.611	31.361	7.65806	
10419	7	12:59:50:100:245:140	129.151
4	2	15.064	-5.009	21.8674	
4	4	15.455	-2.035	8.83944	
4	8	12.292	-6.157	8.70317	
4	12	17.444	-6.835	27.905	
4	14	17.835	-3.861	40.9251	
10	17	19.824	-8.662	11.5336	
10	19	20.215	-5.687	9.37742	
10427	12	12:59:50:152:215:390	238.003
10	20	24.584	-12.314	12.5214	
10	21	22.987	-4.539	17.4313	
10	22	26.964	-14.14	36.233	
10	23	25.367	-6.366	30.3969	
10	24	26.572	-17.115	14.6739	
10	25	24.975	-9.34	26.5243	
10	28	24.192	-15.289	18.0814	
10	29	22.595	-7.514	11.2014	
12	6	27.747	-8.192	14.2041	
12	8	27.355	-11.166	29.4126	
12	9	25.758	-3.391	14.0068	
12	10	29.735	-12.992	13.3161	
10430	10	12:59:50:168:580:410	174.347
6	16	-5.513	-21.968	7.69797	
6	18	-5.121	-18.994	14.1754	
6	20	-2.349	-17.846	16.8945	
6	22	0.031	-19.672	24.7363	
6	24	-0.361	-22.647	40.571	
6	26	-3.133	-23.795	8.95787	
6	28	-2.741	-20.82	26.8607	
18	21	-0.753	-25.621	9.99534	
18	23	1.627	-27.447	16.8744	
18	25	1.236	-30.422	7.58383	
10434	4	12:59:50:218:396:090	65.9777
8	2	-3.194	15.55	33.0664	
8	6	-5.574	17.376	11.6663	
8	10	-3.585	12.576	11.6973	
8	14	-0.422	16.698	9.54773	
10437	13	12:59:50:252:056:810	489.977
2	2	3.194	-15.55	9.76746	
2	4	3.585	-12.576	10.0054	
2	6	0.814	-13.724	109.918	
2	8	0.422	-16.698	58.7536	
2	9	-1.175	-8.923	74.3785	
2	10	2.802	-18.524	7.76931	
2	11	1.205	-10.749	31.5929	
6	20	-2.349	-17.846	21.2851	
6	21	-3.946	-10.071	15.6827	
6	22	0.031	-19.672	17.9603	
6	23	-1.566	-11.897	104.952	
6	24	-0.361	-22.647	10.6257	
6	25	-1.958	-14.872	17.2859	
10447	5	12:59:50:328:350:270	68.872
10	2	18.257	-20.559	13.057	
10	4	18.649	-17.585	24.3201	
10	6	15.877	-18.733	7.29306	
10	14	21.029	-19.411	11.506	
10	16	21.421	-16.437	12.6959	
10456	5	12:59:50:400:325:920	107.697
3	3	4.338	13.045	34.428	
3	4	6.326	8.245	8.68473	
3	7	1.958	14.872	35.4697	
3	9	1.566	11.897	12.1534	
3	11	3.946	10.071	16.9609	
10462	47	12:59:50:454:402:750	1858.2
2	14	5.965	-14.402	8.22941	
2	22	11.9	-9.131	23.6901	
2	24	11.509	-12.106	29.168	
2	26	8.737	-13.254	18.363	
2	28	9.129	-10.279	20.6143	
4	2	15.064	-5.009	10.3386	
4	10	14.672	-7.983	21.6509	
10	2	18.257	-20.559	27.1264	
10	3	16.66	-12.784	135.037	
10	4	18.649	-17.585	93.709	
10	5	17.052	-9.81	27.2755	
10	6	15.877	-18.733	43.7959	
10	7	14.28	-10.958	26.6929	
10	8	15.486	-21.707	33.1585	
10	9	13.889	-13.932	48.9261	
10	10	17.866	-23.533	8.18042	
10	11	16.269	-15.758	122.389	
10	12	20.637	-22.385	18.2745	
10	13	19.04	-14.61	328.613	
10	14	21.029	-19.411	51.5841	
10	15	19.432	-11.636	103.545	
10	16	21.421	-16.437	71.8879	
10	17	19.824	-8.662	22.0155	
10	18	21.812	-13.462	140.184	
10	19	20.215	-5.687	8.4023	
10	20	24.584	-12.314	37.8316	
10	21	22.987	-4.539	14.7933	
10	22	26.964	-14.14	24.6955	
10	23	25.367	-6.366	14.5801	
10	24	26.572	-17.115	11.8758	
10	25	24.975	-9.34	9.40669	
10	26	23.801	-18.263	16.9658	
10	27	22.204	-10.488	24.5361	
10	28	24.192	-15.289	18.3773	
10	29	22.595	-7.514	10.0575	
11	20	12.714	-22.855	12.874	
11	21	11.117	-15.08	35.0705	
11	22	15.094	-24.681	7.7219	
11	23	13.497	-16.906	50.463	
11	25	13.106	-19.881	25.0338	
11	29	10.726	-18.054	10.2192	
12	2	30.127	-10.018	18.2221	
12	6	27.747	-8.192	8.27543	
12	8	27.355	-11.166	28.3854	
12	9	25.758	-3.391	8.34821	
22	19	23.409	-21.237	17.8091	
22	21	26.181	-20.089	9.80948	
10475	10	12:59:50:552:759:530	174.97
8	23	3.916	29.743	13.3364	
8	25	3.524	26.769	7.8531	
16	2	8.676	26.091	11.6609	
16	6	6.296	27.917	39.5841	
16	7	4.699	35.692	14.8811	
16	8	5.904	24.943	20.6977	
16	9	4.307	32.718	9.31352	
16	10	8.284	23.116	30.9061	
16	11	6.687	30.891	17.5358	
16	12	11.056	24.264	9.20118	
10493	4	12:59:50:733:307:920	96.4309
3	13	6.718	11.219	7.47244	
3	16	9.098	9.393	13.5486	
3	18	9.49	12.367	60.0121	
3	27	9.881	15.341	15.3977	
10500	10	12:59:50:770:661:500	200.172
10	15	19.432	-11.636	8.86329	
10	17	19.824	-8.662	16.9611	
10	18	21.812	-13.462	9.31759	
10	19	20.215	-5.687	14.188	
10	20	24.584	-12.314	15.3732	
10	23	25.367	-6.366	18.1601	
10	25	24.975	-9.34	31.6436	
10	27	22.204	-10.488	25.7959	
10	28	24.192	-15.289	11.3934	
10	29	22.595	-7.514	48.476	
10506	14	12:59:50:844:415:460	508.969
13	2	26.933	5.532	9.11061	
13	3	25.336	13.307	9.52649	
13	4	27.325	8.506	32.3814	
13	6	24.553	7.358	8.61053	
13	9	22.565	12.159	14.6445	
13	11	24.945	10.332	98.2717	
13	13	27.716	11.481	115.369	
13	15	28.108	14.455	8.31156	
13	16	30.096	9.654	67.684	
13	18	30.488	12.629	48.123	
13	20	33.26	13.777	9.60106	
13	22	35.64	11.95	30.332	
13	24	35.248	8.976	9.09993	
13	28	32.868	10.802	47.9028	
10513	7	12:59:50:903:775:140	157.792
10	20	24.584	-12.314	42.8223	
10	22	26.964	-14.14	25.927	
10	24	26.572	-17.115	32.4714	
10	25	24.975	-9.34	11.6464	
10	27	22.204	-10.488	16.0774	
10	28	24.192	-15.289	14.9445	
10	29	22.595	-7.514	13.9025	
10525	7	12:59:51:086:969:830	120.252
6	24	-0.361	-22.647	29.3728	
11	3	4.791	-23.325	16.8567	
11	5	5.182	-20.351	15.9715	
11	7	2.411	-21.499	16.4948	
11	15	7.562	-22.177	22.7619	
11	18	9.942	-24.003	7.42449	
11	27	10.334	-21.029	11.3699	
10529	10	12:59:51:109:489:790	226.755
2	22	11.9	-9.131	13.8418	
2	24	11.509	-12.106	54.9632	
2	26	8.737	-13.254	10.412	
2	28	9.129	-10.279	11.8593	
4	10	14.672	-7.983	17.7246	
4	12	17.444	-6.835	15.1796	
10	5	17.052	-9.81	26.0468	
10	7	14.28	-10.958	57.9431	
10	9	13.889	-13.932	8.0503	
11	21	11.117	-15.08	10.7343	
10556	5	12:59:51:344:106:420	54.5115
11	2	6.388	-31.1	15.0194	
11	4	6.779	-28.125	10.1729	
11	6	4.008	-29.274	10.8517	
11	12	8.768	-32.926	7.17716	
11	14	9.159	-29.952	11.2903	
10558	4	12:59:51:367:574:060	103.115
6	9	-13.044	-19.464	19.9205	
17	12	-16.208	-23.586	11.6866	
17	19	-18.588	-21.76	42.8023	
17	21	-15.816	-20.612	28.7057	
10563	6	12:59:51:442:365:460	99.6185
11	2	6.388	-31.1	22.8984	
11	4	6.779	-28.125	10.3506	
11	6	4.008	-29.274	17.8154	
11	8	3.616	-32.248	11.4367	
11	12	8.768	-32.926	16.5219	
11	14	9.159	-29.952	20.5954	
10564	6	12:59:51:444:383:840	72.1677
5	24	-9.49	-12.367	9.6261	
6	19	-6.718	-11.219	16.6673	
6	21	-3.946	-10.071	15.6141	
6	23	-1.566	-11.897	15.0665	
6	25	-1.958	-14.872	7.8884	
6	29	-4.338	-13.045	7.30541	
10568	15	12:59:51:473:361:870	413.903
5	5	-19.01	-5.062	16.9255	
5	17	-16.238	-3.914	9.53442	
5	19	-15.847	-0.94	25.762	
5	21	-13.075	0.208	9.31747	
7	2	-15.064	5.009	11.8903	
7	6	-17.444	6.835	13.2372	
7	8	-17.835	3.861	127.529	
7	10	-15.455	2.035	20.6168	
7	12	-12.683	3.183	7.98272	
9	18	-23.378	1.565	8.43146	
9	20	-20.607	2.713	23.8122	
9	22	-18.227	0.887	97.1993	
9	24	-18.618	-2.088	22.4209	
9	25	-20.215	5.687	11.9876	
9	26	-21.39	-3.236	7.25546	
10571	10	12:59:51:522:855:410	198.468
9	10	-27.325	-8.506	9.16871	
9	12	-24.553	-7.358	11.9875	
21	13	-28.891	-20.404	16.9939	
21	15	-28.5	-17.429	22.9816	
21	16	-26.511	-22.23	27.9934	
21	17	-28.108	-14.455	21.3778	
21	18	-26.119	-19.255	22.2517	
21	21	-24.945	-10.332	21.6919	
21	27	-25.728	-16.281	20.0012	
21	29	-25.336	-13.307	24.0201	
10573	5	12:59:51:572:084:760	64.9996
3	13	6.718	11.219	12.1806	
3	16	9.098	9.393	14.588	
3	18	9.49	12.367	13.7448	
3	20	12.261	13.515	8.91234	
3	28	11.87	10.541	15.5739	
10574	32	12:59:51:589:088:470	1624.42
4	2	15.064	-5.009	17.7864	
4	6	12.683	-3.183	10.4744	
4	10	14.672	-7.983	21.9501	
4	12	17.444	-6.835	158.202	
4	14	17.835	-3.861	7.14564	
4	24	23.378	-1.565	18.1735	
4	26	20.607	-2.713	17.8382	
10	3	16.66	-12.784	9.50547	
10	5	17.052	-9.81	68.7628	
10	7	14.28	-10.958	7.55214	
10	15	19.432	-11.636	7.48281	
10	17	19.824	-8.662	205.024	
10	19	20.215	-5.687	156.747	
10	21	22.987	-4.539	165.199	
10	23	25.367	-6.366	111.006	
10	25	24.975	-9.34	17.5336	
10	27	22.204	-10.488	16.4974	
10	29	22.595	-7.514	179.759	
12	3	28.53	-2.243	68.8389	
12	4	30.519	-7.044	11.5586	
12	5	28.922	0.731	9.32093	
12	6	27.747	-8.192	9.08709	
12	9	25.758	-3.391	95.0186	
12	11	28.139	-5.217	68.5153	
12	13	30.91	-4.069	44.9701	
12	15	31.302	-1.095	32.2926	
12	16	33.29	-5.896	7.5116	
12	17	31.693	1.879	8.05008	
12	18	33.682	-2.921	28.8881	
12	20	36.453	-1.773	12.0802	
12	27	34.073	0.053	22.6282	
12	28	36.062	-4.748	9.02119	
10579	8	12:59:51:669:893:450	111.866
6	24	-0.361	-22.647	19.2122	
11	11	4.399	-26.299	8.30662	
11	13	7.171	-25.151	24.4068	
11	15	7.562	-22.177	8.91068	
11	18	9.942	-24.003	16.5151	
11	27	10.334	-21.029	9.72741	
18	21	-0.753	-25.621	16.9061	
18	23	1.627	-27.447	7.88109	
10592	8	12:59:51:782:309:610	164.222
2	20	9.52	-7.305	8.45091	
2	25	9.912	-4.331	9.19397	
4	2	15.064	-5.009	25.2343	
4	6	12.683	-3.183	20.5899	
4	8	12.292	-6.157	36.0868	
4	10	14.672	-7.983	22.2866	
4	12	17.444	-6.835	21.1181	
10	5	17.052	-9.81	21.261	
10594	4	12:59:51:790:857:530	64.1526
4	20	21.39	3.236	9.15328	
4	24	23.378	-1.565	17.0077	
4	26	20.607	-2.713	7.23912	
4	28	20.998	0.261	30.7526	
10603	9	12:59:51:907:686:620	224.616
10	15	19.432	-11.636	11.4674	
10	18	21.812	-13.462	17.9184	
10	20	24.584	-12.314	42.8817	
10	22	26.964	-14.14	63.3268	
10	24	26.572	-17.115	11.2576	
10	25	24.975	-9.34	8.03088	
10	26	23.801	-18.263	7.28549	
10	27	22.204	-10.488	33.5946	
10	28	24.192	-15.289	28.8533	
10606	4	12:59:51:941:358:970	62.3959
6	9	-13.044	-19.464	27.1571	
17	19	-18.588	-21.76	14.3036	
17	21	-15.816	-20.612	13.6095	
17	23	-13.436	-22.438	7.32573	
10612	6	12:59:52:033:324:370	180.675
6	3	-10.273	-18.316	34.4884	
6	7	-12.653	-16.49	8.31115	
6	9	-13.044	-19.464	81.0737	
6	15	-7.501	-17.168	33.6949	
6	27	-4.73	-16.02	11.8992	
17	21	-15.816	-20.612	11.2078	
10622	4	12:59:52:120:020:590	49.643
10	2	18.257	-20.559	9.98473	
10	6	15.877	-18.733	15.2628	
10	11	16.269	-15.758	16.4842	
11	23	13.497	-16.906	7.9113	
10630	8	12:59:52:195:861:480	148.108
4	12	17.444	-6.835	12.9072	
4	14	17.835	-3.861	7.38497	
10	5	17.052	-9.81	31.2206	
10	15	19.432	-11.636	18.6521	
10	17	19.824	-8.662	29.9873	
10	19	20.215	-5.687	31.1551	
10	21	22.987	-4.539	8.58209	
10	27	22.204	-10.488	8.21869	
10640	5	12:59:52:319:111:660	75.9444
6	24	-0.361	-22.647	10.4111	
11	3	4.791	-23.325	9.85885	
11	7	2.411	-21.499	22.5443	
11	9	2.019	-24.473	20.6012	
11	11	4.399	-26.299	12.5289	
10641	9	12:59:52:319:922:890	249.73
13	3	25.336	13.307	27.6306	
13	4	27.325	8.506	13.3917	
13	5	25.728	16.281	10.7474	
13	11	24.945	10.332	23.3571	
13	13	27.716	11.481	69.5628	
13	15	28.108	14.455	42.7559	
13	17	28.5	17.429	35.5649	
13	19	28.891	20.404	15.7552	
13	27	30.88	15.603	10.9639	
10649	5	12:59:52:379:221:500	60.7958
11	3	4.791	-23.325	22.5787	
11	5	5.182	-20.351	7.75382	
11	15	7.562	-22.177	14.7923	
11	18	9.942	-24.003	8.38909	
11	27	10.334	-21.029	7.28187	
10659	7	12:59:52:466:595:070	122.264
7	3	-16.66	12.784	7.77484	
7	4	-14.672	7.983	28.5658	
7	6	-17.444	6.835	20.4168	
7	11	-17.052	9.81	12.3815	
7	13	-14.28	10.958	36.3521	
7	14	-12.292	6.157	8.55562	
7	18	-11.509	12.106	8.21723	
10661	28	12:59:52:472:915:450	791.695
1	3	-7.532	2.505	67.6789	
1	7	-9.912	4.331	8.96618	
1	9	-10.303	1.356	91.7515	
1	11	-7.923	-0.47	12.9066	
1	13	-5.152	0.678	10.7496	
1	15	-4.76	3.653	17.5875	
1	17	-4.369	6.627	10.632	
1	18	-2.38	1.826	7.9691	
5	5	-19.01	-5.062	8.88353	
5	17	-16.238	-3.914	10.0815	
5	19	-15.847	-0.94	91.7241	
5	21	-13.075	0.208	84.0324	
5	29	-13.467	-2.766	14.218	
7	8	-17.835	3.861	8.36885	
7	10	-15.455	2.035	19.7339	
9	2	-26.933	-5.532	26.1255	
9	4	-26.542	-2.557	25.4771	
9	6	-29.313	-3.706	25.3122	
9	8	-29.705	-6.68	14.6645	
9	11	-28.922	-0.731	9.70321	
9	12	-24.553	-7.358	7.38454	
9	14	-24.162	-4.384	27.5362	
9	16	-23.77	-1.409	19.7596	
9	20	-20.607	2.713	11.8583	
9	22	-18.227	0.887	31.4961	
9	24	-18.618	-2.088	62.6818	
9	26	-21.39	-3.236	34.3357	
9	28	-20.998	-0.261	30.0771	
10662	5	12:59:52:473:617:080	123.034
1	24	2.38	-1.826	11.5865	
2	3	1.597	-7.775	7.62979	
2	5	1.988	-4.801	63.6689	
2	7	-0.783	-5.949	27.5136	
2	9	-1.175	-8.923	12.6353	
10664	8	12:59:52:505:502:660	132.278
19	4	-11.931	28.804	13.2688	
19	14	-9.551	26.977	10.4387	
19	16	-9.159	29.952	20.9607	
19	20	-5.996	34.074	7.90151	
19	22	-3.616	32.248	12.1398	
19	24	-4.008	29.274	18.918	
19	26	-6.779	28.125	17.9967	
19	28	-6.388	31.1	30.6541	
10667	9	12:59:52:591:229:860	248.573
8	20	3.133	23.795	8.94193	
8	23	3.916	29.743	17.199	
8	25	3.524	26.769	12.6135	
16	2	8.676	26.091	72.7654	
16	4	9.067	29.065	26.2458	
16	6	6.296	27.917	50.696	
16	8	5.904	24.943	16.4737	
16	10	8.284	23.116	9.17751	
16	14	11.448	27.239	34.4597	
10670	11	12:59:52:611:517:090	151.557
15	13	-23.409	21.237	8.31894	
15	14	-21.421	16.437	7.68641	
15	16	-21.029	19.411	17.4001	
15	18	-20.637	22.385	9.46045	
15	20	-17.866	23.533	15.2923	
15	22	-15.486	21.707	11.9089	
15	24	-15.877	18.733	13.4913	
15	25	-17.474	26.508	10.75	
15	28	-18.257	20.559	28.4375	
19	6	-14.703	27.656	9.89294	
19	8	-15.094	24.681	18.9179	
10673	24	12:59:52:635:966:800	476.989
2	12	5.574	-17.376	43.0323	
2	14	5.965	-14.402	26.4552	
2	20	9.52	-7.305	7.98142	
2	22	11.9	-9.131	19.8997	
2	24	11.509	-12.106	22.0165	
2	25	9.912	-4.331	7.86632	
2	26	8.737	-13.254	30.4099	
2	28	9.129	-10.279	22.7071	
4	4	15.455	-2.035	19.8553	
4	6	12.683	-3.183	20.9815	
4	8	12.292	-6.157	21.9464	
4	13	15.847	0.94	15.2544	
4	15	16.238	3.914	8.09737	
4	16	18.227	-0.887	7.68843	
11	3	4.791	-23.325	16.0835	
11	5	5.182	-20.351	31.7443	
11	7	2.411	-21.499	27.854	
11	9	2.019	-24.473	25.2691	
11	11	4.399	-26.299	8.22383	
11	17	7.954	-19.202	14.4526	
11	19	8.346	-16.228	19.2107	
18	23	1.627	-27.447	27.0118	
18	27	-1.536	-31.57	13.8894	
18	29	-1.144	-28.595	19.0582	
10674	8	12:59:52:650:225:260	147.488
3	26	11.478	7.567	21.0433	
4	3	13.467	2.766	12.8439	
4	4	15.455	-2.035	17.8798	
4	5	13.858	5.74	19.4016	
4	7	11.087	4.592	37.7552	
4	13	15.847	0.94	16.8349	
4	16	18.227	-0.887	13.5303	
4	17	16.63	6.888	8.19934	
10679	6	12:59:52:701:166:740	85.7364
10	6	15.877	-18.733	13.9094	
10	8	15.486	-21.707	15.968	
10	10	17.866	-23.533	14.6246	
11	23	13.497	-16.906	7.29272	
11	25	13.106	-19.881	21.1732	
11	29	10.726	-18.054	12.7685	
10680	9	12:59:52:709:261:530	167.167
8	3	-4.791	23.325	13.9352	
8	11	-5.182	20.351	8.5589	
8	13	-2.411	21.499	14.5986	
8	15	-2.019	24.473	7.79946	
8	18	0.361	22.647	32.4991	
8	20	3.133	23.795	26.6427	
8	22	5.513	21.968	9.82431	
8	27	0.753	25.621	10.4008	
8	28	2.741	20.82	42.908	
10684	5	12:59:52:738:991:830	125.999
1	3	-7.532	2.505	39.6619	
1	4	-5.543	-2.296	12.8859	
1	11	-7.923	-0.47	21.8674	
1	13	-5.152	0.678	39.6245	
1	16	-2.772	-1.148	11.9589	
10690	7	12:59:52:785:770:920	114.432
7	16	-11.9	9.131	8.21065	
7	22	-6.357	11.428	13.1367	
7	24	-6.749	8.453	36.0706	
7	25	-8.346	16.228	7.27315	
7	26	-9.52	7.305	16.8918	
7	28	-9.129	10.279	18.0688	
8	8	-5.965	14.402	14.7798	
10694	7	12:59:52:815:837:700	143.598
14	3	16.208	23.586	34.5856	
14	7	13.828	25.413	13.6607	
14	9	13.436	22.438	11.1296	
14	11	15.816	20.612	8.97205	
14	13	18.588	21.76	15.3285	
14	15	18.979	24.734	39.7297	
14	17	19.371	27.709	20.1918	
10699	5	12:59:52:881:775:540	132.241
5	3	-19.401	-8.036	18.0862	
5	5	-19.01	-5.062	16.514	
5	13	-17.021	-9.863	46.9248	
5	15	-16.63	-6.888	23.238	
5	16	-14.641	-11.689	27.4777	
10701	4	12:59:52:884:911:420	64.2187
6	22	0.031	-19.672	18.6918	
6	24	-0.361	-22.647	12.8081	
18	21	-0.753	-25.621	23.8843	
18	23	1.627	-27.447	8.83444	
